Feature ID	Taxon	Confidence
ac5402de1ddf427ab8d2b0a8a0a44f19	d__Bacteria; p__Bacteroidota; c__Bacteroidia; o__Bacteroidales; f__Bacteroidaceae; g__Bacteroides	0.9999999984652135
8937656c16c20701c107e715bad86732	d__Bacteria; p__Bacillota; c__Clostridia; o__Lachnospirales; f__Lachnospiraceae; g__Agathobacter	0.9166649624518111
992072d045462445dc239b35300af2cc	d__Bacteria; p__Bacteroidota; c__Bacteroidia; o__Bacteroidales; f__Prevotellaceae; g__Segatella	0.9999910220908245
79280cea51a6fe8a3432b2f266dd34db	d__Bacteria; p__Bacillota; c__Clostridia; o__Oscillospirales; f__Ruminococcaceae; g__Faecalibacterium	0.9997864081303756
eea6b86c0c75e740670ccc50613b1b23	d__Bacteria; p__Bacillota; c__Clostridia; o__Lachnospirales; f__Lachnospiraceae; g__Blautia	0.9937815025791031
c162a4f3943238810eba8a25f0563cca	d__Bacteria; p__Bacteroidota; c__Bacteroidia; o__Bacteroidales; f__Bacteroidaceae; g__Bacteroides	0.9999998566707934
23e5edb47f5a9a45adc62dc95d595ce6	d__Bacteria; p__Bacteroidota; c__Bacteroidia; o__Bacteroidales; f__Prevotellaceae; g__Segatella	0.9999969719007228
ea2b0e4a93c24c6c3661cbe347f93b74	d__Bacteria; p__Bacteroidota; c__Bacteroidia; o__Bacteroidales; f__Bacteroidaceae; g__Bacteroides	0.9999999807573092
b0645cbec7653c887cb868a248d95874	d__Bacteria; p__Bacillota; c__Clostridia; o__Oscillospirales; f__Ruminococcaceae; g__Faecalibacterium	0.99978622653106
40c85a458df8d5a935122ba778d4f334	d__Bacteria; p__Bacteroidota; c__Bacteroidia; o__Bacteroidales; f__Bacteroidaceae; g__Bacteroides	0.999997249181593
25def15fb42bed6855ede4893d27a21d	d__Bacteria; p__Verrucomicrobiota; c__Verrucomicrobiia; o__Verrucomicrobiales; f__Akkermansiaceae; g__Akkermansia	1.0
e2c3ff4f647112723741aa72087f1bfa	d__Bacteria; p__Actinomycetota; c__Actinobacteria; o__Bifidobacteriales; f__Bifidobacteriaceae; g__Bifidobacterium	0.9999997486507685
04195686f2b70585790ec75320de0d6f	d__Bacteria; p__Pseudomonadota; c__Gammaproteobacteria; o__Enterobacterales; f__Enterobacteriaceae; g__Escherichia-Shigella	0.9975686860165099
764bb70efe70ec930379806d178319cb	d__Bacteria; p__Bacteroidota; c__Bacteroidia; o__Bacteroidales; f__Prevotellaceae; g__Segatella	0.9999930997480854
010f0ac2691bc0be12d0633d4b5d2cc4	d__Bacteria; p__Bacillota; c__Clostridia; o__Oscillospirales; f__Ruminococcaceae; g__Faecalibacterium	0.9998992419823624
3d766867c97f511431bf97e059d6498f	d__Bacteria; p__Bacteroidota; c__Bacteroidia; o__Bacteroidales; f__Tannerellaceae; g__Parabacteroides	0.9983449218626151
149e7d5e484d157f2ac6140a2111618e	d__Bacteria; p__Bacillota; c__Clostridia; o__Oscillospirales; f__Ruminococcaceae	0.9999999749338113
c4f9ef34bd2919511069f409c25de6f1	d__Bacteria; p__Bacteroidota; c__Bacteroidia; o__Bacteroidales; f__Bacteroidaceae; g__Bacteroides	0.9999999970912654
59196a586276f0be745d0e334fc071c6	d__Bacteria; p__Bacillota; c__Clostridia; o__Lachnospirales; f__Lachnospiraceae; g__Blautia	0.9646168881312135
217185aee687740c4fa3cc0aa17ee4ff	d__Bacteria; p__Bacillota; c__Bacilli; o__Erysipelotrichales; f__Erysipelatoclostridiaceae; g__Catenibacterium	0.9999998346112159
a66dd8d31584930c2b0f811f572dddcf	d__Bacteria; p__Bacteroidota; c__Bacteroidia; o__Bacteroidales; f__Tannerellaceae; g__Parabacteroides	0.9999999974646414
f7686a74ca2d3729eb66305e8a26309b	d__Bacteria; p__Bacillota; c__Clostridia; o__Lachnospirales; f__Lachnospiraceae; g__Anaerostipes	0.9999995675087601
6c7fa77831ae630967a6fbfc8ee47901	d__Bacteria; p__Bacillota; c__Clostridia; o__Lachnospirales; f__Lachnospiraceae; g__Fusicatenibacter	0.9999497637555816
a4d75555d99fd061545e14eed9b706b7	d__Bacteria; p__Bacillota; c__Negativicutes; o__Veillonellales-Selenomonadales; f__Veillonellaceae; g__Dialister	0.9997698319912947
2a99ec1157a90661db7ff643b82f1914	d__Bacteria; p__Bacteroidota; c__Bacteroidia; o__Bacteroidales; f__Bacteroidaceae; g__Bacteroides	0.9999999903781003
2b982979f2401a8bc447d7141879e9b2	d__Bacteria; p__Bacillota; c__Clostridia; o__Lachnospirales; f__Lachnospiraceae; g__Dorea	0.9818739690751906
5d62137a2d05df0be8d6b7e163a3ef08	d__Bacteria; p__Bacillota; c__Negativicutes; o__Veillonellales-Selenomonadales; f__Veillonellaceae; g__Dialister	0.9999998881387802
ad7bc2bb6e1ec90a9bc3c8949bce80d6	d__Bacteria; p__Bacillota; c__Clostridia; o__Lachnospirales; f__Lachnospiraceae; g__[Ruminococcus]_gnavus_group	0.9997122116805938
60c57911662a9159dfdd0fc05d975a55	d__Bacteria; p__Bacillota; c__Clostridia; o__Oscillospirales; f__Ruminococcaceae	0.9999999999935856
b75d05e361f46e33b39ef21d05334744	d__Bacteria; p__Bacillota; c__Negativicutes; o__Veillonellales-Selenomonadales; f__Veillonellaceae; g__Megasphaera	0.9999999980378504
ad52a0f6646c574417ce0b13b84acfa9	d__Bacteria; p__Bacillota; c__Clostridia; o__Oscillospirales; f__Ruminococcaceae; g__Ruminococcus	0.7404986543258589
f9b52205cb2d03153fd394a290212a10	d__Bacteria; p__Bacteroidota; c__Bacteroidia; o__Bacteroidales; f__Bacteroidaceae; g__Bacteroides	0.9999999801717652
04c8be5a3a6ba2d70446812e99318905	d__Bacteria; p__Bacteroidota; c__Bacteroidia; o__Bacteroidales; f__Bacteroidaceae; g__Bacteroides	0.9999999974211846
959d48a11e3b26c9268f0bd1dae6ec40	d__Bacteria; p__Bacillota; c__Clostridia; o__Lachnospirales; f__Lachnospiraceae; g__Blautia	0.8585893906473903
c942f59feffce9c3ab527135de234101	d__Bacteria; p__Bacillota; c__Clostridia; o__Lachnospirales; f__Lachnospiraceae; g__Roseburia	0.9895481114447825
987998f891b4e30a6a1ba055aebb6d8b	d__Bacteria; p__Bacteroidota; c__Bacteroidia; o__Bacteroidales; f__Prevotellaceae; g__Incertae_Sedis	0.999999712866169
599ba6458e91e2527f358f547ea39261	d__Bacteria; p__Bacillota; c__Clostridia; o__Lachnospirales; f__Lachnospiraceae; g__Blautia	0.9564052982126697
d39f37b814ebd81091a949f8bd9d1710	d__Bacteria; p__Bacteroidota; c__Bacteroidia; o__Bacteroidales; f__Bacteroidaceae; g__Bacteroides	0.9999999402277115
ca9dec36ad0aa5a1473144ddcb74951d	d__Bacteria; p__Bacillota; c__Clostridia; o__Oscillospirales; f__Oscillospiraceae; g__UCG-002	0.9987355101177944
4c1afcf47b47fc2850fae19210e27117	d__Bacteria; p__Bacillota; c__Negativicutes; o__Acidaminococcales; f__Acidaminococcaceae; g__Acidaminococcus	0.9999682129031658
a650f349bbdffb95b3624519d1ba72b8	d__Bacteria; p__Bacillota; c__Bacilli; o__Lactobacillales; f__Streptococcaceae; g__Streptococcus	0.9999998802569011
ee90bebacf6867cd5b4c487cb587ea9a	d__Bacteria; p__Bacillota; c__Negativicutes; o__Veillonellales-Selenomonadales; f__Veillonellaceae; g__Megasphaera	0.9999999733445154
33f9226b33e1f59f71edc044bb947764	d__Bacteria; p__Bacillota; c__Clostridia; o__Lachnospirales; f__Lachnospiraceae; g__Agathobacter	0.7748092835949592
90e1253593cc84acfef1a41b57c0732f	d__Bacteria; p__Bacteroidota; c__Bacteroidia; o__Bacteroidales; f__Prevotellaceae; g__Segatella	0.9999971871625403
447b9d6a5c17543a456c597e65b37139	d__Bacteria; p__Bacillota; c__Clostridia; o__Lachnospirales; f__Lachnospiraceae; g__Anaerobutyricum	0.9999998831551334
e6a34eb113dba66df0b8bbec907a8f5d	d__Bacteria; p__Bacteroidota; c__Bacteroidia; o__Bacteroidales; f__Rikenellaceae; g__Alistipes	0.9999999920468952
d061a99148d649c4eca4836c5f4b5b68	d__Bacteria; p__Bacillota; c__Bacilli; o__Erysipelotrichales; f__Erysipelatoclostridiaceae; g__Erysipelotrichaceae_UCG-003	0.9999994359154015
458157e555a80f9ba01d9da37ef787eb	d__Bacteria; p__Bacillota; c__Clostridia; o__Oscillospirales; f__Oscillospiraceae; g__UCG-002	0.9999748340211535
b1f2146bef78066448576fceeb6b644b	d__Bacteria; p__Bacillota; c__Clostridia; o__Lachnospirales; f__Lachnospiraceae; g__Mediterraneibacter	0.9968331474158016
77ad88eed91eef009bf64f101c96baa6	d__Bacteria; p__Bacillota; c__Clostridia; o__Lachnospirales; f__Lachnospiraceae; g__Roseburia	0.8228466246563584
dd909a4207895b54b1010161215f6af3	d__Bacteria; p__Bacillota; c__Negativicutes; o__Veillonellales-Selenomonadales; f__Veillonellaceae; g__Dialister	0.9976480729772937
c18afe570abfe82d2f746ecc6e291bab	d__Bacteria; p__Pseudomonadota; c__Gammaproteobacteria; o__Enterobacterales; f__Enterobacteriaceae	0.8923651047754101
4c731267e801c2afe253b5cbb58bdd24	d__Bacteria; p__Bacillota; c__Clostridia; o__Lachnospirales; f__Lachnospiraceae; g__Coprococcus	0.9909591557875356
84853bd31e74a04290e47c542c8d293d	d__Bacteria; p__Bacillota; c__Clostridia; o__Oscillospirales; f__[Eubacterium]_coprostanoligenes_group; g__Incertae_Sedis	0.9999791383069523
d75b7080930e7a77ef3de8c6154895b9	d__Bacteria; p__Actinomycetota; c__Actinobacteria; o__Bifidobacteriales; f__Bifidobacteriaceae; g__Bifidobacterium	0.9999891789252753
d05c86b5bfc092d8677507fb1eae8d66	d__Bacteria; p__Bacillota; c__Clostridia; o__Oscillospirales; f__Ruminococcaceae; g__[Eubacterium]_siraeum_group	0.9999999249104717
de61860db8d93da85692dffb5cf32ab9	d__Bacteria; p__Bacillota; c__Negativicutes; o__Acidaminococcales; f__Acidaminococcaceae; g__Phascolarctobacterium	0.9999999538370627
1986030e3c5cd5df6d869054bc96e536	d__Bacteria; p__Pseudomonadota; c__Gammaproteobacteria; o__Enterobacterales; f__Pasteurellaceae; g__Haemophilus	0.8942293357916745
41f1c6e4d1e4cc653df22555bfab5796	d__Bacteria; p__Pseudomonadota; c__Gammaproteobacteria; o__Enterobacterales; f__Enterobacteriaceae	0.8890055317738483
d21d56ecb663533ef8e445035cbf3a5a	d__Bacteria; p__Bacillota; c__Clostridia; o__Oscillospirales; f__Ruminococcaceae; g__Faecalibacterium	0.9996034207081026
e91f1c5b67ffecb5ca3ca3b393a50f00	d__Bacteria; p__Bacillota; c__Clostridia; o__Christensenellales; f__Christensenellaceae; g__Christensenellaceae_R-7_group	0.9984498100896104
0f6200a5b77099113b52eea9a8645181	d__Bacteria; p__Bacillota; c__Bacilli; o__Erysipelotrichales; f__Erysipelotrichaceae; g__Holdemanella	0.9999999999970868
fea3411c847e6627afb5e78b88e2e9af	d__Bacteria; p__Bacillota; c__Clostridia; o__Lachnospirales; f__Lachnospiraceae; g__Mediterraneibacter	0.999585630937568
8720f9ecd2331ce68e2896df1bf2d977	d__Bacteria; p__Actinomycetota; c__Coriobacteriia; o__Coriobacteriales; f__Coriobacteriaceae; g__Collinsella	0.9999999960910202
6c4de756c45fa6e7e5adfe196f9f0039	d__Bacteria; p__Bacillota; c__Clostridia; o__Lachnospirales; f__Lachnospiraceae; g__[Eubacterium]_ruminantium_group	0.9999799218318964
877f27b47c85f6b2d3cf8a6aa86def40	d__Bacteria; p__Bacillota; c__Clostridia; o__Lachnospirales; f__Lachnospiraceae; g__Lachnospiraceae_NK4A136_group	0.8355534827466008
de0551fb4e1582bc1fa068762294f375	d__Bacteria; p__Bacteroidota; c__Bacteroidia; o__Bacteroidales; f__Prevotellaceae; g__Incertae_Sedis	0.9999991088189254
e5a43b018c81cedd19e9a5354d32d469	d__Bacteria; p__Bacteroidota; c__Bacteroidia; o__Bacteroidales; f__Bacteroidaceae; g__Bacteroides	0.9999984944267873
32382a0f5831da5faee464d011b5616c	d__Bacteria; p__Bacillota; c__Clostridia; o__Lachnospirales; f__Lachnospiraceae; g__Roseburia	0.7039318149912247
a24dae6b87885a55d81df1ea6d1abaf5	d__Bacteria; p__Bacillota; c__Clostridia; o__Lachnospirales; f__Lachnospiraceae; g__Lachnospiraceae_NK4A136_group	0.732762232074575
588a23811b3e98af68f4f0fb24a0daa8	d__Bacteria; p__Bacillota; c__Clostridia; o__Lachnospirales; f__Lachnospiraceae; g__Anaerostipes	0.9999990009472571
89aabf43d24dd5bd0fd0f5aca189d341	d__Bacteria; p__Bacillota; c__Clostridia; o__Lachnospirales; f__Lachnospiraceae; g__Dorea	0.9619725650028331
39bb3fb5b2257fd2eacca408dc42c5d1	d__Bacteria; p__Bacillota; c__Clostridia; o__Lachnospirales; f__Lachnospiraceae; g__[Ruminococcus]_gauvreauii_group	0.997659479052266
6a17479edbe461431433bddb084f731e	d__Bacteria; p__Pseudomonadota; c__Gammaproteobacteria; o__Burkholderiales; f__Sutterellaceae; g__Parasutterella	0.9969531310357161
059c8f8bb468064b134ea6d3661761ea	d__Bacteria; p__Bacillota; c__Clostridia; o__Lachnospirales; f__Lachnospiraceae; g__Lachnospira	0.9995342798111855
143dd6319cc76fcc35bc3ae8b5ffbda0	d__Bacteria; p__Bacteroidota; c__Bacteroidia; o__Bacteroidales; f__Prevotellaceae; g__Massiliprevotella	0.9999999993500381
0a58c594f843f7907aa51ed971294ed5	d__Bacteria; p__Bacteroidota; c__Bacteroidia; o__Bacteroidales; f__Prevotellaceae; g__Segatella	0.9999977816123952
a678fc12f8ade13c2f9c76d3d5c1cea0	d__Bacteria; p__Bacillota; c__Negativicutes; o__Acidaminococcales; f__Acidaminococcaceae; g__Phascolarctobacterium	0.9999999847547799
bda6b6e7da7508c68057140e7bd6cd8d	d__Bacteria; p__Bacillota; c__Clostridia; o__Oscillospirales; f__Oscillospiraceae; g__UCG-002	0.9971563337559761
d32627161d829a1488c2a047669cb29f	d__Bacteria; p__Bacillota; c__Clostridia; o__Oscillospirales; f__[Eubacterium]_coprostanoligenes_group; g__Incertae_Sedis	0.999875798367081
ea3af29626a95b6c7b89d631bf1a739c	d__Bacteria; p__Bacillota; c__Clostridia; o__Lachnospirales; f__Lachnospiraceae; g__[Eubacterium]_eligens_group	0.9999981603686489
0cc2420a6a4698f8bf664d50b17d26b4	d__Bacteria; p__Bacteroidota; c__Bacteroidia; o__Bacteroidales; f__Rikenellaceae; g__Alistipes	0.999999952248076
19cb3add28813b2bf3e1f40a000d33c2	d__Bacteria; p__Bacillota; c__Clostridia; o__Oscillospirales; f__Ruminococcaceae; g__Ruminococcus	0.9985076159755484
8a261f382a739bbc5f9494b2c64c2744	d__Bacteria; p__Bacillota; c__Clostridia; o__Lachnospirales; f__Lachnospiraceae; g__Anaerobutyricum	0.999999869028693
1527fd8b14037f53b8edb26b111e1f72	d__Bacteria; p__Bacillota; c__Clostridia; o__Lachnospirales; f__Lachnospiraceae; g__Enterocloster	0.9971659881155216
131d3b899e72f19fcae1b0f9f8f3a009	d__Bacteria; p__Bacteroidota; c__Bacteroidia; o__Bacteroidales; f__Bacteroidaceae; g__Bacteroides	0.9999998739389833
c076fef5e5e52ade435c989a9bd40ffd	d__Bacteria; p__Pseudomonadota; c__Gammaproteobacteria; o__Enterobacterales; f__Succinivibrionaceae; g__Succinivibrio	0.7370640750065793
2ae8a432208b85a14e86eb821c86ce2b	d__Bacteria; p__Bacillota; c__Clostridia; o__Peptostreptococcales-Tissierellales; f__Peptostreptococcaceae; g__Romboutsia	0.9772741284968143
fcc915000295812eecfa7245a74346e9	d__Bacteria; p__Bacteroidota; c__Bacteroidia; o__Bacteroidales; f__Bacteroidaceae; g__Bacteroides	0.9999993917455898
363c1c39d58bce4fc3218659d0944258	d__Bacteria; p__Bacillota; c__Clostridia; o__Lachnospirales; f__Lachnospiraceae; g__Lachnospiraceae_NK4A136_group	0.9388063369710951
98f949633286bc12c8a26a7ee2de2a55	d__Bacteria; p__Bacteroidota; c__Bacteroidia; o__Bacteroidales; f__Bacteroidaceae; g__Bacteroides	0.9999999956400529
686d42b9552375c3b61301ae5605e3a2	d__Bacteria; p__Bacillota; c__Clostridia; o__Lachnospirales; f__Lachnospiraceae; g__Roseburia	0.8452885617541956
53ec261462ed422b85cdec6d0b13c7f8	d__Bacteria; p__Fusobacteriota; c__Fusobacteriia; o__Fusobacteriales; f__Fusobacteriaceae; g__Fusobacterium	0.9965147959950122
dff37b3a4d27b9220b9af1459162a48b	d__Bacteria; p__Verrucomicrobiota; c__Verrucomicrobiia; o__Verrucomicrobiales; f__Akkermansiaceae; g__Akkermansia	0.9999999999988347
4d04d759f5a6615dac43060726239891	d__Bacteria; p__Bacillota; c__Clostridia; o__Lachnospirales; f__Lachnospiraceae; g__[Eubacterium]_eligens_group	0.9999957636380038
2ffcf53c5728bc9a71f862e99bc454f6	d__Bacteria; p__Bacteroidota; c__Bacteroidia; o__Bacteroidales; f__Bacteroidaceae; g__Bacteroides	0.9999999903983792
10cd502b01abafc87e2ecbad86389286	d__Bacteria; p__Bacillota; c__Clostridia; o__Lachnospirales; f__Lachnospiraceae; g__Lachnoclostridium	0.9209476789793895
bad4f7c5ada34a1f813946abcfe5c556	d__Bacteria; p__Bacillota; c__Clostridia; o__Lachnospirales; f__Lachnospiraceae; g__Lachnospiraceae_ND3007_group	0.9999994783027486
a1ca48bbbee4bc3bfe970443a209df26	d__Bacteria; p__Bacillota; c__Clostridia; o__Clostridia_UCG-014; f__Incertae_Sedis; g__Incertae_Sedis	0.9999999997420019
d51cadfe81fe0417523583866304211f	d__Bacteria; p__Bacteroidota; c__Bacteroidia; o__Bacteroidales; f__Prevotellaceae; g__Leyella	0.9999999962477659
7be9bac1b13acbd8acf0de464d7c20e6	d__Bacteria; p__Bacillota; c__Bacilli; o__Lactobacillales; f__Streptococcaceae; g__Streptococcus	0.9999910909439315
5ca5ea401c8d3569e69626d2f81d5578	d__Bacteria; p__Bacillota; c__Clostridia; o__Oscillospirales; f__[Eubacterium]_coprostanoligenes_group; g__Incertae_Sedis	0.9999965879004781
4013dd22760837d8c5a9cb08147505e4	d__Bacteria; p__Bacteroidota; c__Bacteroidia; o__Bacteroidales; f__Prevotellaceae; g__Segatella	0.9999702879577451
e5c67d4a73757253e743eb1cc11aa761	d__Bacteria; p__Bacteroidota; c__Bacteroidia; o__Bacteroidales; f__Bacteroidaceae; g__Bacteroides	0.9999999553151194
3a6b473c6ab84d90e2a6b39f0e9409c4	d__Bacteria; p__Bacteroidota; c__Bacteroidia; o__Bacteroidales; f__Prevotellaceae; g__Leyella	0.9999973901065099
3d133ae309359f8174669de9193a0aff	d__Bacteria; p__Bacteroidota; c__Bacteroidia; o__Bacteroidales; f__Prevotellaceae; g__Segatella	0.999996300459366
9dd9cefe38347b087dd318d82962cc03	d__Bacteria; p__Bacillota; c__Clostridia; o__Oscillospirales; f__Oscillospiraceae; g__UCG-005	0.9755093513739552
552e00cb506f739acaf08aa5641f9d84	d__Bacteria; p__Bacillota; c__Clostridia; o__Lachnospirales; f__Lachnospiraceae; g__Lachnospiraceae_NK4A136_group	0.9452824719979509
44029c828f4966c1a3fb81de8832d1eb	d__Bacteria; p__Bacteroidota; c__Bacteroidia; o__Bacteroidales; f__Prevotellaceae; g__Segatella	0.9999921779787788
081f2f9c691dbb37fac6c9b29ab96a45	d__Bacteria; p__Bacillota; c__Bacilli; o__RF39; f__Incertae_Sedis; g__Incertae_Sedis	0.9999999981281178
cc968157f7691aab95df444e8cd103e2	d__Bacteria; p__Bacillota; c__Clostridia; o__Monoglobales; f__Monoglobaceae; g__Monoglobus	0.9999983669717925
ea3433f2c148c6fae4cc2e9ae197f5b8	d__Bacteria; p__Bacillota; c__Clostridia; o__Peptostreptococcales-Tissierellales; f__Peptostreptococcaceae; g__Intestinibacter	0.9985536080035865
e6a7e83fc34f17917fe958c3f7a32300	d__Bacteria; p__Bacteroidota; c__Bacteroidia; o__Bacteroidales; f__Prevotellaceae; g__Incertae_Sedis	0.9999993012442329
138daeaeee1211d2a3d8502b8fe23b2a	d__Bacteria; p__Bacteroidota; c__Bacteroidia; o__Bacteroidales; f__Muribaculaceae; g__Incertae_Sedis	0.9999718843805474
b153e0852342c0738da791930625716f	d__Bacteria; p__Bacillota; c__Bacilli; o__Erysipelotrichales; f__Erysipelotrichaceae; g__Holdemanella	0.9999999999987637
1a389bf765c8ff0f92600f684fbe7ad7	d__Bacteria; p__Bacillota; c__Clostridia; o__Oscillospirales; f__Ruminococcaceae; g__Faecalibacterium	0.9997684715285355
4311a44a7d56ce4086afad3e75bedd6e	d__Bacteria; p__Bacillota; c__Clostridia; o__Oscillospirales; f__Ruminococcaceae; g__Ruthenibacterium	0.9999971693627986
fd1f139259c53276619476db0cc81913	d__Bacteria; p__Bacillota; c__Clostridia; o__Lachnospirales; f__Lachnospiraceae; g__Blautia	0.8582290997653521
ece1af985b63ebccd2833e9b5f0432e3	d__Bacteria; p__Pseudomonadota; c__Gammaproteobacteria; o__Enterobacterales; f__Enterobacteriaceae	0.8769286134967309
30207d209491dfb7de83344e77fd6fbd	d__Bacteria; p__Bacillota; c__Clostridia; o__Christensenellales; f__Christensenellaceae; g__Christensenellaceae_R-7_group	0.7844087598086925
370829fece3190f1a8efccf50b7d0921	d__Bacteria; p__Bacillota; c__Clostridia; o__Oscillospirales; f__Oscillospiraceae; g__Flavonifractor	0.9999161480325187
b45c9784d674879d68d54362419a1d70	d__Bacteria; p__Bacillota; c__Clostridia; o__Lachnospirales; f__Lachnospiraceae	0.9999995523892949
e45b87169ea3a901a3f87087e72d0f80	d__Bacteria; p__Bacteroidota; c__Bacteroidia; o__Bacteroidales; f__Bacteroidaceae; g__Bacteroides	0.9999979135103583
8bb5ff097e0707dca3fe5860af20f4a6	d__Bacteria; p__Bacteroidota; c__Bacteroidia; o__Bacteroidales; f__Rikenellaceae; g__Alistipes	0.9999997401196392
74ec9fe6ffab4ecff6d5def74298a825	d__Bacteria; p__Bacillota; c__Clostridia; o__Lachnospirales; f__Lachnospiraceae; g__Enterocloster	0.9978177503843516
6544aa330ec6ca650def4e40ae77daff	d__Bacteria; p__Bacteroidota; c__Bacteroidia; o__Bacteroidales; f__Prevotellaceae; g__Segatella	0.9997495328379808
6a129e8ae637c96e7bb56223913911f7	d__Bacteria; p__Bacillota; c__Clostridia; o__Lachnospirales; f__Lachnospiraceae; g__[Eubacterium]_xylanophilum_group	0.9997507460804222
d996e8d86e152c0a3c5852a2d8c4c52c	d__Bacteria; p__Verrucomicrobiota; c__Verrucomicrobiia; o__Verrucomicrobiales; f__Akkermansiaceae; g__Akkermansia	0.9999999999998579
42ac6d34b293d442987af367e2eb4f51	d__Bacteria; p__Bacillota; c__Clostridia; o__Lachnospirales; f__Lachnospiraceae	0.9999998795795573
a3607a88a8ed64e24a374847b23e404f	d__Bacteria; p__Bacillota; c__Clostridia; o__Oscillospirales; f__Ruminococcaceae; g__Acutalibacter	0.999996925051401
cae14798faeabb8e1b8840e712839921	d__Bacteria; p__Bacteroidota; c__Bacteroidia; o__Bacteroidales; f__Rikenellaceae; g__Alistipes	0.9999998486231022
c82032c40c98975f71892e4be561c87a	d__Bacteria; p__Bacillota; c__Clostridia; o__Oscillospirales; f__Oscillospiraceae; g__Oscillibacter	0.9996207958748075
0021d135d4ac12982cc8abdf2b38e23f	d__Bacteria; p__Bacteroidota; c__Bacteroidia; o__Bacteroidales; f__Bacteroidaceae; g__Bacteroides	0.9999975649953913
edbf7f6589deb72806f042ec4185d195	d__Bacteria; p__Bacillota; c__Clostridia; o__Oscillospirales; f__Oscillospiraceae; g__UCG-002	0.9989459905467662
69536042153447ceb692aa53159ce0c2	d__Bacteria; p__Bacillota; c__Clostridia; o__Lachnospirales; f__Lachnospiraceae; g__Enterocloster	0.9833805125704536
8f1c11c7b732265cbfc1bb7dbd0241e7	d__Bacteria; p__Bacillota; c__Clostridia; o__Lachnospirales; f__Lachnospiraceae	0.9999992303153907
0f92fcc184a951ff8b0914467ad2f8f9	d__Bacteria; p__Thermodesulfobacteriota; c__Desulfovibrionia; o__Desulfovibrionales; f__Desulfovibrionaceae; g__Bilophila	0.9999995098919279
2403a466dd6d1e4f551d80394c2aa994	d__Bacteria; p__Bacteroidota; c__Bacteroidia; o__Bacteroidales; f__Prevotellaceae; g__Paraprevotella	0.9999999998272671
8a9f7499cdb85b8efa497bb56256cb43	d__Bacteria; p__Bacillota; c__Clostridia; o__Lachnospirales; f__Lachnospiraceae; g__Lachnoclostridium	0.7409865870062138
89cd2911ae0b7e6a96431b9cf4d2dd9b	d__Bacteria; p__Thermodesulfobacteriota; c__Desulfovibrionia; o__Desulfovibrionales; f__Desulfovibrionaceae; g__Desulfovibrio	0.9999962032507198
1243750138937650754b619370565800	d__Bacteria; p__Bacillota; c__Clostridia; o__Lachnospirales; f__Lachnospiraceae; g__Lachnospira	0.9996186998526131
1fa555f9a74d47a6ca7a65a347bc885f	d__Bacteria; p__Bacillota; c__Clostridia; o__Oscillospirales; f__Oscillospiraceae; g__UCG-003	0.9999633323646021
6bbaf2d026d54c61f24b5c5483e56842	d__Bacteria; p__Bacteroidota; c__Bacteroidia; o__Bacteroidales; f__Tannerellaceae; g__Parabacteroides	0.9999999972098408
db9caf76f81e72dac22fd1a55da6d5ce	d__Bacteria; p__Bacillota; c__Clostridia; o__Oscillospirales; f__Ruminococcaceae	0.9995867935046439
4c2189b6b5ced3cb80093414e9449de9	d__Bacteria; p__Bacillota; c__Clostridia; o__Oscillospirales; f__Butyricicoccaceae; g__Agathobaculum	0.9999957458927291
ec6c9ea52e88226c339487585ea02f42	d__Bacteria; p__Bacillota; c__Clostridia; o__Oscillospirales; f__Oscillospiraceae; g__NK4A214_group	0.9995143370219071
9f4d14b114e7499772a797790d81c1db	d__Bacteria; p__Bacillota; c__Clostridia; o__Lachnospirales; f__Lachnospiraceae; g__Coprococcus	0.9984504753281053
993ea35e8ad7ff6894e32247dc507e9b	d__Bacteria; p__Bacillota; c__Clostridia; o__Lachnospirales; f__Lachnospiraceae; g__Blautia	0.9617675886597423
ee02d6d3506da57909d5e603709a295f	d__Bacteria; p__Bacillota; c__Clostridia; o__Lachnospirales; f__Lachnospiraceae; g__Lachnospiraceae_UCG-004	0.9991296856140726
3b092a59cd0e2d57483420cc994ec49c	d__Bacteria; p__Bacillota; c__Clostridia; o__Clostridiales; f__Clostridiaceae; g__Clostridium	0.9994440455739292
630bffb8b9a197b3a6359f42828b4de3	d__Bacteria; p__Bacillota; c__Negativicutes; o__Acidaminococcales; f__Acidaminococcaceae; g__Acidaminococcus	0.9999977898245032
7c266734f60f7c713f051a2ad4771791	d__Bacteria; p__Bacillota; c__Clostridia; o__Lachnospirales; f__Lachnospiraceae; g__Butyrivibrio	0.7637832561976616
9099a7f671b923c7b07c12508f17270a	d__Bacteria; p__Bacillota; c__Clostridia; o__Oscillospirales; f__Ruminococcaceae; g__Acutalibacter	0.9979246039039357
399bcf0feb12a20ca0731d8d65268dae	d__Bacteria; p__Bacillota; c__Clostridia; o__Oscillospirales; f__Oscillospiraceae; g__UCG-002	0.9970919683323981
f596fa835cdfdb22d6494b012f61fff2	d__Bacteria; p__Bacillota; c__Clostridia; o__Lachnospirales; f__Lachnospiraceae	0.9999999034780315
8d89ee75fdeac54f5ebb1ef3edf80e73	d__Bacteria; p__Bacillota; c__Clostridia; o__Lachnospirales; f__Lachnospiraceae	0.9999999928949793
e9ad916c93ff127ade2a8283db7603a1	d__Bacteria; p__Bacillota; c__Clostridia; o__Lachnospirales; f__Lachnospiraceae; g__Blautia	0.9719780849750462
29bb5fa7f45e47bbabab8cc1b1b3d18e	d__Bacteria; p__Bacillota; c__Negativicutes; o__Veillonellales-Selenomonadales; f__Veillonellaceae; g__Veillonella	0.9999999854089624
237135dc8b20f922cabee934f7d410a1	d__Bacteria; p__Bacillota; c__Bacilli; o__Erysipelotrichales; f__Erysipelotrichaceae; g__Turicibacter	0.9999999747671783
ed5952d1e022067b212146b9b3bc6812	d__Bacteria; p__Bacillota; c__Clostridia; o__Lachnospirales; f__Lachnospiraceae; g__Coprococcus	0.9973481521431447
362b97b08074732371b6e76cd1a894e1	d__Bacteria; p__Bacillota; c__Clostridia; o__Oscillospirales; f__Oscillospiraceae; g__NK4A214_group	0.9992563982555345
03569e3fd843f501355f7853b0ec9361	d__Bacteria; p__Pseudomonadota; c__Gammaproteobacteria; o__Burkholderiales; f__Sutterellaceae; g__Sutterella	0.9999999887991465
b36ff490f4df87e30600ed347f23cbdc	d__Bacteria; p__Bacillota; c__Clostridia; o__Oscillospirales; f__Ruminococcaceae; g__Negativibacillus	0.9999998839516518
7029eddc845e01d613a3bbc113ebeaba	d__Bacteria; p__Bacillota; c__Clostridia; o__Oscillospirales; f__Ruminococcaceae; g__Gemmiger	0.9780519300026311
0f0a1f8c92368be6e8d3145bd4e94cd1	d__Bacteria; p__Bacillota; c__Clostridia; o__Lachnospirales; f__Lachnospiraceae	0.9999998395080292
7dfa96abfa7484bb6c9cfa90dc9b606f	d__Bacteria; p__Bacillota; c__Clostridia; o__Lachnospirales; f__Lachnospiraceae; g__Lachnospiraceae_NC2004_group	0.726935334518804
477734397215c70bdacce28d5685cc6e	d__Bacteria; p__Bacillota; c__Clostridia; o__Oscillospirales; f__Oscillospiraceae; g__UCG-002	0.9997257357112254
59597cd430deea6d8e0908dcd6db7e50	d__Bacteria; p__Pseudomonadota; c__Gammaproteobacteria; o__Burkholderiales; f__Sutterellaceae; g__Sutterella	0.9999915828821848
be17b29b03ed02bed133932284568d16	d__Bacteria; p__Bacillota; c__Clostridia; o__Oscillospirales; f__Butyricicoccaceae; g__Agathobaculum	0.9999984463075569
fe2a1f2b6f247658881254d63fd68b74	d__Bacteria; p__Bacillota; c__Clostridia; o__Lachnospirales; f__Lachnospiraceae; g__Mediterraneibacter	0.9981119401234888
ce48ff439693a2461c5241d6de15a113	d__Bacteria; p__Bacteroidota; c__Bacteroidia; o__Bacteroidales; f__Prevotellaceae; g__Segatella	0.9999957866008148
c1365ec008032ee718dcafaf5ac17adb	d__Bacteria; p__Bacteroidota; c__Bacteroidia; o__Bacteroidales; f__Rikenellaceae; g__Alistipes	0.9999978374623103
5ae365ca527c17c22171f54421e75197	d__Bacteria; p__Bacteroidota; c__Bacteroidia; o__Bacteroidales; f__Bacteroidaceae; g__Bacteroides	0.9999976157767209
78eecb7cd2176d3a2ed21ce8154ba1b3	d__Bacteria; p__Actinomycetota; c__Actinobacteria; o__Bifidobacteriales; f__Bifidobacteriaceae; g__Bifidobacterium	0.9999998382498905
58b87be743e087ee413b40ecf080da70	d__Bacteria; p__Bacteroidota; c__Bacteroidia; o__Bacteroidales; f__Bacteroidaceae; g__Bacteroides	0.9999994917655227
643ddaad76b9d0be0601ac7acf6b9af1	d__Bacteria; p__Bacteroidota; c__Bacteroidia; o__Bacteroidales; f__Barnesiellaceae; g__Barnesiella	0.999999995412935
d97a97d4f8974683e4a66de090129c1c	d__Bacteria; p__Bacillota; c__Clostridia; o__Clostridia_UCG-014; f__Incertae_Sedis; g__Incertae_Sedis	0.9999999997511964
8183f1e3f9806994e125b1d5c6932498	d__Bacteria; p__Bacillota; c__Clostridia; o__Lachnospirales; f__Lachnospiraceae; g__Anaerobutyricum	0.9999998981723958
a186bb74dfce512f83043f7b366c60c4	d__Bacteria; p__Bacillota; c__Clostridia; o__Clostridia_UCG-014; f__Incertae_Sedis; g__Incertae_Sedis	0.99999998352763
0ac7d4cacbb81c9c8182426c988a1c21	d__Bacteria; p__Bacillota; c__Clostridia; o__Christensenellales; f__Christensenellaceae; g__Christensenellaceae_R-7_group	0.9695113709226397
3e93fd55a231bb99b67a666bad8446a8	d__Bacteria; p__Bacillota; c__Clostridia; o__Oscillospirales; f__Ruminococcaceae; g__Acutalibacter	0.9992276188854038
ed1528f4822674c9e1da64b84c778e9f	d__Bacteria; p__Bacillota; c__Clostridia; o__Lachnospirales; f__Lachnospiraceae; g__Lachnospira	0.999994577133033
8ce931b0c99ad5ed648c25483c1ca492	d__Bacteria; p__Bacillota; c__Bacilli; o__Erysipelotrichales; f__Erysipelatoclostridiaceae; g__Thomasclavelia	0.999999864590459
ecaa9f4e15a28f212d9bd60f749191ab	d__Bacteria; p__Bacillota; c__Clostridia; o__Oscillospirales; f__Oscillospiraceae; g__UCG-005	0.8168484974203293
0681937d15d01090c93f3fb99998d90c	d__Bacteria; p__Thermodesulfobacteriota; c__Desulfovibrionia; o__Desulfovibrionales; f__Desulfovibrionaceae; g__Desulfovibrio	0.9999846938317921
919db619ad90cc6b09b31c83d5719da9	d__Bacteria; p__Bacillota; c__Clostridia; o__Oscillospirales; f__Oscillospiraceae; g__Colidextribacter	0.9980139561263901
6c83fec6e8d03fad51eabc871853c991	d__Bacteria; p__Bacillota; c__Negativicutes; o__Veillonellales-Selenomonadales; f__Veillonellaceae; g__Veillonella	0.9999999846457827
4972fcbd85f2915686f41a5fa398a02e	d__Bacteria; p__Bacillota; c__Clostridia; o__Clostridia_UCG-014; f__Incertae_Sedis; g__Incertae_Sedis	0.9999999995291802
6045a1b3be95e4747c0dc56a4ce2d606	d__Bacteria; p__Actinomycetota; c__Coriobacteriia; o__Coriobacteriales; f__Coriobacteriaceae; g__Collinsella	0.9999969214510921
490d2aec117bd7289577684ba3cc1b64	d__Bacteria; p__Bacillota; c__Clostridia; o__Oscillospirales; f__Ruminococcaceae; g__Incertae_Sedis	0.9998018355511519
2a8a90cd5770804a5f23f425004de7e5	d__Bacteria; p__Bacillota; c__Clostridia; o__Oscillospirales; f__Ruminococcaceae; g__Ruminococcus	0.9999034946057518
ebab7cfc7858bfb00c486bba21d6ca6d	d__Bacteria; p__Bacillota; c__Clostridia; o__Clostridiales; f__Clostridiaceae; g__Clostridium	0.990679468905853
251429848560a80abcb96640ceb102db	d__Bacteria; p__Bacillota; c__Clostridia; o__Lachnospirales; f__Lachnospiraceae; g__CAG-56	0.9999412087734686
6a6880faba39965be0e4b7d88966d1c9	d__Bacteria; p__Bacillota; c__Clostridia; o__Lachnospirales; f__Lachnospiraceae; g__Butyribacter	0.9446173160287034
b47e999a38113e0e4e2b139e8b861fdd	d__Bacteria; p__Bacteroidota; c__Bacteroidia; o__Bacteroidales; f__Prevotellaceae; g__Paraprevotella	0.9999999995565076
fa09b814b417561651db81db34860ea5	d__Bacteria; p__Bacillota; c__Bacilli; o__Lactobacillales; f__Streptococcaceae; g__Streptococcus	0.9999975936676255
b1cc61423f9cdd7009e52e461c8d09a8	d__Bacteria; p__Bacillota; c__Clostridia; o__Lachnospirales; f__Lachnospiraceae	0.9999996744227968
148c7eb0139bbc1b8c87dd31464742e4	d__Bacteria; p__Bacillota; c__Clostridia; o__Lachnospirales; f__Lachnospiraceae; g__[Eubacterium]_ventriosum_group	0.999785844406856
1c86153e1b13ab5322c96f2602b73513	d__Archaea; p__Methanobacteriota; c__Methanobacteria; o__Methanobacteriales; f__Methanobacteriaceae; g__Methanobrevibacter	0.9999935044183207
7ac0356578578d4a2cc89eaaae4b2dbf	d__Bacteria; p__Bacteroidota; c__Bacteroidia; o__Bacteroidales; f__Bacteroidaceae; g__Bacteroides	0.9999805697627334
1e6fb78e2244ca940f9fc31d88d711dc	d__Bacteria; p__Bacillota; c__Clostridia; o__Peptostreptococcales-Tissierellales; f__Anaerovoracaceae; g__Mogibacterium	0.999998645946299
2a13ecb6c618ddf8154298c69336dd8e	d__Bacteria; p__Bacillota; c__Bacilli; o__Erysipelotrichales; f__Erysipelatoclostridiaceae; g__Thomasclavelia	0.9999999511605479
4b548f1f6fc22f32237396b7d4ffee6e	d__Bacteria; p__Bacillota; c__Clostridia; o__Oscillospirales; f__Oscillospiraceae; g__Intestinimonas	0.9500514019220978
b2902f7d33c2c28be71b9f5698de8400	d__Bacteria; p__Bacteroidota; c__Bacteroidia; o__Bacteroidales; f__Prevotellaceae; g__Incertae_Sedis	0.9994166959880413
7ab1bc6052053650189083370055ae66	d__Bacteria; p__Bacillota; c__Clostridia; o__Oscillospirales; f__Oscillospiraceae; g__UCG-005	0.9996920578683344
29ccf8b234ac00b114fb2c8e1c44f932	d__Bacteria; p__Bacillota; c__Clostridia; o__Lachnospirales; f__Lachnospiraceae; g__Extibacter	0.9788704286830209
c4b11e3e5340bdf421aeb4ba0aff0269	d__Bacteria; p__Bacillota; c__Clostridia; o__Oscillospirales; f__Ruminococcaceae; g__Faecalibacterium	0.9995431467623546
c1b636001e0773f9cca8096d70e8b5de	d__Bacteria; p__Bacillota; c__Negativicutes; o__Veillonellales-Selenomonadales; f__Veillonellaceae; g__Veillonella	0.9999999928915884
426bd7119a31b73ef734771a071a216c	d__Bacteria; p__Bacillota; c__Clostridia; o__Lachnospirales; f__Lachnospiraceae; g__Blautia	0.9516812850103233
401e6331e63081307c4a031ac55436bf	d__Bacteria; p__Bacillota; c__Clostridia; o__Oscillospirales; f__Ruminococcaceae; g__Ruminococcus	0.9993803369159794
ffa127d7eceac0dfd2b2a8c550580e62	d__Bacteria; p__Bacteroidota; c__Bacteroidia; o__Bacteroidales; f__Prevotellaceae; g__Segatella	0.9999819306959499
3f1ed51e954b35a8108c12dd882b696b	d__Bacteria; p__Bacillota; c__Clostridia; o__Oscillospirales; f__Oscillospiraceae; g__Incertae_Sedis	0.8384479494699593
0f9411ed14b5b3aa1a9655523fa33004	d__Bacteria; p__Pseudomonadota; c__Alphaproteobacteria; o__Rhodospirillales; f__Incertae_Sedis; g__Incertae_Sedis	0.9999768827938169
1fd31ccf4d6163405f70131e32d5065a	d__Bacteria; p__Bacillota; c__Clostridia; o__Christensenellales; f__Christensenellaceae; g__Christensenellaceae_R-7_group	0.8682486205157708
2364e23d05750415070f8df3ccb0c95b	d__Bacteria; p__Bacteroidota; c__Bacteroidia; o__Bacteroidales; f__Bacteroidaceae; g__Bacteroides	0.9999999693431367
bc149bb0a10df94c8e27c5a380e85762	d__Bacteria; p__Bacillota; c__Negativicutes; o__Veillonellales-Selenomonadales; f__Selenomonadaceae; g__Mitsuokella	0.95975776989865
8e91b4ac39f5639386632600e9e1038b	d__Bacteria; p__Bacillota; c__Clostridia; o__Clostridia_UCG-014; f__Incertae_Sedis; g__Incertae_Sedis	0.9999999645107216
f6c6e7419ddde1e2e1d4a790ec6babfe	d__Bacteria; p__Bacteroidota; c__Bacteroidia; o__Bacteroidales; f__Bacteroidaceae; g__Bacteroides	0.9999991364142352
376917760e5aa918592416e980809536	d__Bacteria; p__Bacillota; c__Clostridia; o__Christensenellales; f__Christensenellaceae; g__Christensenellaceae_R-7_group	0.7801646898248765
69d052e452e79d571cba042af265d50c	d__Bacteria; p__Bacillota; c__Clostridia; o__Lachnospirales; f__Lachnospiraceae; g__Coprococcus	0.9967931325336868
457d3865cf0a4bc602a07d8d5324388f	d__Bacteria; p__Bacillota; c__Clostridia; o__Lachnospirales; f__Lachnospiraceae	0.9999918317980717
0c2507b2424f67641aec1bf9020acd31	d__Bacteria; p__Bacillota; c__Clostridia; o__Oscillospirales; f__Ruminococcaceae; g__Ruminococcus	0.9997002430806377
d81bc2cec5b41a33aae23824fb40ad60	d__Bacteria; p__Bacillota; c__Clostridia; o__Oscillospirales; f__[Eubacterium]_coprostanoligenes_group; g__Incertae_Sedis	0.9999614013736096
f7ce5d68ad002cdc285273d049516c84	d__Bacteria; p__Bacillota; c__Clostridia; o__Lachnospirales; f__Lachnospiraceae; g__Enterocloster	0.8609455691082416
cb6b07b813efe46bbd7db47217261025	d__Bacteria; p__Bacillota; c__Clostridia; o__Lachnospirales; f__Lachnospiraceae; g__Lachnospiraceae_NK4A136_group	0.9409106119333501
904f7b1ae29e6a78ff83eacd9ef9cda7	d__Bacteria; p__Bacillota; c__Clostridia; o__Lachnospirales; f__Lachnospiraceae; g__Lachnoclostridium	0.7940434591846798
902c0a7dd5a911a8fbf9e34e49f72297	d__Bacteria; p__Bacillota; c__Clostridia; o__Lachnospirales; f__Lachnospiraceae; g__Anaerobutyricum	0.9999996752781145
1ef782a559e3e0a4ab42516e0a2c828f	d__Bacteria; p__Bacillota; c__Clostridia; o__Lachnospirales; f__Lachnospiraceae	0.9999868883580004
c09959e32cc2947be463fbe98a2a7f78	d__Bacteria; p__Bacteroidota; c__Bacteroidia; o__Bacteroidales; f__Prevotellaceae; g__Leyella	0.9999993849783423
32a21601ca89d1f2629c1a9fc2de4359	d__Bacteria; p__Bacteroidota; c__Bacteroidia; o__Bacteroidales; f__Prevotellaceae; g__Paraprevotella	0.999999999145956
b1a153ff5a21342991138e7f7dd2658e	d__Bacteria; p__Bacillota; c__Clostridia; o__Christensenellales; f__Christensenellaceae; g__Christensenellaceae_R-7_group	0.958684523264018
7da3f6ea2d795e6f6f6d3c7e218c0c64	d__Bacteria; p__Bacillota; c__Clostridia; o__Oscillospirales; f__Ruminococcaceae; g__Gemmiger	0.9887599065570114
c77ecdd4cc935c6d2aeac0f727030809	d__Bacteria; p__Bacillota; c__Clostridia; o__Oscillospirales; f__[Eubacterium]_coprostanoligenes_group; g__Incertae_Sedis	0.9999357766128611
949af2c28ba6c0345ae58b9aed00a2c0	d__Bacteria; p__Bacteroidota; c__Bacteroidia; o__Bacteroidales; f__Rikenellaceae; g__Alistipes	0.9999497316447848
0d3b942348cade7e1c41ac52df03e63e	d__Bacteria; p__Bacillota; c__Negativicutes; o__Veillonellales-Selenomonadales; f__Veillonellaceae; g__Allisonella	0.9999562849990062
a2ec06b1cf13986a3d31ad5ab949dbbc	d__Bacteria; p__Bacteroidota; c__Bacteroidia; o__Bacteroidales; f__Prevotellaceae; g__Incertae_Sedis	0.9999995837557392
84618c040ada8e740b78ce9a2e03c2a1	d__Bacteria; p__Bacteroidota; c__Bacteroidia; o__Bacteroidales; f__Prevotellaceae; g__Leyella	0.9999998564373375
f4cd813a1b8a862f7a285466b25c6302	d__Bacteria; p__Bacillota; c__Clostridia; o__Oscillospirales; f__Ruminococcaceae; g__Ruminococcus	0.9999691205270759
857660ace8c50ec09aef7dfcf6edea8a	d__Bacteria; p__Bacteroidota; c__Bacteroidia; o__Bacteroidales; f__Tannerellaceae; g__Incertae_Sedis	0.7023167807976354
3a1461e8439091ad6b93af0ddb3849eb	d__Bacteria; p__Bacillota; c__Clostridia; o__Clostridia_UCG-014; f__Incertae_Sedis; g__Incertae_Sedis	0.9999999994588507
41df3b4c55182503ecd97c6dbe47966a	d__Bacteria; p__Bacillota; c__Clostridia; o__Lachnospirales; f__Lachnospiraceae; g__Lachnospiraceae_UCG-004	0.9953813492242916
e2bf5a8c1878477d542ef764b910e5a2	d__Bacteria; p__Bacillota; c__Clostridia; o__Lachnospirales; f__Lachnospiraceae; g__Blautia	0.8626948745246036
e44897772cc4ff357931d64248c42e68	d__Bacteria; p__Bacteroidota; c__Bacteroidia; o__Bacteroidales; f__Incertae_Sedis; g__Incertae_Sedis	0.9998923069798471
c5af8314e36eaed98fc88f181f539e8f	d__Bacteria; p__Bacillota; c__Clostridia; o__Lachnospirales; f__Lachnospiraceae; g__Marvinbryantia	0.9529370169788355
a9387e76477da8688775569cf540191b	d__Bacteria; p__Bacillota; c__Clostridia; o__Peptostreptococcales-Tissierellales; f__Peptostreptococcaceae; g__Terrisporobacter	0.997778316160023
861aebcc774e48b7c4f769dbf99da4c3	d__Bacteria; p__Bacillota; c__Clostridia; o__Oscillospirales; f__Oscillospiraceae; g__UCG-002	0.9999364007521059
c073b0aff444d91e7236921eb82850e4	d__Bacteria; p__Bacteroidota; c__Bacteroidia; o__Bacteroidales; f__Bacteroidaceae; g__Bacteroides	0.999999995988361
2268b83b6cb307bfd1cd008dae1ce4b3	d__Bacteria; p__Bacillota; c__Clostridia; o__Clostridia_UCG-014; f__Incertae_Sedis; g__Incertae_Sedis	0.9999999998015028
fa71c8409cbcaad5dd98b8d80a46b07b	d__Bacteria; p__Bacillota; c__Bacilli; o__Lactobacillales; f__Lactobacillaceae; g__Weissella	0.9999999997386482
fc613984c6bd68a102eb7daee76a24a7	d__Bacteria; p__Bacillota; c__Bacilli; o__Erysipelotrichales; f__Erysipelotrichaceae; g__Holdemanella	0.9999999999950404
b01a22417d3c50c9b97067e9b4f7a621	d__Bacteria; p__Bacillota; c__Clostridia; o__Lachnospirales; f__Lachnospiraceae; g__Blautia	0.9874296512849949
a4ca655c03a9fd3a09de413a16b9b4dd	d__Bacteria; p__Bacillota; c__Negativicutes; o__Veillonellales-Selenomonadales; f__Veillonellaceae; g__Dialister	0.9986855065798804
efb9d50338d52565e5db8e9f0b6bea06	d__Bacteria; p__Bacteroidota; c__Bacteroidia; o__Bacteroidales; f__Muribaculaceae; g__Incertae_Sedis	0.9999980227293513
8d181137c9febeb212a7e98974633215	d__Bacteria; p__Bacillota; c__Clostridia; o__Lachnospirales; f__Lachnospiraceae; g__Blautia	0.9807426870961964
969340bafcebc98d6a2c9f40bb8e1d93	d__Bacteria; p__Bacteroidota; c__Bacteroidia; o__Bacteroidales; f__Tannerellaceae; g__Parabacteroides	0.999999971273255
8cb416fb947e6404f1397d8f366b1bfb	d__Bacteria; p__Bacteroidota; c__Bacteroidia; o__Bacteroidales; f__Prevotellaceae; g__Segatella	0.9999765357352263
3fe55dd5e59267f275e972017302459f	d__Bacteria; p__Bacillota; c__Clostridia; o__Oscillospirales; f__Ruminococcaceae; g__Ruminococcus	0.9996991344513912
beef5a54aaee13f217ecede427cb3071	d__Bacteria; p__Bacillota; c__Clostridia; o__Oscillospirales; f__Oscillospiraceae; g__NK4A214_group	0.9736166545553225
7d06881de47953f1c3379a406d109ad5	d__Bacteria; p__Bacillota; c__Clostridia; o__Lachnospirales; f__Lachnospiraceae	0.9999991788218561
0f6d29d58652cc21daab1a822061725c	d__Bacteria; p__Bacillota; c__Bacilli; o__Erysipelotrichales; f__Erysipelatoclostridiaceae; g__Catenibacterium	0.9999986922900088
94b000e59b7ac160b0416c9ab45ff0bf	d__Bacteria; p__Bacillota; c__Bacilli; o__Lactobacillales; f__Enterococcaceae; g__Enterococcus	0.7683978324987317
3cc8319ff487f64cc47802fcc0801457	d__Bacteria; p__Bacteroidota; c__Bacteroidia; o__Bacteroidales; f__Prevotellaceae; g__Leyella	0.9999997867625524
b10627ff6db16c65eed2f21380dd700f	d__Bacteria; p__Bacillota; c__Clostridia; o__Oscillospirales; f__Oscillospiraceae; g__NK4A214_group	0.9998653073480609
61795ee8e60f4a0f66080ab812573fb8	d__Bacteria; p__Bacillota; c__Clostridia; o__Lachnospirales; f__Lachnospiraceae; g__Eisenbergiella	0.9999612440043286
a6099802840e60febef8e896967b7747	d__Bacteria; p__Bacillota; c__Clostridia; o__Peptostreptococcales-Tissierellales; f__Anaerovoracaceae; g__Family_XIII_AD3011_group	0.9656116618338769
278d3171722599a7871e95fb6652d04c	d__Bacteria; p__Bacteroidota; c__Bacteroidia; o__Bacteroidales; f__Prevotellaceae; g__Segatella	0.9999835914292161
de6891b6f7a1f35bd9ccbc058b9e1a77	d__Bacteria; p__Bacillota; c__Clostridia; o__Lachnospirales; f__Lachnospiraceae; g__Faecalimonas	0.8727815803712352
9a75764782a384ce3b83e019c8b2dd94	d__Bacteria; p__Bacillota; c__Clostridia; o__Lachnospirales; f__Lachnospiraceae; g__Faecalimonas	0.9550767854201633
c65262f668b9f6f02118e02208ad412a	d__Bacteria; p__Bacillota; c__Clostridia; o__Oscillospirales; f__[Eubacterium]_coprostanoligenes_group; g__Incertae_Sedis	0.9999899051451354
b1d921d7bb723fe91f98b3691cde5a67	d__Bacteria; p__Bacillota; c__Clostridia; o__Oscillospirales; f__Ruminococcaceae; g__Faecalibacterium	0.9992317478591238
47da91fc80028f86edf9014bda1552da	d__Bacteria; p__Bacteroidota; c__Bacteroidia; o__Bacteroidales; f__Prevotellaceae; g__Segatella	0.9999609040416644
7e9ed2c841e64976eace4b578ff56a26	d__Bacteria; p__Bacillota; c__Clostridia; o__Lachnospirales; f__Lachnospiraceae; g__Coprococcus	0.9991733874810068
4e1758e81adcb1107024ee52c0113a6f	d__Bacteria; p__Pseudomonadota; c__Gammaproteobacteria; o__Enterobacterales; f__Enterobacteriaceae	0.8480997788074273
c651f48004e45afef6dc72c174c96260	d__Bacteria; p__Fusobacteriota; c__Fusobacteriia; o__Fusobacteriales; f__Fusobacteriaceae; g__Fusobacterium	0.9966133064067815
08fe9dad435157041fcab696b5a44cc6	d__Bacteria; p__Bacteroidota; c__Bacteroidia; o__Bacteroidales; f__Barnesiellaceae; g__Barnesiella	0.9999999991468798
2189edb3764a738094de850a96d4e256	d__Bacteria; p__Bacillota; c__Clostridia; o__Oscillospirales; f__Ruminococcaceae; g__Faecalibacterium	0.9995132593603618
10155b2834300619ce0102110a37b057	d__Bacteria; p__Bacillota; c__Clostridia; o__Lachnospirales; f__Lachnospiraceae	0.9999738008972471
a55b86b46c1b8e96fae0e5c5addf4611	d__Bacteria; p__Bacillota; c__Clostridia; o__Lachnospirales; f__Lachnospiraceae; g__Lachnospiraceae_NK3A20_group	0.9999586125780785
abe3e5ef7aaadb6fea2a16c4ca63522d	d__Bacteria; p__Bacteroidota; c__Bacteroidia; o__Bacteroidales; f__Prevotellaceae; g__Segatella	0.9999408241588241
c72db060744f20fec84530a10654ee5a	d__Bacteria; p__Bacillota; c__Clostridia; o__Oscillospirales; f__Oscillospiraceae; g__UCG-002	0.9998396199700684
f83bc32e60e9c7bddf53a52937cc7ab6	d__Bacteria; p__Actinomycetota; c__Actinobacteria; o__Bifidobacteriales; f__Bifidobacteriaceae; g__Bifidobacterium	0.999955872005882
6aff69d399768a3d59661a3f406cc9bd	d__Bacteria; p__Bacillota; c__Bacilli; o__Erysipelotrichales; f__Erysipelotrichaceae; g__Catenisphaera	0.9997843338935759
a5a931e7bec10c19f0aa478fc4e88abd	d__Bacteria; p__Bacillota; c__Negativicutes; o__Veillonellales-Selenomonadales; f__Veillonellaceae; g__Megasphaera	0.9999993227928049
8b86b84549e5940744c30df2a573b55e	d__Bacteria; p__Bacillota; c__Clostridia; o__Clostridia_UCG-014; f__Incertae_Sedis; g__Incertae_Sedis	0.9999999760383108
9dead2ae151a6d625bc853bca584fb47	d__Bacteria; p__Bacteroidota; c__Bacteroidia; o__Bacteroidales; f__Prevotellaceae; g__Segatella	0.9999824144540518
3bf70e143d251723825e87a492010601	d__Bacteria; p__Bacillota; c__Bacilli; o__Erysipelotrichales; f__Erysipelotrichaceae; g__Faecalitalea	0.849578068495836
82168325f126cecd669b2d0e030c9eae	d__Bacteria; p__Bacillota; c__Clostridia; o__Oscillospirales; f__Ruminococcaceae; g__Ruminococcus	0.9968751208467697
11b87544ba5c2450ef40a729e9160acb	d__Bacteria; p__Pseudomonadota; c__Gammaproteobacteria; o__Enterobacterales; f__Enterobacteriaceae	0.9080903784943126
41239266f2952a56a313fc4798f28a1c	d__Bacteria; p__Bacillota; c__Clostridia; o__Lachnospirales; f__Lachnospiraceae; g__Lachnospiraceae_UCG-010	0.9999858167378041
03fdbec0c9b63a05ae79f92c6d3a4cfc	d__Bacteria; p__Bacillota; c__Clostridia; o__Lachnospirales; f__Lachnospiraceae	0.9998390992350182
e8d9324fc4ec41ced26b131f4a190480	d__Bacteria; p__Bacteroidota; c__Bacteroidia; o__Bacteroidales; f__Prevotellaceae; g__Segatella	0.9999916978909922
2fad39e365933a7f925040cb3c2a5ef8	d__Bacteria; p__Actinomycetota; c__Coriobacteriia; o__Coriobacteriales; f__Eggerthellaceae; g__Senegalimassilia	0.9999973663619249
c1546dc0a28ca4d2461f311acb1c0099	d__Bacteria; p__Bacillota; c__Clostridia; o__Lachnospirales; f__Lachnospiraceae; g__Blautia	0.9685567654950079
8e1c69dc9a692ce4b7e93c8cb728b7a6	d__Bacteria; p__Bacillota; c__Clostridia; o__Oscillospirales; f__[Eubacterium]_coprostanoligenes_group; g__Incertae_Sedis	0.9998295606674914
0d357d84911ef4a089c6ae3c6deb39b9	d__Bacteria; p__Bacillota; c__Clostridia; o__Lachnospirales; f__Lachnospiraceae; g__Sellimonas	0.9999559500577913
5ee1da6b8eb2e1149af74254c8c07736	d__Bacteria; p__Bacillota; c__Clostridia; o__Oscillospirales; f__[Eubacterium]_coprostanoligenes_group; g__Incertae_Sedis	0.9999740296404815
74923f4bbde849e27fc4eda25d757e2a	d__Bacteria; p__Bacillota; c__Bacilli; o__Erysipelotrichales; f__Erysipelotrichaceae; g__[Clostridium]_innocuum_group	0.9999997805750197
17824e221f06eecf126ea102c3a2c289	d__Bacteria; p__Bacillota; c__Clostridia; o__Oscillospirales; f__Ruminococcaceae; g__Ruminococcus	0.9082798275967634
4ce0afbaae4138f34580aa9f62b7a0fd	d__Bacteria; p__Bacillota; c__Clostridia	0.9999999945494014
f7ef98bb6d0061b9368a72b1ff40aad0	d__Bacteria; p__Bacillota; c__Clostridia; o__Oscillospirales; f__Oscillospiraceae; g__Colidextribacter	0.8668974538023434
5af056aea750165f001ef535c4a0843a	d__Bacteria; p__Bacteroidota; c__Bacteroidia; o__Bacteroidales; f__Prevotellaceae; g__Segatella	0.9999928890988642
c42ce4c3a8e71438855f88d8035c2064	d__Bacteria; p__Bacteroidota; c__Bacteroidia; o__Bacteroidales; f__Prevotellaceae; g__Incertae_Sedis	0.9997246848842304
0c4204a0e15fccc22a7456685898cd5c	d__Bacteria; p__Pseudomonadota; c__Gammaproteobacteria; o__Enterobacterales	0.999999998199315
d315a0b30c8e21db4cfe89e65c0b2bf1	d__Bacteria; p__Bacillota; c__Clostridia; o__Lachnospirales; f__Lachnospiraceae; g__Lachnospiraceae_UCG-010	0.9996332026087168
2d273dee370721d368ed3534c76100ce	d__Bacteria; p__Bacillota; c__Clostridia; o__Clostridia_UCG-014; f__Incertae_Sedis; g__Incertae_Sedis	0.9999999884563523
7201d53bd647437ec3de879774eba498	d__Bacteria; p__Actinomycetota; c__Coriobacteriia; o__Coriobacteriales; f__Eggerthellaceae; g__Slackia	0.9999999999830607
d3f86c6a6fd03654e0848a1fb1ad1385	d__Bacteria; p__Bacillota; c__Clostridia; o__Lachnospirales; f__Lachnospiraceae; g__[Eubacterium]_eligens_group	0.9999832458338096
97f56e68f535e44ceb53d05f269e82d6	d__Bacteria; p__Bacillota; c__Clostridia; o__Lachnospirales; f__Lachnospiraceae; g__Lachnospiraceae_FCS020_group	0.9985557495442261
c48a7ebdfcb4309af55711623d2ddd87	d__Bacteria; p__Bacteroidota; c__Bacteroidia; o__Bacteroidales; f__Tannerellaceae; g__Parabacteroides	0.9999999937197259
b6c5b83722481281a3d9a0e870197400	d__Bacteria; p__Bacillota; c__Clostridia; o__Oscillospirales; f__Ruminococcaceae; g__Faecalibacterium	0.9994992938678843
2a0968119cb66a61a416f8d924c224ac	d__Bacteria; p__Bacillota; c__Clostridia; o__Lachnospirales; f__Lachnospiraceae; g__[Ruminococcus]_gauvreauii_group	0.9989622653001972
58df89090206b56c52bfffa4b97f4d5d	d__Bacteria; p__Bacillota; c__Bacilli; o__Erysipelotrichales; f__Erysipelotrichaceae; g__Faecalitalea	0.8576930681834549
c8fce068920feb387167d44c01689295	d__Bacteria; p__Bacillota; c__Clostridia; o__Oscillospirales; f__Butyricicoccaceae; g__Agathobaculum	0.9993655046031775
b955f67a541a149dd3b179dc62d37a72	d__Bacteria; p__Bacillota; c__Clostridia; o__Peptostreptococcales-Tissierellales; f__Anaerovoracaceae; g__Family_XIII_UCG-001	0.9993275751135404
180b74e94caf35fac5e1f0f4b7ad9d9f	d__Bacteria; p__Bacteroidota; c__Bacteroidia; o__Bacteroidales; f__Marinifilaceae; g__Odoribacter	0.9999999999838849
ae7071ab8e156e5834054f59a5221248	d__Bacteria; p__Fusobacteriota; c__Fusobacteriia; o__Fusobacteriales; f__Fusobacteriaceae; g__Cetobacterium	0.7953870192097406
c509bc1ca00d20c206fd6c97eb9e7fd7	d__Bacteria; p__Bacteroidota; c__Bacteroidia; o__Bacteroidales; f__Prevotellaceae; g__Leyella	0.9999996037808717
d6e914bb9c8a0c3dafc093e4254a1a7d	d__Bacteria; p__Bacillota; c__Clostridia; o__Oscillospirales; f__[Eubacterium]_coprostanoligenes_group; g__Incertae_Sedis	0.9998317858748375
4d237c75466bdf8d4005d2db9d00078a	d__Bacteria; p__Pseudomonadota; c__Gammaproteobacteria; o__Enterobacterales; f__Erwiniaceae	0.755375414997964
f10155af1849a17996f302d71b32398c	d__Bacteria; p__Bacillota; c__Clostridia; o__Lachnospirales; f__Lachnospiraceae	0.9999797600113605
5b97a6ab9fc4d209b3bc6f4c91de5cbd	d__Bacteria; p__Bacteroidota; c__Bacteroidia; o__Bacteroidales; f__Tannerellaceae; g__Parabacteroides	0.9999999788918219
78e2d7f265e221e0e3c1f24b25af17d4	d__Bacteria; p__Bacillota; c__Clostridia; o__Oscillospirales; f__[Eubacterium]_coprostanoligenes_group; g__Incertae_Sedis	0.9999316343393538
28babd5825871b336f135ec25b81fb8a	d__Bacteria; p__Bacteroidota; c__Bacteroidia; o__Bacteroidales; f__Prevotellaceae; g__Segatella	0.9999510840229384
22a9426d0cca7d0ad5441c0652b234f6	d__Bacteria; p__Bacillota; c__Clostridia; o__Lachnospirales; f__Lachnospiraceae; g__[Eubacterium]_eligens_group	0.9999471870609247
d9b76ee51ff2b6961430bf352cc578f2	d__Bacteria; p__Bacillota; c__Bacilli; o__Lactobacillales; f__Streptococcaceae; g__Streptococcus	0.9999164944023958
925e56c65cae6ca645de5b98f0dd5028	d__Bacteria; p__Pseudomonadota; c__Gammaproteobacteria; o__Pseudomonadales; f__Pseudomonadaceae; g__Pseudomonas	0.9985670745887466
bfb7bb16ab570748b3a5d099e9426af1	d__Bacteria; p__Bacillota; c__Clostridia; o__Oscillospirales; f__Ruminococcaceae; g__Incertae_Sedis	0.9795667930999494
2ea33c0a8d1ebd9781690a426b1a0439	d__Bacteria; p__Bacteroidota; c__Bacteroidia; o__Bacteroidales; f__Prevotellaceae; g__Segatella	0.9999926155124489
d4ccc75e4cfaeaed9b56de15ef5e4f76	d__Bacteria; p__Bacillota; c__Bacilli; o__RF39; f__Incertae_Sedis; g__Incertae_Sedis	0.9999999984352002
0e3c387aa3ba12b91886db40b04a606e	d__Bacteria; p__Bacillota; c__Clostridia; o__Oscillospirales; f__Ruminococcaceae; g__Faecalibacterium	0.999643700676393
f46b4a436f72306e56a27d09e0696f1b	d__Bacteria; p__Bacteroidota; c__Bacteroidia; o__Bacteroidales; f__Prevotellaceae; g__Leyella	0.9999999951006515
cde2ed12f9a91d7d2fcb2eeae5c5f8c5	d__Bacteria; p__Bacillota; c__Clostridia; o__Clostridia_UCG-014; f__Incertae_Sedis; g__Incertae_Sedis	0.9999999996340136
7ce470a3f833253f6d667fa6830abe07	d__Bacteria; p__Bacillota; c__Clostridia; o__Lachnospirales; f__Lachnospiraceae; g__Mediterraneibacter	0.9928485715810472
f60c7e460c93cc1be737c51a9d00c0dc	d__Bacteria; p__Bacteroidota; c__Bacteroidia; o__Bacteroidales; f__Prevotellaceae	0.999999991900431
27e66d350a3da72e7f72a25b9e63ef8c	d__Bacteria; p__Bacteroidota; c__Bacteroidia; o__Bacteroidales; f__Muribaculaceae; g__Incertae_Sedis	0.9999881667334986
e661f3a193d72480460d8e8212fb2a93	d__Bacteria; p__Bacteroidota; c__Bacteroidia; o__Bacteroidales; f__Prevotellaceae; g__Leyella	0.9999997304948004
3bff9ab82e7f2a76cc22e687ac7b72fd	d__Bacteria; p__Bacillota; c__Clostridia; o__Lachnospirales; f__Lachnospiraceae	0.9999987752209869
2811c185b50da839e196b31a828be3c2	d__Bacteria; p__Bacteroidota; c__Bacteroidia; o__Bacteroidales; f__Prevotellaceae; g__Segatella	0.9999862931052158
340a5698fe78713b785c3bcce89df73b	d__Bacteria; p__Bacteroidota; c__Bacteroidia; o__Bacteroidales; f__Rikenellaceae; g__Alistipes	0.9990768640936103
32ebb69544acaf3162b5e828d05a5f84	d__Bacteria; p__Bacillota; c__Clostridia; o__Lachnospirales; f__Lachnospiraceae	0.999999044256876
7412af58f3daee6101db082fd334144b	d__Bacteria; p__Bacillota; c__Clostridia; o__Lachnospirales; f__Lachnospiraceae; g__UC5-1-2E3	0.9976704068004877
5bc910157a049856e8204e4690fda3b5	d__Bacteria; p__Bacillota; c__Clostridia; o__Clostridiales; f__Clostridiaceae; g__Clostridium	0.9992752464616118
214026f7d5efab4573a982f530a9e08b	d__Bacteria; p__Bacteroidota; c__Bacteroidia; o__Bacteroidales; f__Bacteroidaceae; g__Bacteroides	0.9999999984448209
76c5715653483addb56277a29cad6ee5	d__Bacteria; p__Bacillota; c__Negativicutes; o__Veillonellales-Selenomonadales; f__Veillonellaceae; g__Megasphaera	0.999999969251633
9c58ab3805d06ed6f1ff2a2de766458d	d__Bacteria; p__Bacillota; c__Clostridia; o__Lachnospirales; f__Lachnospiraceae; g__Frisingicoccus	0.9998755935292201
9c25197937d1f54e2634026fbca6b55f	d__Bacteria; p__Bacillota; c__Clostridia; o__Lachnospirales; f__Lachnospiraceae; g__Butyribacter	0.7562591395380792
89fb1bf356768894bfbcf698b04828dd	d__Bacteria; p__Bacteroidota; c__Bacteroidia; o__Bacteroidales; f__Rikenellaceae; g__Alistipes	0.9999997781118244
5373bbb677437d3fe299fc3054a75ca5	d__Bacteria; p__Bacillota; c__Bacilli; o__Erysipelotrichales; f__Erysipelatoclostridiaceae; g__Catenibacterium	0.9999987556321128
3f55a8ca784ae7190790023a30cd859c	d__Bacteria; p__Bacteroidota; c__Bacteroidia; o__Bacteroidales; f__Tannerellaceae	0.9999985251848511
9dc78fd8f2f7cb10e190e77af61c7ecd	d__Bacteria; p__Bacillota; c__Clostridia; o__Lachnospirales; f__Lachnospiraceae	0.999998207317734
9d33b7349930e31be451f51ecb312230	d__Bacteria; p__Thermodesulfobacteriota; c__Desulfovibrionia; o__Desulfovibrionales; f__Desulfovibrionaceae; g__Desulfovibrio	0.99996072986016
18a2d4ffc2f4ba00c178fa54b8a88b02	d__Bacteria; p__Bacteroidota; c__Bacteroidia; o__Bacteroidales; f__Barnesiellaceae; g__Barnesiella	0.9999999982153582
418237ce5971da1bfff2ed63c48f7759	d__Bacteria; p__Bacillota; c__Clostridia; o__Oscillospirales; f__Ruminococcaceae; g__Incertae_Sedis	0.9996808473010098
63a2de21003c952fd04b694d8444e66f	d__Bacteria; p__Bacillota; c__Clostridia; o__Lachnospirales; f__Lachnospiraceae; g__Dorea	0.7981482027892046
218a6324d16b842a38c70f1088a7c8b0	d__Bacteria; p__Bacillota; c__Clostridia; o__Monoglobales; f__Monoglobaceae; g__Monoglobus	0.9937725310814725
f47f8e690205be8c0572db3c32829f43	d__Bacteria; p__Bacillota; c__Negativicutes; o__Veillonellales-Selenomonadales; f__Selenomonadaceae; g__Megamonas	0.9999151927199531
cf9726fcf623aa6f02f30d100144eed9	d__Bacteria; p__Bacteroidota; c__Bacteroidia; o__Bacteroidales; f__Prevotellaceae; g__Incertae_Sedis	0.9978425570635494
62494726aa8b571cbdea4e0675d36775	d__Bacteria; p__Bacillota; c__Clostridia; o__Lachnospirales; f__Lachnospiraceae; g__[Eubacterium]_ventriosum_group	0.8962941387290552
a9ea15f544cb2ecb602963a264585697	d__Bacteria; p__Pseudomonadota; c__Alphaproteobacteria; o__Rhodospirillales; f__Incertae_Sedis; g__Incertae_Sedis	0.9999850165456523
4a341adb85aa9c4a1c9477b1c4806d84	d__Bacteria; p__Bacillota; c__Clostridia; o__Lachnospirales; f__Lachnospiraceae; g__[Eubacterium]_ventriosum_group	0.7864740156103923
65b9b3bb9c0edfdd0b3f8ceb44230097	d__Bacteria; p__Bacteroidota; c__Bacteroidia; o__Bacteroidales; f__Prevotellaceae; g__Prevotellaceae_NK3B31_group	0.9999998106786628
e82ab12c51a893c6d7938a16632199a8	d__Bacteria; p__Bacillota; c__Clostridia; o__Lachnospirales; f__Lachnospiraceae	0.9999989656026881
89aaa53ddd40fc345383951db24c8cf7	d__Bacteria; p__Bacillota; c__Clostridia; o__Christensenellales; f__Christensenellaceae; g__Christensenellaceae_R-7_group	0.997825022497547
92f000f936d3f349c5e7719a5edc5078	d__Bacteria; p__Bacillota; c__Clostridia; o__Lachnospirales; f__Lachnospiraceae	0.9999551102392437
b41e59600aba83d2b2846722bdf75f9f	d__Bacteria; p__Bacillota; c__Clostridia; o__Oscillospirales; f__Oscillospiraceae; g__UCG-002	0.9987966451932985
5860dac317300b1fe6094e958240cc7f	d__Bacteria; p__Bacillota; c__Clostridia; o__Lachnospirales; f__Lachnospiraceae; g__GCA-900066575	0.998846222262699
2ab8310e1e510f8045c7f4d191fa36be	d__Bacteria; p__Bacillota; c__Clostridia; o__Lachnospirales; f__Lachnospiraceae; g__Lachnospiraceae_FCS020_group	0.9960386095003742
183363d170c11345c5536566e728f3ba	d__Bacteria; p__Bacteroidota; c__Bacteroidia; o__Bacteroidales; f__Prevotellaceae; g__Leyella	0.9999999202700597
086d3f4f407e76e0bdd160fa3913e3c7	d__Bacteria; p__Bacillota; c__Clostridia; o__Oscillospirales; f__Ruminococcaceae; g__Faecalibacterium	0.9980506474383777
f510c44346e98c8ceb3b9cdc671d30b9	d__Bacteria; p__Bacillota; c__Clostridia; o__Lachnospirales; f__Lachnospiraceae; g__Agathobacter	0.9011020696523734
9f48f7b79ed6f3dcde8b25e0cf244d5d	d__Bacteria; p__Bacillota; c__Clostridia; o__Oscillospirales; f__Ruminococcaceae; g__Acutalibacter	0.9999956721130022
f45b62ab6ec22fb20364a7e05088158f	d__Bacteria; p__Bacillota; c__Clostridia; o__Lachnospirales; f__Lachnospiraceae; g__Marvinbryantia	0.9907514449501407
51625f89e7332f46ab0641e10cede6ea	d__Bacteria; p__Bacillota; c__Clostridia; o__Lachnospirales; f__Lachnospiraceae; g__Roseburia	0.8634967153968935
6ce138660ee94b52108bc8d6f402e344	d__Bacteria; p__Bacillota; c__Bacilli; o__Erysipelotrichales; f__Erysipelatoclostridiaceae; g__Catenibacterium	0.9999950186751939
979578981da3916b394bf24c32bace21	d__Bacteria; p__Bacillota; c__Clostridia; o__Oscillospirales; f__Ruminococcaceae; g__[Eubacterium]_siraeum_group	0.9999976946411236
cea0486054293b47714d155ca349b763	d__Bacteria; p__Bacillota; c__Clostridia; o__Oscillospirales; f__Ruminococcaceae; g__[Eubacterium]_siraeum_group	0.9999995584541901
9a63059ce6c9aec1061bd5b37cccce6f	d__Bacteria; p__Cyanobacteriota; c__Vampirivibrionia; o__Gastranaerophilales; f__Gastranaerophilaceae	0.9999999966881582
0a5ecb714cfe0cffa38d9ce40748c5e5	d__Bacteria; p__Bacillota; c__Clostridia; o__Monoglobales; f__Monoglobaceae; g__Monoglobus	0.9999826018040542
078562cbec29988d8a094b828f18b009	d__Bacteria; p__Bacillota; c__Bacilli; o__Erysipelotrichales; f__Erysipelatoclostridiaceae; g__Erysipelotrichaceae_UCG-003	0.9999923803498345
4c855814a58f4f324e8f0cfaab222e1f	d__Bacteria; p__Bacillota; c__Clostridia; o__Oscillospirales; f__Ruminococcaceae; g__Negativibacillus	0.9999988315905175
eb69b2ec6372e1cf366ea99c8ca0b838	d__Bacteria; p__Bacillota; c__Clostridia; o__Lachnospirales; f__Lachnospiraceae	0.9999378200429987
c6e3284c938a9042d013851150c66d4c	d__Bacteria; p__Bacillota; c__Clostridia; o__Lachnospirales; f__Lachnospiraceae; g__Agathobacter	0.9335182198819839
d50f817074ca271bb01812d98291d26d	d__Bacteria; p__Bacillota; c__Clostridia; o__Oscillospirales; f__Oscillospiraceae; g__Intestinimonas	0.7195783986452418
18a879058eac94a6d8f02e72e7390dee	d__Bacteria; p__Pseudomonadota; c__Gammaproteobacteria; o__Enterobacterales; f__Hafniaceae; g__Hafnia-Obesumbacterium	0.997812305744155
b50239847e4a4ca180dbaa61cded248e	d__Bacteria; p__Bacillota; c__Bacilli; o__Erysipelotrichales; f__Erysipelatoclostridiaceae; g__Catenibacterium	0.9999996420017326
102ab9644cb9df99a15dd1af51d6d9e8	d__Bacteria; p__Bacteroidota; c__Bacteroidia; o__Bacteroidales; f__Prevotellaceae; g__Segatella	0.9999950180979519
3f3e4f251d0c2774c6a5f942f357890f	d__Bacteria; p__Bacteroidota; c__Bacteroidia; o__Bacteroidales; f__Prevotellaceae; g__Prevotellaceae_UCG-001	0.874050764667512
b796b2132a5015f869c8b5ac44a0e2bf	d__Bacteria; p__Bacillota; c__Clostridia; o__Oscillospirales; f__Oscillospiraceae; g__Intestinimonas	0.9524418777292301
322498f1025a569812be6e3fe4f63ff7	d__Bacteria; p__Bacillota; c__Clostridia; o__Oscillospirales; f__Oscillospiraceae; g__UCG-005	0.9670887578848011
cbb1dee8bf80a6cf676e15d39d9979d1	d__Bacteria; p__Pseudomonadota; c__Alphaproteobacteria; o__Rhodospirillales; f__Incertae_Sedis; g__Incertae_Sedis	0.9999957073630602
32c4498732e02af61d331441ceabc5f5	d__Bacteria; p__Bacillota; c__Clostridia; o__Oscillospirales; f__Ruminococcaceae; g__DTU089	0.9999998067434079
1ad289cd8f44e109fd95de0382c5b252	d__Bacteria; p__Bacillota; c__Clostridia; o__Lachnospirales; f__Lachnospiraceae; g__Hungatella	0.9999381661519542
48d9883fd871b82d9bbc89cb0447be8c	d__Bacteria; p__Bacillota; c__Clostridia; o__Lachnospirales; f__Lachnospiraceae	0.9999999623375335
d3d99580d90cca486a23372a474e9571	d__Bacteria; p__Bacillota; c__Clostridia; o__Oscillospirales; f__Oscillospiraceae; g__UCG-005	0.9388353902125117
54f7ee881a58ad84fe3f81d76968b072	d__Bacteria; p__Bacteroidota; c__Bacteroidia; o__Bacteroidales; f__Rikenellaceae; g__Alistipes	0.9999999695455277
c0c365b5a32a28b8d2602de07c5d0b06	d__Bacteria; p__Bacillota; c__Clostridia; o__Lachnospirales; f__Lachnospiraceae; g__[Eubacterium]_xylanophilum_group	0.9721230486377498
ba615b33dd235617b826a3637c65ef07	d__Bacteria; p__Fusobacteriota; c__Fusobacteriia; o__Fusobacteriales; f__Fusobacteriaceae; g__Fusobacterium	0.9980339366647859
0b05a2e48cdc5f9e766bb0f4c209d4b4	d__Bacteria; p__Bacillota; c__Clostridia; o__Oscillospirales; f__Oscillospiraceae; g__Oscillibacter	0.9993599301236147
11316e1f2515631f6cb29e3a4604ebc4	d__Bacteria; p__Bacillota; c__Clostridia; o__Oscillospirales; f__Ruminococcaceae; g__Faecalibacterium	0.9994097553497576
cc42ed01e236e8f05d25a7310d47e354	d__Bacteria; p__Bacillota; c__Clostridia; o__Oscillospirales; f__Ruminococcaceae; g__CAG-352	0.9999849193536351
279ff4f1a15a8368fb38ccda6476553f	d__Bacteria; p__Bacillota; c__Clostridia; o__Lachnospirales; f__Lachnospiraceae	0.9999999717366439
a4e2a4e1321a599651edf92f6999e78e	d__Bacteria; p__Bacillota; c__Bacilli; o__Erysipelotrichales; f__Erysipelotrichaceae; g__Turicibacter	0.9999999660555551
4acc36d268585bc3834e627756313b21	d__Bacteria; p__Pseudomonadota; c__Gammaproteobacteria; o__Burkholderiales; f__Sutterellaceae; g__Sutterella	0.9999896488012174
1a5526b9f7147b6893f1a034a107cc65	d__Bacteria; p__Bacillota; c__Clostridia; o__Oscillospirales; f__Ruminococcaceae; g__DTU089	0.9999998722143968
fdb1c35a8dab336d65ed22d796e71e4b	d__Bacteria; p__Actinomycetota; c__Coriobacteriia; o__Coriobacteriales; f__Eggerthellaceae; g__Adlercreutzia	0.9998101997284615
3ec6218a76438451eeefdf0f7994562c	d__Bacteria; p__Bacillota; c__Negativicutes; o__Acidaminococcales; f__Acidaminococcaceae; g__Phascolarctobacterium	0.9999935791181624
ac9166cff57e7ff3581eaf798edc726c	d__Bacteria; p__Bacillota; c__Clostridia; o__Lachnospirales; f__Lachnospiraceae; g__[Eubacterium]_ventriosum_group	0.9998863661597552
47c98abffb77eb5999855b75594356cb	d__Bacteria; p__Bacillota; c__Bacilli; o__Lactobacillales; f__Streptococcaceae; g__Streptococcus	0.9999988046057848
c78ef78cda6297c41168f3805d9759a2	d__Bacteria; p__Pseudomonadota; c__Gammaproteobacteria; o__Enterobacterales; f__Enterobacteriaceae	0.7078900404578695
2c1dcc76478dfbb19fa59690738202c6	d__Bacteria; p__Bacillota; c__Clostridia; o__Lachnospirales; f__Lachnospiraceae; g__Lachnoclostridium	0.930051836465302
a6b81d1dbf55e1a5a17c6770544b352d	d__Bacteria; p__Bacteroidota; c__Bacteroidia; o__Bacteroidales; f__Prevotellaceae; g__Leyella	0.9999998933256989
cf9cf008c544439b985bf5d6866995f0	d__Bacteria; p__Bacillota; c__Clostridia; o__Oscillospirales; f__Ruminococcaceae; g__Gemmiger	0.9619208560115735
855e8b78c6f45f9a2e3d5afb75c4f5bb	d__Bacteria; p__Bacteroidota; c__Bacteroidia; o__Bacteroidales; f__Marinifilaceae; g__Odoribacter	0.999999999986855
dc5ad6476316caf0fad3c226eb0518d3	d__Bacteria; p__Bacillota; c__Clostridia; o__Lachnospirales; f__Lachnospiraceae; g__Lachnospira	0.9995035612995489
d92f65807fe1bb09eccc7692d259ea3f	d__Bacteria; p__Bacillota; c__Clostridia; o__Oscillospirales; f__[Eubacterium]_coprostanoligenes_group; g__Incertae_Sedis	0.9994699638216482
9910af85308499297d6462693122507c	d__Bacteria; p__Bacillota; c__Clostridia; o__Lachnospirales; f__Lachnospiraceae	0.9999136716313881
d6c46ad81c01997055a3b713c0d5ee1b	d__Bacteria; p__Actinomycetota; c__Coriobacteriia; o__Coriobacteriales; f__Eggerthellaceae; g__Incertae_Sedis	0.999999987393153
05736395b184324b94bf557984b36834	d__Bacteria; p__Bacillota; c__Clostridia; o__Lachnospirales; f__Lachnospiraceae; g__Lachnospiraceae_UCG-003	0.9996580199351472
3196cb45b6d30dbf8390c74eef21a2b9	d__Bacteria; p__Bacillota; c__Bacilli; o__Izemoplasmatales; f__Incertae_Sedis; g__Incertae_Sedis	0.9999999701721412
ba88d4e4e6a24ecc2a5aab6bdfbb77f5	d__Bacteria; p__Bacillota; c__Clostridia; o__Oscillospirales; f__Oscillospiraceae; g__Colidextribacter	0.9910832757827605
f1eed757e7d0162f52463f47d0d76ea4	d__Bacteria; p__Bacillota; c__Clostridia; o__Oscillospirales; f__Oscillospiraceae; g__UCG-003	0.7991838721118547
aa3e2d76e864d7909b51110e211ef36c	d__Bacteria; p__Bacillota; c__Clostridia; o__Oscillospirales; f__[Eubacterium]_coprostanoligenes_group; g__Incertae_Sedis	0.9998768578432375
cac6c7658f95d12dc62168579211c046	d__Bacteria; p__Bacteroidota; c__Bacteroidia; o__Bacteroidales; f__Bacteroidaceae; g__Bacteroides	0.9999995863197174
c5b4c6b372dbc13b6a7f2d466fc7335f	d__Bacteria; p__Bacillota; c__Clostridia; o__Lachnospirales; f__Lachnospiraceae; g__Eisenbergiella	0.999984164230033
be9eb15986b4bdfad6c474a30e7ce4b9	d__Bacteria; p__Bacillota; c__Clostridia; o__Clostridia_UCG-014; f__Incertae_Sedis; g__Incertae_Sedis	0.999999999466965
8507091bac6b1be88f3d360d6d535d0e	d__Bacteria; p__Bacillota; c__Clostridia; o__Lachnospirales; f__Lachnospiraceae; g__Syntrophococcus	0.9038404456924657
3fe93932d7fc358882fc0a5994216640	d__Bacteria; p__Bacillota; c__Clostridia; o__Clostridia_UCG-014; f__Incertae_Sedis; g__Incertae_Sedis	0.9999999981539958
642869b814a341c72d220e6b485485e5	d__Bacteria; p__Bacillota; c__Clostridia; o__Clostridia_UCG-014; f__Incertae_Sedis; g__Incertae_Sedis	0.9999999897690799
02544a656d2d329d9f17243140f247fd	d__Bacteria; p__Bacillota; c__Negativicutes; o__Veillonellales-Selenomonadales; f__Veillonellaceae; g__Dialister	0.9999982170160827
3e4d8e36150e165963127273f388ef92	d__Bacteria; p__Bacteroidota; c__Bacteroidia; o__Bacteroidales; f__Bacteroidaceae; g__Bacteroides	0.999993845815575
0c70bdd5631104dd3d818561c9166f6c	d__Bacteria; p__Bacillota; c__Clostridia; o__Lachnospirales; f__Lachnospiraceae	0.9999999826775818
821ab77a0499a8888d13db8b351896ac	d__Bacteria; p__Bacillota; c__Clostridia; o__Lachnospirales; f__Lachnospiraceae	0.9999997485668269
d3a85876c33618c4249deec33b37d86d	d__Bacteria; p__Bacillota; c__Negativicutes; o__Veillonellales-Selenomonadales; f__Veillonellaceae; g__Megasphaera	0.9999999093676065
f9765bd9332162f70268554ab318197e	d__Bacteria; p__Bacillota; c__Clostridia; o__Lachnospirales; f__Lachnospiraceae	0.9999993494033871
3eaea6032cd88394cba0e99c2836e64e	d__Bacteria; p__Bacillota; c__Clostridia; o__Oscillospirales; f__Oscillospiraceae; g__UCG-002	0.9996966924166941
dc6eb4c0a6f13a8c4635e14e69012019	d__Bacteria; p__Bacteroidota; c__Bacteroidia; o__Bacteroidales; f__Incertae_Sedis; g__Incertae_Sedis	0.9994942413715959
f8fddaf28c298579f91dc9d789698c9c	d__Bacteria; p__Bacillota; c__Clostridia; o__Oscillospirales; f__Ruminococcaceae; g__Faecalibacterium	0.9964277105941043
40a6b537d995aeb12b0100e2cb6ad879	d__Bacteria; p__Bacillota; c__Clostridia; o__Lachnospirales; f__Lachnospiraceae; g__Blautia	0.8610499339606457
3ab478dc774698160752d65d58e108ca	d__Bacteria; p__Bacteroidota; c__Bacteroidia; o__Bacteroidales; f__Muribaculaceae; g__Incertae_Sedis	0.9999998449533911
9f74473636e6874853d88dfcbcecff49	d__Bacteria; p__Bacillota; c__Bacilli; o__Lactobacillales; f__Streptococcaceae; g__Lactococcus	0.9999999196125945
240a1c612d82c7e9d68aff5b13f0a84a	d__Bacteria; p__Bacillota; c__Clostridia; o__Clostridia_vadinBB60_group; f__Incertae_Sedis; g__Incertae_Sedis	0.9999472021598141
5d3cdc292be2c8ea804f936471273435	d__Bacteria; p__Bacillota; c__Clostridia; o__Oscillospirales; f__Butyricicoccaceae	0.999999987939868
4faf0d1e462b85e630eaa40b17d8d744	d__Bacteria; p__Bacillota; c__Clostridia; o__Lachnospirales; f__Lachnospiraceae; g__Howardella	0.9999999949069718
402d5cbd6f863696df928da187b349c1	d__Bacteria; p__Bacillota; c__Clostridia; o__Oscillospirales; f__Ruminococcaceae; g__Faecalibacterium	0.9980023015327834
e84bea8ae61342674744560dd7de4721	d__Bacteria; p__Cyanobacteriota; c__Vampirivibrionia; o__Gastranaerophilales; f__Gastranaerophilaceae; g__CAG-196	0.9955273490988042
6fc765c81c8b663cedcd799094894748	d__Bacteria; p__Bacillota; c__Clostridia; o__Christensenellales; f__Christensenellaceae; g__Christensenellaceae_R-7_group	0.7817089450261204
2cf53730a41137e7ad95ed3680541d80	d__Bacteria; p__Bacteroidota; c__Bacteroidia; o__Bacteroidales; f__Rikenellaceae; g__Alistipes	0.9990246549110249
4265945959482393f3aff3583cade9ce	d__Bacteria; p__Bacteroidota; c__Bacteroidia; o__Bacteroidales; f__Rikenellaceae; g__Alistipes	0.9999996168253086
88b983a3a3cdbf79a5e4226b5e20ff73	d__Bacteria; p__Bacillota; c__Negativicutes; o__Veillonellales-Selenomonadales; f__Selenomonadaceae; g__Anaerovibrio	0.9992854388929653
efa0dbb6047b76c4d35d01f285f827a0	d__Bacteria; p__Bacillota; c__Clostridia; o__Lachnospirales; f__Lachnospiraceae; g__Lachnospiraceae_UCG-003	0.8936252418566524
1634bc38311d3c868d1077602dc439f2	d__Bacteria; p__Bacillota; c__Negativicutes; o__Veillonellales-Selenomonadales; f__Selenomonadaceae; g__Mitsuokella	0.997664601112134
84507d83ac3607345c4b1abce2ace2dc	d__Bacteria; p__Bacillota; c__Clostridia; o__Monoglobales; f__Monoglobaceae; g__Monoglobus	0.998497247177002
2353a1440b49a6a5eb83966826686dda	d__Bacteria; p__Bacillota; c__Clostridia; o__Lachnospirales; f__Lachnospiraceae; g__Blautia	0.910865133727106
44eb22df6fab51d61089b340d7e4dd0c	d__Bacteria; p__Bacteroidota; c__Bacteroidia; o__Bacteroidales; f__Prevotellaceae; g__Incertae_Sedis	0.9999980016060237
4bec204a5986223b16143ad5db1c8433	d__Bacteria; p__Bacillota; c__Clostridia; o__Lachnospirales; f__Lachnospiraceae; g__Shuttleworthia	0.9976302973306986
d2d1d9d57e61a764383ea2c84cef04c5	d__Bacteria; p__Bacillota; c__Clostridia; o__Oscillospirales; f__Ruminococcaceae; g__Negativibacillus	0.9999978835473741
c6622e664d267eff5fda9b16f5c5ecfa	d__Bacteria; p__Bacillota; c__Clostridia; o__Oscillospirales; f__Oscillospiraceae; g__NK4A214_group	0.9999521744437091
ffad8248831b669d2355b577d8dd5d73	d__Bacteria; p__Bacillota; c__Clostridia; o__Oscillospirales; f__Ruminococcaceae; g__Ruminococcus	0.9975608051463023
60e681703dcab859a8e336be27fd6cf0	d__Bacteria; p__Bacillota; c__Clostridia; o__Lachnospirales; f__Lachnospiraceae	0.9999950064537417
64d0a182b41ddc2ed31ebfc1dd2dab3b	d__Bacteria; p__Bacillota; c__Clostridia; o__Lachnospirales; f__Lachnospiraceae; g__Blautia	0.9770841802154601
8eb0067c259e1b94a18d4585a14b57d0	d__Bacteria; p__Bacillota; c__Negativicutes; o__Veillonellales-Selenomonadales; f__Veillonellaceae; g__Dialister	0.9999999517429938
b31dc925f086ab7773e6021fef012e77	d__Bacteria; p__Bacillota; c__Clostridia; o__Oscillospirales; f__Ruminococcaceae; g__Ruminococcus	0.9845345511805517
8f5959f21dc9ce9a281656f8d699ec07	d__Bacteria; p__Bacillota; c__Clostridia; o__Lachnospirales; f__Lachnospiraceae; g__Marvinbryantia	0.907992550218562
226d7503ab3d1ea0ae84d97fbd804323	d__Bacteria; p__Bacillota; c__Clostridia; o__Lachnospirales; f__Lachnospiraceae; g__Shuttleworthia	0.9081243961802659
1aab913302590e21a7be28b1494a3320	d__Bacteria; p__Bacillota; c__Clostridia; o__Oscillospirales; f__Oscillospiraceae	0.9997679792776457
65661b45a16d53f43929b81f7e2352c0	d__Bacteria; p__Bacillota; c__Clostridia; o__Clostridia_UCG-014; f__Incertae_Sedis; g__Incertae_Sedis	0.9999999847543252
8ffd2b3caa54b2922e98a0d5aab5adde	d__Bacteria; p__Bacillota; c__Clostridia; o__Lachnospirales; f__Lachnospiraceae; g__[Eubacterium]_ventriosum_group	0.9998717817924119
7b2ff5940de11da4dc3bb208805dff11	d__Bacteria; p__Bacillota; c__Clostridia; o__Oscillospirales; f__Oscillospiraceae; g__Oscillospira	0.8610356475994921
1264ac914d010d7c663fadca9c5904f4	d__Bacteria; p__Thermodesulfobacteriota; c__Desulfovibrionia; o__Desulfovibrionales; f__Desulfovibrionaceae; g__Bilophila	0.9999997419209925
3d9838f12f6ff5591dbadeb427a855f1	d__Bacteria; p__Bacteroidota; c__Bacteroidia; o__Bacteroidales; f__Bacteroidaceae; g__Bacteroides	0.9999899621648486
8df5a666d571bcb1b2a44aaf978fab49	d__Bacteria; p__Bacillota; c__Clostridia; o__Lachnospirales; f__Lachnospiraceae; g__Extibacter	0.9853068136916493
e93353e2f0933428863919d4b1bcaa3f	d__Bacteria; p__Bacillota; c__Clostridia; o__Oscillospirales; f__Ruminococcaceae; g__Faecalibacterium	0.9995801356847583
2fee36ac3b841b7c63b377f87cd57634	d__Bacteria; p__Bacillota; c__Clostridia; o__Lachnospirales; f__Lachnospiraceae; g__Anaerostipes	0.9927892366053073
86deb5cf8d6f29d383136e0d09863b69	d__Bacteria; p__Bacillota; c__Bacilli; o__Erysipelotrichales; f__Erysipelotrichaceae; g__Holdemania	0.9999979745204448
7e17a5137fd9dab8c02617a186088c4d	d__Bacteria; p__Bacillota; c__Clostridia; o__Oscillospirales; f__Butyricicoccaceae; g__Agathobaculum	0.9990174848827721
6a9e1e655fe2af5613febe562027c470	d__Bacteria; p__Bacillota; c__Negativicutes; o__Veillonellales-Selenomonadales; f__Veillonellaceae; g__Veillonella	0.9999999814428977
b43bf48d76a20b5c7852607cc88a11be	d__Bacteria; p__Bacillota; c__Clostridia; o__Oscillospirales; f__Oscillospiraceae; g__Oscillospira	0.9608128623024283
ab153c3e19553cead3d76fb9e00684c2	d__Bacteria; p__Bacillota; c__Clostridia; o__Lachnospirales; f__Lachnospiraceae; g__[Eubacterium]_xylanophilum_group	0.9994409918720303
59677fba0973de98301c80ecd3d0c487	d__Bacteria; p__Bacillota; c__Clostridia; o__Oscillospirales; f__[Eubacterium]_coprostanoligenes_group; g__Incertae_Sedis	0.9999791104113852
90a7af2e062d31d02954970da8a27091	d__Bacteria; p__Bacillota; c__Clostridia; o__Lachnospirales; f__Lachnospiraceae; g__Mediterraneibacter	0.9147401270413033
7fa68c46b87cb8fc334456fc14dfdf23	d__Bacteria; p__Bacillota; c__Clostridia; o__Lachnospirales; f__Lachnospiraceae; g__Agathobacter	0.938706168898539
5b79b88486d3642167e7b79cbf2b0139	d__Bacteria; p__Bacillota; c__Clostridia; o__Monoglobales; f__Monoglobaceae; g__Monoglobus	0.9982056634644436
3c92275b64192f31a190c4d6b60001ba	d__Bacteria; p__Bacteroidota; c__Bacteroidia; o__Bacteroidales; f__Prevotellaceae; g__Prevotellaceae_NK3B31_group	0.9989589966882212
ff9c38c8e5450a3347e39a6c1539fcdb	d__Bacteria; p__Bacillota; c__Bacilli; o__Erysipelotrichales; f__Erysipelotrichaceae; g__Solobacterium	0.9999672327462014
b4e9f9d426f776b13d30104761a9d586	d__Bacteria; p__Bacillota; c__Clostridia; o__Clostridia_UCG-014; f__Incertae_Sedis; g__Incertae_Sedis	0.99999999933938
963b89f6e91655b06fd4e373f024f941	d__Bacteria; p__Bacteroidota; c__Bacteroidia; o__Bacteroidales; f__Rikenellaceae; g__Rikenellaceae_RC9_gut_group	0.9999930213698112
8ef31508d9a2fc6f83935de5607a686c	d__Bacteria; p__Bacillota; c__Clostridia; o__Oscillospirales; f__Oscillospiraceae; g__Intestinimonas	0.982753108547037
514b34f09e4acd2397d38273c630d338	d__Bacteria; p__Bacillota; c__Clostridia; o__Christensenellales; f__Christensenellaceae; g__Christensenellaceae_R-7_group	0.8325015417556121
f11bd4248a2f95e53507c5bbf8dda43a	d__Bacteria; p__Bacillota; c__Clostridia; o__Oscillospirales; f__Oscillospiraceae; g__UCG-005	0.9864861061756538
0189d0173c07f11e7586ff20eb33f5ba	d__Bacteria; p__Bacillota; c__Bacilli; o__Erysipelotrichales; f__Erysipelotrichaceae; g__Dielma	0.9999999895713501
8a20667bca2eaf2a0687995af876a84c	d__Bacteria; p__Bacillota; c__Clostridia; o__Lachnospirales; f__Lachnospiraceae; g__Tyzzerella	0.9999987730649162
9828f58eaf910927264c204ace9caeed	d__Bacteria; p__Bacteroidota; c__Bacteroidia; o__Bacteroidales; f__Bacteroidaceae; g__Bacteroides	0.99999995719189
faebef2d6c5aa5d7a7b2b74876ed34a5	d__Bacteria; p__Bacillota; c__Bacilli; o__Lactobacillales; f__Lactobacillaceae; g__Lapidilactobacillus	0.9987413324140054
312c538e3bbecfc7379c4e2fdc4cc284	d__Bacteria; p__Bacillota; c__Clostridia; o__Lachnospirales; f__Lachnospiraceae; g__Blautia	0.9902265112974159
dde2f514908a4fcaa80827346c7b7a19	d__Bacteria; p__Bacillota; c__Clostridia; o__Oscillospirales; f__Oscillospiraceae; g__UCG-003	0.9988696795184703
c8c6107f7ed131255f247c0beee36d16	d__Bacteria; p__Bacteroidota; c__Bacteroidia; o__Bacteroidales; f__Prevotellaceae; g__Leyella	0.9999997758855381
1a16c1131cb0a90cd58828afa1369d97	d__Bacteria; p__Bacillota; c__Clostridia	0.9999164369902582
0a760bf1520d59a92be8f51e3f547c58	d__Bacteria; p__Bacteroidota; c__Bacteroidia; o__Bacteroidales; f__Prevotellaceae; g__Prevotellaceae_UCG-001	0.9995661922709256
df6a1dbd34417b068878c043bd7a6bcc	d__Bacteria; p__Bacteroidota; c__Bacteroidia; o__Bacteroidales; f__Prevotellaceae; g__Segatella	0.9999925908946132
631d11678378985e831b62be77225372	d__Bacteria; p__Bacteroidota; c__Bacteroidia; o__Bacteroidales; f__Tannerellaceae; g__Parabacteroides	0.9999484793723742
7236beef2afd3daa8faca0b3865918a7	d__Bacteria; p__Bacillota; c__Clostridia; o__Oscillospirales; f__Ruminococcaceae; g__Faecalibacterium	0.9994751024662917
f5706d9ec821f971e4c08ee992995b40	d__Bacteria; p__Bacteroidota; c__Bacteroidia; o__Bacteroidales; f__Barnesiellaceae; g__Coprobacter	0.99999999999838
99638860e7ec10ae72f6683d64c33692	d__Bacteria; p__Bacteroidota; c__Bacteroidia; o__Bacteroidales; f__Rikenellaceae; g__Rikenellaceae_RC9_gut_group	0.9988011659259355
8c92e79d57630e9d1c9be769c5e050bc	d__Bacteria; p__Bacillota; c__Bacilli; o__RF39; f__Incertae_Sedis; g__Incertae_Sedis	0.9999999964550739
7667b07b46f3d78c76f13781337cd218	d__Bacteria; p__Bacillota; c__Clostridia; o__Lachnospirales; f__Lachnospiraceae	0.9999996571143674
3128e057b1d4f320961e4da677724613	d__Bacteria; p__Bacillota; c__Clostridia; o__Lachnospirales; f__Lachnospiraceae; g__Lachnoclostridium	0.9303741602528486
e0136d33f415960cac7aa439fe522aa3	d__Bacteria; p__Bacillota; c__Clostridia; o__Lachnospirales; f__Lachnospiraceae	0.9999992093168252
ccbe175fbadbb20be1fa5fea63bd8e58	d__Bacteria; p__Bacteroidota; c__Bacteroidia; o__Bacteroidales; f__Prevotellaceae; g__Incertae_Sedis	0.9718777847389553
7caeddc257ec3348f36da4b20efa5967	d__Bacteria; p__Bacillota; c__Clostridia; o__Lachnospirales; f__Lachnospiraceae; g__Agathobacter	0.8880945141166199
b8965aa651dca4c452d644898467ea59	d__Bacteria; p__Bacillota; c__Clostridia; o__Oscillospirales; f__Ruminococcaceae; g__Subdoligranulum	0.7923976192675564
8dccd839cf4868a3343e411c063932a6	d__Bacteria; p__Bacillota; c__Clostridia; o__Oscillospirales; f__Ruminococcaceae; g__Ruminococcus	0.9918666008694854
b9024a1f377b62508864cfea59b16a31	d__Bacteria; p__Bacillota; c__Clostridia; o__Lachnospirales; f__Lachnospiraceae	0.999968527958693
cf8eb2fb3d885d1919ba916bc0975347	d__Bacteria; p__Bacillota; c__Clostridia; o__Clostridiales; f__Clostridiaceae; g__Clostridium	0.9983864767874069
904ad13c7b8512200836d5cd9fb09e1b	d__Bacteria; p__Bacteroidota; c__Bacteroidia; o__Bacteroidales; f__Rikenellaceae; g__Alistipes	0.9997750530784172
d68038381d041eafeae8c51f7aaf149c	d__Bacteria; p__Bacillota; c__Clostridia; o__Lachnospirales; f__Lachnospiraceae; g__Blautia	0.8731195714989132
34cddd9fe152c24d78924ef25927d67c	d__Bacteria; p__Bacillota; c__Clostridia; o__Lachnospirales; f__Lachnospiraceae; g__Hungatella	0.9997638213150624
932e1f2d3f75eaba13d2b2be2f2f7cb3	d__Bacteria; p__Bacillota; c__Bacilli; o__Lactobacillales; f__Streptococcaceae; g__Streptococcus	0.9999995258329465
a05380f8f16f753fea50a264e86a6e01	d__Bacteria; p__Bacillota; c__Clostridia; o__Oscillospirales; f__Ruminococcaceae; g__Faecalibacterium	0.9991785572630618
e7037dc2701d6b9666d2c0dab6110ae7	d__Bacteria; p__Bacillota; c__Clostridia; o__Clostridia_UCG-014; f__Incertae_Sedis; g__Incertae_Sedis	0.9999999998050839
76fb2ac4cb9119f054ccce964313528e	d__Bacteria; p__Actinomycetota; c__Coriobacteriia; o__Coriobacteriales; f__Coriobacteriales_Incertae_Sedis; g__Incertae_Sedis	0.999949602853545
9ac5fec396208e598ab2e2d26985d0df	d__Bacteria; p__Actinomycetota; c__Actinobacteria; o__Actinomycetales; f__Actinomycetaceae; g__Schaalia	0.9998444956536003
314e5c196fb5e6dedd630aba9d1dcffc	d__Bacteria; p__Bacteroidota; c__Bacteroidia; o__Bacteroidales; f__Bacteroidaceae; g__Bacteroides	0.999999405836127
ccce7fe8aa849bed027f6898300e0c45	d__Bacteria; p__Bacillota; c__Clostridia; o__Lachnospirales; f__Lachnospiraceae; g__Lachnospiraceae_FCS020_group	0.7670197592033676
026ee54ecf8124b254e2e99cf6abeee1	d__Bacteria; p__Bacillota; c__Clostridia; o__Lachnospirales; f__Lachnospiraceae; g__Coprococcus	0.9619019498867982
4dd733896363dcbed73e590472990adb	d__Bacteria; p__Bacillota; c__Clostridia; o__Lachnospirales; f__Lachnospiraceae; g__Anaerostipes	0.9999991009168445
e45b86432c7578dffa6aa7a2c8742b1a	d__Bacteria; p__Bacteroidota; c__Bacteroidia; o__Bacteroidales; f__Barnesiellaceae; g__Barnesiella	0.999999997627782
abd5c056665c6fbb129635f6055a8fe1	d__Bacteria; p__Bacillota; c__Clostridia	0.9999751103625867
0ee4ac0c301140ded32770c769813268	d__Bacteria; p__Bacillota; c__Clostridia; o__Oscillospirales; f__Ruminococcaceae; g__Faecalibacterium	0.9992709068725874
7ebc04cb539befd9f2e7faa131628c66	d__Bacteria; p__Bacillota; c__Clostridia; o__Peptostreptococcales-Tissierellales; f__Anaerovoracaceae; g__Family_XIII_AD3011_group	0.999724598792906
2e5ae044c1222b390c11f1c20ca0a3b3	d__Bacteria; p__Bacillota; c__Clostridia; o__Lachnospirales; f__Lachnospiraceae; g__[Ruminococcus]_gauvreauii_group	0.9973364259247953
26d3b0244658c13ba2f695da4ac741d4	d__Bacteria; p__Bacillota; c__Clostridia; o__Oscillospirales; f__Oscillospiraceae; g__NK4A214_group	0.9999412955312101
f4b84d33e7e992fdcc68ce666f80d90a	d__Bacteria; p__Bacillota; c__Clostridia; o__Lachnospirales; f__Lachnospiraceae	0.9999998692839573
52086d32dabe52ccec17f87c2e2edb86	d__Bacteria; p__Bacillota; c__Clostridia; o__Oscillospirales; f__Oscillospiraceae; g__UCG-005	0.9976548618358466
cebd1b49e8ad0a6ad08f4e1df9971c29	d__Bacteria; p__Bacillota; c__Clostridia; o__Lachnospirales; f__Lachnospiraceae; g__Fusicatenibacter	0.9998295767292011
4fb39e704f5f7f3cd3a5f7edfdcd4fe9	d__Bacteria; p__Bacillota; c__Negativicutes; o__Veillonellales-Selenomonadales; f__Veillonellaceae; g__Dialister	0.9990807668721052
57e77761c7d4464a3968f059b4a9afcc	d__Bacteria; p__Bacillota; c__Clostridia; o__Oscillospirales; f__Butyricicoccaceae; g__UCG-009	0.9988207275007197
4ca81bcae93372ce3b8ea8d34791f550	d__Bacteria; p__Bacillota; c__Clostridia; o__Oscillospirales; f__Ruminococcaceae; g__Faecalibacterium	0.9971927399730885
90104f2fbcc925a6619e805c7a625c57	d__Bacteria; p__Bacillota; c__Clostridia; o__Christensenellales; f__Christensenellaceae; g__Christensenellaceae_R-7_group	0.9870778331712057
1abbb538ca7a8f4890aa3d258144e7d7	d__Bacteria; p__Bacillota; c__Negativicutes; o__Acidaminococcales; f__Acidaminococcaceae; g__Phascolarctobacterium	0.9999998548970089
99b2cff732928cd76c6b0bdce3f68eb5	d__Bacteria; p__Bacillota; c__Clostridia; o__Oscillospirales; f__Ruminococcaceae; g__Subdoligranulum	0.8034377264557324
871b1c75e0386bab70809735d040ed28	d__Bacteria; p__Bacillota; c__Clostridia; o__Oscillospirales; f__Ruminococcaceae; g__Incertae_Sedis	0.923767020797698
02b30c4a6fa7857352ccd61092a5002a	d__Bacteria; p__Bacillota; c__Clostridia; o__Lachnospirales; f__Lachnospiraceae	0.9999928947280784
5cf5895a231b0a52d5859c74c74aada7	d__Bacteria; p__Bacillota; c__Clostridia; o__Lachnospirales; f__Lachnospiraceae; g__Anaerobutyricum	0.9999997130621935
2480f3aa1e7784b461d9b5b83a6bfc81	d__Bacteria; p__Actinomycetota; c__Coriobacteriia; o__Coriobacteriales; f__Eggerthellaceae; g__Eggerthella	0.9999999811560374
a930b17afabc7d14691776ff8b71efc2	d__Bacteria; p__Pseudomonadota; c__Gammaproteobacteria; o__Enterobacterales; f__Erwiniaceae; g__Tatumella	0.9385382180886689
fabcee9dfd59742a68fb20359ad57515	d__Bacteria; p__Bacillota; c__Clostridia; o__Lachnospirales; f__Lachnospiraceae; g__Blautia	0.988651460853673
bd0f4e14387ee1ac7e5fe586cadbbed4	d__Bacteria; p__Bacillota; c__Clostridia	0.9668647545262246
edc36645771cae3273e4cffa397dd525	d__Bacteria; p__Bacteroidota; c__Bacteroidia; o__Bacteroidales; f__Rikenellaceae; g__Alistipes	0.9999998505395494
71eefb0527438cc9f3a3e91dccd3caa8	d__Bacteria; p__Bacteroidota; c__Bacteroidia; o__Bacteroidales; f__Tannerellaceae; g__Parabacteroides	0.9963376901573013
9370786fd95470565ade40c119018a6f	d__Bacteria; p__Bacillota; c__Clostridia; o__Lachnospirales; f__Lachnospiraceae; g__Enterocloster	0.9393579895960787
b2001c0d80ba1dde927566a88a3b45c4	d__Bacteria; p__Bacillota; c__Bacilli; o__RF39; f__Incertae_Sedis; g__Incertae_Sedis	0.9999999713035241
aca009660958ccb999b4d1a05bf15547	d__Bacteria; p__Bacillota; c__Clostridia; o__Oscillospirales; f__Ruminococcaceae; g__Ruminococcus	0.8515339257870332
00b11c6cc951a6fb980124be4a1d8d69	d__Bacteria; p__Bacteroidota; c__Bacteroidia; o__Bacteroidales; f__Rikenellaceae; g__Alistipes	0.9999997433691209
286dd82fd77cef27aaac109ae8467ae8	d__Bacteria; p__Bacillota; c__Clostridia; o__Clostridia_UCG-014; f__Incertae_Sedis; g__Incertae_Sedis	0.9999999986684855
7bd0b9424d0d70f7a481a74c40968b3d	d__Bacteria; p__Bacillota; c__Negativicutes; o__Veillonellales-Selenomonadales; f__Veillonellaceae; g__Dialister	0.999300432747381
b9fefd4224e459a6a0d21db63b1c0d03	d__Bacteria; p__Bacillota; c__Clostridia; o__Lachnospirales; f__Lachnospiraceae; g__Lachnospiraceae_UCG-004	0.9983215569915287
01ad82ebba7693e186af124d083365c4	d__Bacteria; p__Bacteroidota; c__Bacteroidia; o__Bacteroidales; f__Incertae_Sedis; g__Incertae_Sedis	0.9999496282244829
69496f96dfcd0a462a28e681fd85d91c	d__Bacteria; p__Bacillota; c__Clostridia; o__Lachnospirales; f__Lachnospiraceae; g__Extibacter	0.7332852683204327
82c890da8759fa9477cd991a1f214b3c	d__Bacteria; p__Bacillota; c__Clostridia; o__Oscillospirales; f__Oscillospiraceae; g__Intestinimonas	0.9873702860866326
bca0b81a0b8d59e90c25a323c2f62f31	d__Bacteria; p__Bacillota; c__Clostridia; o__Clostridiales; f__Clostridiaceae; g__Clostridium	0.9997897572033425
7edba45d6911f664afcf373f815e2132	d__Bacteria; p__Bacillota; c__Clostridia; o__Monoglobales; f__Monoglobaceae; g__Monoglobus	0.9948989410221665
cf5ac8f114165557297f0f4b23e1c107	d__Bacteria; p__Bacteroidota; c__Bacteroidia; o__Bacteroidales; f__Prevotellaceae; g__Leyella	0.9999994205060405
3bf4164b4adf1536fe2fc6a3b30f6262	d__Bacteria; p__Bacillota; c__Clostridia; o__Oscillospirales; f__Ruminococcaceae; g__Ruminococcus	0.998972727781334
5eb9520307f1836913cc5937f1c9f64d	d__Bacteria; p__Bacillota; c__Clostridia; o__Clostridia_vadinBB60_group; f__Incertae_Sedis; g__Incertae_Sedis	0.9999979470448933
c3271e07d04ed21472661bd7755135dc	d__Bacteria; p__Bacillota; c__Clostridia; o__Oscillospirales; f__Ruminococcaceae; g__Faecalibacterium	0.9992317800466048
b3605f9c88d795522c4719140f30c78b	d__Bacteria; p__Thermodesulfobacteriota; c__Desulfovibrionia; o__Desulfovibrionales; f__Desulfovibrionaceae; g__Desulfovibrio	0.9999806374082445
05a9496889643275df497d47dab015ba	d__Bacteria; p__Bacillota; c__Clostridia; o__Clostridia_UCG-014; f__Incertae_Sedis; g__Incertae_Sedis	0.9999999998023981
4cbb49cb8ec29757a719fb455a2d9a9e	d__Bacteria; p__Bacillota; c__Clostridia; o__Lachnospirales; f__Lachnospiraceae	0.9999999986842414
1122e3e704b3328c5260229e1d706986	d__Bacteria; p__Bacillota; c__Clostridia; o__Oscillospirales; f__Oscillospiraceae; g__UCG-002	0.9999802344699429
34e921961ff340dcef204bef4db6dbcf	d__Bacteria; p__Bacteroidota; c__Bacteroidia; o__Bacteroidales; f__Bacteroidaceae; g__Bacteroides	0.9999596213915009
f020204fe11a35e567b72acee8856799	d__Bacteria; p__Bacteroidota; c__Bacteroidia; o__Bacteroidales; f__Prevotellaceae; g__Incertae_Sedis	0.9145268648716574
51ec82b74708e9246ec88a798ba7c636	d__Bacteria; p__Bacillota; c__Clostridia; o__Oscillospirales; f__Ruminococcaceae; g__Acutalibacter	0.9998277018326779
0209f9868a22059c659df474a746d8f4	d__Bacteria; p__Bacteroidota; c__Bacteroidia; o__Bacteroidales; f__Barnesiellaceae; g__Barnesiella	0.9999999994249151
9938c8f22908861f780f8719b75dc0b2	d__Bacteria; p__Bacillota; c__Bacilli; o__Lactobacillales; f__Lactobacillaceae; g__Limosilactobacillus	0.9975320095997656
79dee9767ff93641460ed36eded249ee	d__Bacteria; p__Bacillota; c__Clostridia; o__Lachnospirales; f__Lachnospiraceae; g__Agathobacter	0.9319202863048093
e71461ffe18aa4dc3b1f7ba4a1011cff	d__Bacteria; p__Bacillota; c__Clostridia; o__Lachnospirales; f__Lachnospiraceae	0.9998806321140211
c5e3c5422835403541b0af331a2cc649	d__Bacteria; p__Bacillota; c__Clostridia; o__Oscillospirales; f__Ruminococcaceae; g__Acutalibacter	0.9999526014123976
d117a20b7daabc35e9d810f3a93d18b5	d__Bacteria; p__Bacillota; c__Clostridia; o__Oscillospirales; f__Ruminococcaceae	0.9999925480634326
0794525203824578792400b65a392cd0	d__Bacteria; p__Bacillota; c__Clostridia; o__Lachnospirales; f__Lachnospiraceae	0.9999972473039522
d39faf09bb3a262ec83a433ed6b7d014	d__Bacteria; p__Bacteroidota; c__Bacteroidia; o__Bacteroidales; f__Barnesiellaceae; g__Barnesiella	0.999999981188296
4060be28072a120ebefbef199c09187f	d__Bacteria; p__Bacteroidota; c__Bacteroidia; o__Bacteroidales; f__Bacteroidaceae; g__Bacteroides	0.9999674716236232
3b6f0cdb18c95c3dea80ebb3c6cdb6d5	d__Bacteria; p__Bacillota; c__Clostridia; o__Oscillospirales; f__Ruminococcaceae; g__Gemmiger	0.9885827381685875
3233034b11dfc584717d9264882a4fce	d__Bacteria; p__Bacillota; c__Clostridia; o__Oscillospirales; f__Ruminococcaceae; g__Phocea	0.9999998534295537
539ca948741b9a713eb781d4281b23fc	d__Bacteria; p__Bacillota; c__Clostridia; o__Oscillospirales; f__Ruminococcaceae; g__Anaerotruncus	0.9999828816391056
88956ab21ebb7e44b2dd317dd412818a	d__Bacteria; p__Bacillota; c__Clostridia; o__Peptostreptococcales-Tissierellales; f__Anaerovoracaceae; g__Family_XIII_AD3011_group	0.9994712014132923
698862fbff78c7fc3cd7a9f4958bdadb	d__Bacteria; p__Bacillota; c__Clostridia; o__Peptostreptococcales-Tissierellales; f__Peptostreptococcaceae; g__Romboutsia	0.99448636007619
f9f5f08e8da4cc9740518223846563db	d__Bacteria; p__Bacteroidota; c__Bacteroidia; o__Bacteroidales; f__Rikenellaceae; g__Alistipes	0.9999998957669246
c23afa8f877c26b65dd962edfddf2283	d__Bacteria; p__Pseudomonadota; c__Gammaproteobacteria; o__Burkholderiales; f__Sutterellaceae; g__Sutterella	0.9946390225474341
78dbb4ab3851564e1047ad7f98ef3c4a	d__Bacteria; p__Bacillota; c__Clostridia; o__Lachnospirales; f__Lachnospiraceae; g__Lachnospiraceae_NC2004_group	0.7499948210664328
3a7a2b376ca5b74d056ff21d9edb8306	d__Bacteria; p__Bacillota; c__Clostridia; o__Lachnospirales; f__Lachnospiraceae; g__Mediterraneibacter	0.7060649233182945
4937579ca4097e9bc255a52ad5888086	d__Bacteria; p__Bacillota; c__Clostridia; o__Oscillospirales; f__Ruminococcaceae; g__Subdoligranulum	0.7033970298546811
d6848f095e45534de566ac80e853afa2	d__Bacteria; p__Bacillota; c__Clostridia; o__Oscillospirales; f__Oscillospiraceae; g__UCG-005	0.828817116252438
1748c7cd4b0449fa1777871cbc9c81fb	d__Bacteria; p__Bacteroidota; c__Bacteroidia; o__Bacteroidales; f__Tannerellaceae; g__Parabacteroides	0.955648990587741
04e13bfdc56b7f39045417145b542485	d__Bacteria; p__Bacillota; c__Bacilli; o__RF39; f__Incertae_Sedis; g__Incertae_Sedis	0.9999999042340068
bae0d49b5eb22b0dfaecbcbf39a52265	d__Bacteria; p__Bacillota; c__Clostridia; o__Clostridiales; f__Clostridiaceae; g__Clostridium	0.9996662898287354
436497b0e3edb384200f5b9b82883182	d__Bacteria; p__Bacillota; c__Clostridia; o__Oscillospirales; f__Ruminococcaceae; g__Incertae_Sedis	0.9264726191391316
a04ee3ba676487ba015a80e10a25ff3c	d__Bacteria; p__Bacillota; c__Clostridia; o__Lachnospirales; f__Lachnospiraceae; g__Agathobacter	0.7543316239662325
8c44679bb305f1f05f64198a2e812f74	d__Bacteria; p__Bacillota; c__Clostridia; o__Lachnospirales; f__Lachnospiraceae; g__Lachnospiraceae_UCG-004	0.9970784507216063
07e72ded79075ba77ef0d19e61a1d894	d__Bacteria; p__Bacillota; c__Clostridia; o__Christensenellales; f__Christensenellaceae; g__Christensenellaceae_R-7_group	0.8302696590769283
4a86baaa7e5adb00842830155d3c7fd0	d__Bacteria; p__Bacillota; c__Clostridia; o__Clostridia_UCG-014; f__Incertae_Sedis; g__Incertae_Sedis	0.9999999998959623
334831174e8d71149b2a06276f344878	d__Bacteria; p__Bacillota; c__Clostridia; o__Oscillospirales; f__[Eubacterium]_coprostanoligenes_group; g__Incertae_Sedis	0.9958708379553336
84c4c7817734329bc7801e44f4fc73f4	d__Bacteria; p__Bacillota; c__Clostridia; o__Lachnospirales; f__Lachnospiraceae; g__Extibacter	0.9932249228631193
f7895578be91c3e9c71c7b89e3e798db	d__Bacteria; p__Bacillota; c__Clostridia; o__Oscillospirales; f__UCG-010; g__Incertae_Sedis	0.9999938527337177
aa745b638886fc474d8921db40ac0511	d__Bacteria; p__Bacillota; c__Negativicutes; o__Veillonellales-Selenomonadales; f__Veillonellaceae; g__Megasphaera	0.9999986686464036
72d6ddeb60679dd2e2844fe039e1a760	d__Bacteria; p__Thermodesulfobacteriota; c__Desulfovibrionia; o__Desulfovibrionales; f__Desulfovibrionaceae; g__Incertae_Sedis	0.999963050366255
aadf067e83ca643294c80e37a0283592	d__Bacteria; p__Pseudomonadota; c__Gammaproteobacteria; o__Enterobacterales; f__Enterobacteriaceae	0.9515392503079245
5a21785c07d7cc123256f09d00deec29	d__Bacteria; p__Bacillota; c__Clostridia; o__Lachnospirales; f__Lachnospiraceae; g__Blautia	0.8388146614436143
a1d635d61478874cc6a1652fa0df430c	d__Bacteria; p__Bacillota; c__Clostridia; o__Oscillospirales; f__Ruminococcaceae; g__Faecalibacterium	0.9997063924675316
a66863bce99c6e9ae85e400d84c20e84	d__Bacteria; p__Bacillota; c__Clostridia; o__Oscillospirales; f__Oscillospiraceae; g__Intestinimonas	0.9883570268321249
d655c199d8667f1e0f1a5b803dcddc2d	d__Bacteria; p__Bacteroidota; c__Bacteroidia; o__Bacteroidales; f__Rikenellaceae; g__Alistipes	0.9999601221126865
9d8070779a6ec4c38cbf0b6a067f95ac	d__Eukaryota; p__Incertae_Sedis; c__Incertae_Sedis; o__Incertae_Sedis; f__Incertae_Sedis; g__Blastocystis	0.999999088256974
175e8158823be14bc41d692c080b91bf	d__Bacteria; p__Pseudomonadota; c__Alphaproteobacteria; o__Acetobacterales; f__Acetobacteraceae; g__Acetobacter	0.9999459954647499
200f25968eccba0fac01ab0385952acb	d__Bacteria; p__Bacillota; c__Clostridia; o__Lachnospirales; f__Lachnospiraceae; g__Lachnospiraceae_UCG-010	0.9994873756546689
4bbdb74ae1db297c6aaf9073c714e3e8	d__Bacteria; p__Bacillota; c__Clostridia; o__Monoglobales; f__Monoglobaceae; g__Monoglobus	0.9950854688108401
80a2986eca70b453a2979b8d1ec00da5	d__Bacteria; p__Bacillota; c__Clostridia; o__Lachnospirales; f__Lachnospiraceae; g__Blautia	0.9654419236454147
ed650902f8915cc841d960f16c7f9a7f	d__Bacteria; p__Bacillota; c__Bacilli; o__RF39; f__Incertae_Sedis; g__Incertae_Sedis	0.9999999472239566
ada85ea79666bce780693d3893d349cd	d__Bacteria; p__Bacillota; c__Clostridia; o__Oscillospirales; f__Ruminococcaceae; g__Incertae_Sedis	0.9634175554941563
7e98f2e128465ec6076836ed049c9cfd	d__Bacteria; p__Bacillota; c__Clostridia; o__Lachnospirales; f__Lachnospiraceae	0.99999878844604
192522c9b7c41f7a761f8a2ba792268a	d__Bacteria; p__Actinomycetota; c__Coriobacteriia; o__Coriobacteriales; f__Eggerthellaceae; g__Asaccharobacter	0.8791354719323379
7dd95d8c63a21086d9ac6c0d9477cc8d	d__Bacteria; p__Bacillota; c__Clostridia; o__Lachnospirales; f__Lachnospiraceae; g__Blautia	0.862481279558826
8d40af6bc0786bc5991a6856f7b0dd3e	d__Bacteria; p__Bacillota; c__Clostridia; o__Lachnospirales; f__Lachnospiraceae; g__Blautia	0.9848261580613937
b01e64261beff06c591132b8f0cf3099	d__Bacteria; p__Bacillota; c__Clostridia; o__Oscillospirales; f__Ruminococcaceae; g__Anaerotruncus	0.9999830832360611
3edf4315884817cd27b004a0db0077da	d__Bacteria; p__Synergistota; c__Synergistia; o__Synergistales; f__Synergistaceae; g__Cloacibacillus	0.9999999985921306
b6985598d3f4a9b830bbe1c6a665f5fe	d__Bacteria; p__Pseudomonadota; c__Gammaproteobacteria; o__Burkholderiales; f__Sutterellaceae; g__Turicimonas	0.9999999975517255
5e99c84d99dca9630c51c5fb88000143	d__Bacteria; p__Bacillota; c__Clostridia; o__Oscillospirales; f__Oscillospiraceae; g__NK4A214_group	0.9358300951927149
ceedb016e7628567e25ad61c46a8be83	d__Bacteria; p__Bacteroidota; c__Bacteroidia; o__Bacteroidales; f__Bacteroidaceae; g__Bacteroides	0.9999999013884966
3017f87a3b0f5200ed54eca17eef3cbb	d__Bacteria; p__Bacillota; c__Clostridia; o__Peptostreptococcales-Tissierellales; f__Anaerovoracaceae; g__Family_XIII_AD3011_group	0.9901010832807048
227a6280c3bd96c4ed132438d4442955	d__Bacteria; p__Bacteroidota; c__Bacteroidia; o__Bacteroidales; f__Muribaculaceae; g__Incertae_Sedis	0.9999952466714598
e23f12bce5b084f3a25fe2c8b945790f	d__Bacteria; p__Bacillota; c__Clostridia; o__Oscillospirales; f__Ruminococcaceae; g__Fournierella	0.9999735761932382
e5822ac6e66387d862eb908a359db3ef	d__Bacteria; p__Bacillota; c__Clostridia; o__Peptococcales; f__Peptococcaceae; g__Peptococcus	0.9999814726025661
95f0cac7cb67191beab572915835222e	d__Bacteria; p__Pseudomonadota; c__Gammaproteobacteria; o__Enterobacterales; f__Enterobacteriaceae; g__Escherichia-Shigella	0.9966002700751162
12bb0c9249480c4cec2cc9f692018806	d__Bacteria; p__Bacillota; c__Clostridia; o__Peptostreptococcales-Tissierellales; f__Anaerovoracaceae; g__Family_XIII_AD3011_group	0.9993566016653394
ab9fdbf6ecdb6a51e06e91c1a18e0a36	d__Bacteria; p__Bacillota; c__Clostridia; o__Oscillospirales; f__Ruminococcaceae; g__Gemmiger	0.7885420280847724
dbf0813bea0c3b3b27736e11e72dbcef	d__Bacteria; p__Bacillota; c__Clostridia; o__Lachnospirales; f__Lachnospiraceae; g__Lachnospiraceae_UCG-007	0.9534538283585923
fd34150e7098f1de190bd079fae97146	d__Bacteria; p__Bacillota; c__Clostridia; o__Lachnospirales; f__Lachnospiraceae; g__Lachnospiraceae_NK4A136_group	0.8505737245302722
29947cf8877ad22b7004848ab4742495	d__Bacteria; p__Bacillota; c__Clostridia; o__Lachnospirales; f__Lachnospiraceae; g__Mediterraneibacter	0.9966726464850478
4355b78364e270c4bdb74c4a265270ed	d__Bacteria; p__Bacillota; c__Clostridia; o__Lachnospirales; f__Lachnospiraceae; g__Blautia	0.918432495329579
41d206c537095b912463733022efa533	d__Bacteria; p__Bacillota; c__Clostridia; o__Clostridia_UCG-014; f__Incertae_Sedis; g__Incertae_Sedis	0.999999999498911
35513c8de34a49ef37dde85737e6aef9	d__Bacteria; p__Actinomycetota; c__Coriobacteriia; o__Coriobacteriales; f__Coriobacteriales_Incertae_Sedis; g__Incertae_Sedis	0.9999999963912671
f51aed2a9d075416f0352a73962831e7	d__Bacteria; p__Bacteroidota; c__Bacteroidia; o__Bacteroidales; f__Prevotellaceae; g__Prevotellaceae_UCG-003	0.9999999970249007
5e56d8f987582fc48abcfd3102629252	d__Bacteria; p__Bacillota; c__Clostridia; o__Lachnospirales; f__Lachnospiraceae; g__Lachnospiraceae_NK4A136_group	0.9520946581934222
a9c0a89a98398092ed5c13be383fb165	d__Bacteria; p__Bacillota; c__Clostridia; o__Lachnospirales; f__Lachnospiraceae; g__Anaerobutyricum	0.9994746995700589
8f091918340b9cc51d452a84145b78bc	d__Bacteria; p__Bacillota; c__Clostridia; o__Lachnospirales; f__Lachnospiraceae; g__CAG-56	0.9999046832525134
6be6b38d08de633cf7bcf956bbd07907	d__Bacteria; p__Bacillota; c__Clostridia; o__Lachnospirales; f__Lachnospiraceae; g__Agathobacter	0.8371793978818887
e11054d281ea39327b6a43ed37c76bab	d__Bacteria; p__Bacillota; c__Clostridia; o__Lachnospirales; f__Lachnospiraceae; g__Agathobacter	0.9488140559447776
d9294a924ce5ef9df6e464b4ef2f9db2	d__Bacteria; p__Bacillota; c__Clostridia; o__Oscillospirales; f__Oscillospiraceae; g__UCG-003	0.9999332493249301
3af2ddaf4af4b5ae4100439a9c3d4099	d__Bacteria; p__Bacillota; c__Clostridia; o__Oscillospirales; f__Oscillospiraceae; g__Flavonifractor	0.9968716467897544
6240207fd3edd24bf0799b5f427423a0	d__Bacteria; p__Bacillota; c__Clostridia; o__Oscillospirales; f__Ruminococcaceae; g__Hydrogenoanaerobacterium	0.9999944748840913
1a494aa43d60de2b0130682daa0c8dd1	d__Bacteria; p__Bacillota; c__Clostridia; o__Oscillospirales; f__UCG-010; g__Incertae_Sedis	0.9997343224026349
35f8c1cb17291ebd8af3b0f9705f9c73	d__Bacteria; p__Bacteroidota; c__Bacteroidia; o__Bacteroidales; f__Prevotellaceae; g__Leyella	0.9999995293633759
3340ff46e1cff971c91c87367c6a6204	d__Bacteria; p__Bacillota; c__Clostridia; o__Clostridia_UCG-014; f__Incertae_Sedis; g__Incertae_Sedis	0.9999999987969517
56c3d1a8e4dc5c2aa7afbc1563559448	d__Bacteria; p__Bacteroidota; c__Bacteroidia; o__Bacteroidales; f__Bacteroidaceae; g__Bacteroides	0.9999499439334478
cd688ebb10111cd2be59c7eb5fed07a3	d__Bacteria; p__Bacillota; c__Clostridia; o__Christensenellales; f__Christensenellaceae; g__Christensenellaceae_R-7_group	0.8424170750251501
b3fef1e26b7b6ac20847ede4da68547a	d__Bacteria; p__Bacillota; c__Bacilli; o__Lactobacillales; f__Lactobacillaceae	0.9999999365929026
efc53dead4f6aa3c5c7b6bc3ebd55544	d__Bacteria; p__Bacillota; c__Bacilli; o__Erysipelotrichales; f__Erysipelotrichaceae; g__Holdemania	0.9999998228264545
3ccd9b32a9a7dc4a75ab7d88f35665df	d__Bacteria; p__Bacillota; c__Clostridia; o__Peptococcales; f__Peptococcaceae; g__Peptococcus	0.9999999997566675
b1e7d09f3e36eb03103df39fa3f1525a	d__Bacteria; p__Cyanobacteriota; c__Vampirivibrionia; o__Gastranaerophilales; f__Gastranaerophilaceae; g__Zag_111	0.9998348997622245
bf9d2f2731ac624a32cc2d0ac7acdda6	d__Bacteria; p__Pseudomonadota; c__Gammaproteobacteria; o__Burkholderiales; f__Oxalobacteraceae; g__Oxalobacter	0.7992865548456076
20ad82385d93939209020556a55a2b24	d__Bacteria; p__Bacillota; c__Bacilli; o__Erysipelotrichales; f__Erysipelatoclostridiaceae; g__Longibaculum	0.9999839960562544
95c5af385d373db8539f91a1a3b334a8	d__Bacteria; p__Bacillota; c__Clostridia; o__Oscillospirales	0.7053267475008184
bb44c728636a4deee92d99a7a6aa3412	d__Bacteria; p__Bacillota; c__Clostridia; o__Lachnospirales; f__Lachnospiraceae; g__[Eubacterium]_eligens_group	0.9999702900061506
6dc0f63409c6cd6efe5860d393fbc58f	d__Bacteria; p__Bacteroidota; c__Bacteroidia; o__Bacteroidales; f__Prevotellaceae; g__Segatella	0.9999983308731831
f8f3e605678a490b72cab74f3fc2c52b	d__Bacteria; p__Bacteroidota; c__Bacteroidia; o__Bacteroidales; f__Barnesiellaceae; g__Barnesiella	0.9999999899578569
0e0dab6598b6bbe0a92bfb64ec1f6ecc	d__Bacteria; p__Bacteroidota; c__Bacteroidia; o__Bacteroidales; f__Prevotellaceae; g__Prevotellaceae_NK3B31_group	0.9999990881804344
2301f12f824be97b1fa0ca251a827861	d__Bacteria; p__Cyanobacteriota; c__Vampirivibrionia; o__Gastranaerophilales; f__Gastranaerophilaceae; g__Zag_111	0.9999996368584709
be80d53cddb8df4bf59816f91a5c2395	d__Bacteria; p__Bacillota; c__Clostridia; o__Lachnospirales; f__Lachnospiraceae; g__Lachnospiraceae_NK4A136_group	0.780699530654097
3f56d7b61bdc82e4d12c6f58617f5103	d__Bacteria; p__Bacillota; c__Clostridia; o__Oscillospirales; f__Ruminococcaceae	0.8818226120085791
d7d81375271684267af9a530a54bfda2	d__Bacteria; p__Bacillota; c__Clostridia; o__Lachnospirales; f__Lachnospiraceae; g__Roseburia	0.9882476275914249
7caa9ad07e673cec289510007cbd3b6b	d__Bacteria; p__Bacillota; c__Clostridia; o__Oscillospirales; f__Ruminococcaceae; g__Negativibacillus	0.9999999001227217
330b6fa220b88e87ac7c5ed39ec276dc	d__Bacteria; p__Bacillota; c__Clostridia; o__Lachnospirales; f__Lachnospiraceae	0.999999928998957
f3b9619b167cd0ec5f9c55a7dd6c7ee6	d__Bacteria; p__Bacillota; c__Clostridia; o__Lachnospirales; f__Lachnospiraceae; g__[Ruminococcus]_gauvreauii_group	0.8395207246857267
fb7e9e388e2228b84f06e7f09a076166	d__Bacteria; p__Bacteroidota; c__Bacteroidia; o__Bacteroidales; f__Prevotellaceae; g__Segatella	0.9999845175057238
2ad8a4ebf774763b765f4ab5b516ff21	d__Bacteria; p__Bacillota; c__Clostridia; o__Oscillospirales; f__Ruminococcaceae; g__Angelakisella	0.9992303032245876
9be2adc4c44bc203db7487dc85df595b	d__Bacteria; p__Fusobacteriota; c__Fusobacteriia; o__Fusobacteriales; f__Fusobacteriaceae; g__Fusobacterium	0.9767575889750592
52a68fdae6afd3af7f016572983a0728	d__Bacteria; p__Bacillota; c__Clostridia; o__Oscillospirales; f__Ruminococcaceae; g__Ruminococcus	0.9997757169995705
5d20f93c621d95608e5b8473d56d5b52	d__Bacteria; p__Synergistota; c__Synergistia; o__Synergistales; f__Synergistaceae; g__Pyramidobacter	0.999999999852605
99b02f389bd0b7abad0d4d8affb09e22	d__Bacteria; p__Bacillota; c__Clostridia; o__Oscillospirales; f__Ruminococcaceae; g__Ruminococcus	0.9808906931740352
80fd14aea177425eb5d6a4b388a08a07	d__Bacteria; p__Bacillota; c__Clostridia; o__Lachnospirales; f__Lachnospiraceae; g__[Ruminococcus]_gauvreauii_group	0.8523492458431569
f12011ad5219b22b6ca790103333a755	d__Bacteria; p__Bacillota; c__Clostridia; o__Oscillospirales; f__Oscillospiraceae; g__Colidextribacter	0.8125857445915825
3f9681bc6b6b8e238041c0d16644bb4a	d__Bacteria; p__Bacteroidota; c__Bacteroidia; o__Bacteroidales; f__Prevotellaceae; g__Segatella	0.9999839854665661
29c4618f00367e20afd813aea421b8e5	d__Bacteria; p__Bacillota; c__Clostridia; o__Christensenellales; f__Christensenellaceae; g__Christensenellaceae_R-7_group	0.9849011555991097
fd92db4dee3f7951516d163ac439f62a	d__Bacteria; p__Bacillota; c__Clostridia; o__Clostridia_UCG-014; f__Incertae_Sedis; g__Incertae_Sedis	0.9999999994897877
bbed00a4cb0a43edbdc31bf4f857a9cb	d__Bacteria; p__Bacillota; c__Bacilli; o__Erysipelotrichales; f__Erysipelatoclostridiaceae; g__Catenibacterium	0.9999995651720988
7b2d7a14367abd105c9474e61d305bb2	d__Bacteria; p__Bacillota; c__Clostridia; o__Lachnospirales; f__Lachnospiraceae; g__Dorea	0.984782235065566
e80317d0fb0618cf19a96ef454fef9de	d__Bacteria; p__Bacillota; c__Bacilli; o__Erysipelotrichales; f__Erysipelatoclostridiaceae; g__Thomasclavelia	0.9999985040479904
7c82a2ef7685c5c6dc3080f56033cee9	d__Bacteria; p__Pseudomonadota; c__Gammaproteobacteria; o__Burkholderiales; f__Oxalobacteraceae; g__Oxalobacter	0.828269611472717
d15ad8d3c3d768b91cb6a22b94472a89	d__Bacteria; p__Synergistota; c__Synergistia; o__Synergistales; f__Synergistaceae; g__Pyramidobacter	0.9999999999013056
7efeb75fc542932a033b37b887994dc8	d__Bacteria; p__Bacillota; c__Clostridia; o__Christensenellales; f__Christensenellaceae; g__Christensenellaceae_R-7_group	0.717239791796136
0e637c81e25ffbf7b7e68a8fbcc4f2ea	d__Bacteria; p__Pseudomonadota; c__Gammaproteobacteria; o__Burkholderiales; f__Sutterellaceae; g__Sutterella	0.929278744001229
8b600f531ec8a6c92a150ac78218f18d	d__Bacteria; p__Bacillota; c__Clostridia; o__Oscillospirales; f__Oscillospiraceae; g__UCG-005	0.9586188038275805
6bf3ba37e398d0c87198bb9362f58460	d__Bacteria; p__Bacillota; c__Clostridia; o__Peptococcales; f__Peptococcaceae; g__Peptococcus	0.9999999999094484
e1fe102f7f85e8efbc0b17fb92dfbf3c	d__Bacteria; p__Bacillota; c__Negativicutes; o__Veillonellales-Selenomonadales; f__Veillonellaceae; g__Allisonella	0.9848845464383721
10d4a97837fe76d421216acd95f9f46c	d__Bacteria; p__Bacillota; c__Bacilli; o__Lactobacillales; f__Lactobacillaceae; g__Liquorilactobacillus	0.9947745966679116
124c75409b4ecd0bf23a84e28593567d	d__Bacteria; p__Bacillota; c__Negativicutes; o__Veillonellales-Selenomonadales; f__Veillonellaceae; g__Veillonella	0.8977585116889073
411892a8cab4f38ff090506362744ec6	d__Bacteria; p__Bacillota; c__Clostridia; o__Oscillospirales; f__UCG-010; g__Incertae_Sedis	0.9998322994311146
b3f44c89c452d14c6eb37624fce00fd7	d__Bacteria; p__Bacillota; c__Clostridia; o__Lachnospirales; f__Lachnospiraceae; g__Mediterraneibacter	0.8063837586156267
cb31fc5ba6ddcd133fc10f1ae9957ba0	d__Bacteria; p__Bacillota; c__Clostridia; o__Lachnospirales; f__Lachnospiraceae; g__Oribacterium	0.9996898059757235
d08b4cbdfacd5705f65f0591b335ecab	d__Bacteria; p__Bacteroidota; c__Bacteroidia; o__Bacteroidales; f__Prevotellaceae; g__Segatella	0.9999644241135561
a8821467b9d940e3f4f114c1030511cd	d__Bacteria; p__Bacteroidota; c__Bacteroidia; o__Bacteroidales; f__Incertae_Sedis; g__Incertae_Sedis	0.9996579972882204
096d93c307d5c15ee20e3d3755abf445	d__Bacteria; p__Bacteroidota; c__Bacteroidia; o__Bacteroidales; f__Prevotellaceae; g__Paraprevotella	0.9999999997275921
efc29b80a1ed51ff70b45155c7ef0b3f	d__Bacteria; p__Bacillota; c__Clostridia; o__Christensenellales; f__Christensenellaceae; g__Christensenellaceae_R-7_group	0.9991526991573728
f1da0f084f3e5b7957d11d01abe7013d	d__Bacteria; p__Pseudomonadota; c__Gammaproteobacteria; o__Enterobacterales; f__Pasteurellaceae	0.9999999999956876
eedc25beb888b99f3c7ccba3418c713a	d__Bacteria; p__Bacillota; c__Bacilli; o__Erysipelotrichales; f__Erysipelotrichaceae; g__Holdemanella	0.9999999999783711
08e732da2261232b0bc56707f89f639f	d__Bacteria; p__Bacillota; c__Clostridia; o__Lachnospirales; f__Lachnospiraceae; g__Dorea	0.9804649503767391
95f77f9e6df255cf93ec17c1a48bc194	d__Bacteria; p__Bacillota; c__Negativicutes; o__Veillonellales-Selenomonadales; f__Veillonellaceae; g__Incertae_Sedis	0.9675405522296427
abed38d1151ed01171cc32be9fd99cef	d__Bacteria; p__Bacillota; c__Clostridia; o__Oscillospirales; f__UCG-010; g__Incertae_Sedis	0.9973485312469894
ceefb8fade04925c7bbfad924171a220	d__Bacteria; p__Pseudomonadota; c__Gammaproteobacteria; o__Burkholderiales; f__Sutterellaceae; g__Sutterella	0.9999653129821899
5c3e4422374120cd00d41557946e5c6f	d__Bacteria; p__Bacillota; c__Bacilli; o__Lactobacillales; f__Lactobacillaceae; g__Ligilactobacillus	0.9917956103257735
699d4b4de178e2d52195830debfc3b1f	d__Bacteria; p__Bacillota; c__Clostridia; o__Oscillospirales; f__Oscillospiraceae; g__UCG-005	0.9995418409960543
30f5b08ccf430b6008311de8eaa7424d	d__Bacteria; p__Bacillota; c__Clostridia; o__Lachnospirales; f__Lachnospiraceae; g__Dorea	0.9626137211675397
388f4e6b1af8549db15f8a2878ad4cb1	d__Bacteria; p__Bacillota; c__Clostridia; o__Lachnospirales; f__Lachnospiraceae; g__Tyzzerella	0.9012797737086119
02bb471cb1ec7b2fd5bb40bfbc8f0377	d__Bacteria; p__Bacillota; c__Clostridia; o__Lachnospirales; f__Lachnospiraceae	0.9999999258376442
4ab734491774ede5b496d55a291a8024	d__Bacteria; p__Bacillota; c__Clostridia; o__Lachnospirales; f__Lachnospiraceae; g__[Ruminococcus]_gauvreauii_group	0.9794515537387247
80902a999a319141ba944e56ef367119	d__Bacteria; p__Bacillota; c__Clostridia; o__Oscillospirales; f__[Eubacterium]_coprostanoligenes_group; g__Incertae_Sedis	0.9999993333876579
59c6ed04d2faf081cecca31f1eb2e42d	d__Bacteria; p__Bacillota; c__Clostridia; o__Lachnospirales; f__Lachnospiraceae; g__Roseburia	0.779405682492321
6677fe5ca3b81ce606eac5d76b0a0ece	d__Bacteria; p__Bacillota; c__Clostridia; o__Christensenellales; f__Christensenellaceae; g__Incertae_Sedis	0.9613923742868896
e8af09eefc42511e9b375615960714f5	d__Bacteria; p__Bacillota; c__Clostridia; o__Oscillospirales; f__Ruminococcaceae; g__Faecalibacterium	0.9989719793939509
3e25a7619c1aefe8228440f3b89750ad	d__Bacteria; p__Bacillota; c__Clostridia; o__Oscillospirales; f__Ruminococcaceae; g__Ruminococcus	0.9989976226002185
869287ff7662fcb069b8078b9d17d950	d__Bacteria; p__Bacillota; c__Clostridia; o__Lachnospirales; f__Lachnospiraceae; g__Lachnospiraceae_UCG-003	0.9995857501073546
e9c08b25b8c45f8f077c6d5306f0c10f	d__Bacteria; p__Bacillota; c__Clostridia; o__Lachnospirales; f__Lachnospiraceae; g__Mediterraneibacter	0.8490206379305725
2086666afdd5de098b04a94247040c11	d__Bacteria; p__Bacillota; c__Clostridia; o__Oscillospirales; f__Oscillospiraceae; g__Colidextribacter	0.9649183507817327
6ae1b2171644cfcf0eb603480b5d7ee4	d__Bacteria; p__Bacillota; c__Clostridia	0.9999997003074174
d0037fe3397f56b52e971759e3f2f7a8	d__Bacteria; p__Bacillota; c__Clostridia; o__Lachnospirales; f__Lachnospiraceae; g__Marvinbryantia	0.9537422609490309
3f798d678aa2deaae7359cd39d8afdcf	d__Bacteria; p__Bacillota; c__Clostridia; o__Clostridia_vadinBB60_group; f__Incertae_Sedis; g__Incertae_Sedis	0.999871628534082
22c12a46533754e8cd0dbe9d279cb4ae	d__Bacteria; p__Bacillota; c__Clostridia; o__Lachnospirales; f__Lachnospiraceae; g__Blautia	0.9900573305181374
c4b28302dba020a58dbae9c4db392f01	d__Bacteria; p__Bacillota; c__Clostridia; o__Oscillospirales; f__Ruminococcaceae; g__Ruminococcus	0.9993682768142774
334af877a390268de17839f80e212fd0	d__Bacteria; p__Bacillota; c__Clostridia; o__Oscillospirales; f__Oscillospiraceae; g__Colidextribacter	0.9561381673576212
975c7efda1ebbb5942cc657ee9610387	d__Bacteria; p__Bacillota; c__Clostridia; o__Peptococcales; f__Peptococcaceae; g__Incertae_Sedis	0.9999891220334747
7f94c2100b37287f9421c3490b96f066	d__Bacteria; p__Bacillota; c__Bacilli; o__RF39; f__Incertae_Sedis; g__Incertae_Sedis	0.9999999996558131
79dea2c7cf7e9f4dba97a73cfdb686cf	d__Bacteria; p__Bacillota; c__Clostridia; o__Lachnospirales; f__Lachnospiraceae	0.9999023811637425
f7398eb0736dfa29ea77959c2747dca3	d__Bacteria; p__Bacillota; c__Clostridia; o__Oscillospirales; f__Oscillospiraceae; g__UCG-005	0.9625232197207885
a7d8d8d479dbd25387a2a69ccd4c3a7a	d__Bacteria; p__Bacillota; c__Negativicutes; o__Veillonellales-Selenomonadales; f__Veillonellaceae; g__Dialister	0.999569245742159
2319f9fecaef59a51537cdcb69cf5615	d__Bacteria; p__Bacillota; c__Clostridia; o__Oscillospirales; f__Ruminococcaceae; g__Angelakisella	0.9976320914635
f7c26a09ea71c6fb2f4bc654ad7b0205	d__Bacteria; p__Thermodesulfobacteriota; c__Desulfovibrionia; o__Desulfovibrionales; f__Desulfovibrionaceae; g__Bilophila	0.9999959560046592
03ef96da8216c10163122d772fa20d6c	d__Bacteria; p__Bacillota; c__Clostridia; o__Lachnospirales; f__Lachnospiraceae; g__Anaerobutyricum	0.9999987389496419
5d5289410a5ba59898b2c78d36fd75bb	d__Bacteria; p__Bacillota; c__Clostridia; o__Lachnospirales; f__Lachnospiraceae; g__Lachnospiraceae_NK4B4_group	0.9995201015441665
d08306663049500852d9eb0c66fbbc11	d__Bacteria; p__Bacillota; c__Clostridia; o__Oscillospirales; f__Ruminococcaceae	0.9999999322368966
a699e4f48406def9609e22155e741ebd	d__Bacteria; p__Bacteroidota; c__Bacteroidia; o__Bacteroidales; f__Rikenellaceae; g__Alistipes	0.9994522036103021
a97c42136172ece00e99a698d080b960	d__Bacteria; p__Bacteroidota; c__Bacteroidia; o__Bacteroidales; f__Muribaculaceae; g__Incertae_Sedis	0.9999990184179509
227d71f0b08bac79a8270c2f14937208	d__Bacteria; p__Thermodesulfobacteriota; c__Desulfovibrionia; o__Desulfovibrionales; f__Desulfovibrionaceae; g__Desulfovibrio	0.9999171780802028
edb083f600fa1a5b92b8fa0db90244ab	d__Bacteria; p__Bacillota; c__Clostridia; o__Lachnospirales; f__Lachnospiraceae	0.9999982319684229
95fb1be2ae50b6d347649ea76c2a1874	d__Bacteria; p__Bacillota; c__Clostridia; o__Lachnospirales; f__Lachnospiraceae	0.9999998721476635
c1c1c7a5ca13ddaffccff1f5c2b5ece8	d__Bacteria; p__Bacillota; c__Clostridia; o__Lachnospirales; f__Lachnospiraceae	0.9999889241401032
95348b8c18227b458056472fc9eeafd3	d__Bacteria; p__Bacillota; c__Negativicutes; o__Veillonellales-Selenomonadales; f__Veillonellaceae; g__Veillonella	0.9999999820039563
dcb57adfe6744137098ff426f0a2910d	d__Bacteria; p__Bacillota; c__Clostridia; o__Lachnospirales; f__Lachnospiraceae; g__Coprococcus	0.9926798229806623
fac24f827ba7601f59c0de9139160fcd	d__Bacteria; p__Bacteroidota; c__Bacteroidia; o__Bacteroidales; f__Barnesiellaceae; g__Incertae_Sedis	0.9999833580640933
0f42bfd00e871207c3e2bc92a79f3456	d__Bacteria; p__Bacillota; c__Clostridia; o__Oscillospirales; f__Ruminococcaceae; g__Ruminococcus	0.998411682030312
e0b7bd623a1b4cd1640883066e8d96bd	d__Bacteria; p__Bacillota; c__Clostridia; o__Lachnospirales; f__Lachnospiraceae	0.9999977407941967
8da0c2f6e45d87bcee323d952b1331b9	d__Bacteria; p__Bacillota; c__Clostridia; o__Clostridia_vadinBB60_group; f__Incertae_Sedis; g__Incertae_Sedis	0.9999994123158039
9910cb251fbdb87c7259f0dc28295fd7	d__Bacteria; p__Bacteroidota; c__Bacteroidia; o__Bacteroidales; f__Muribaculaceae; g__Incertae_Sedis	0.9999993116320052
72108ae331f8fc30a836b4425071d7f3	d__Bacteria; p__Bacillota; c__Clostridia; o__Oscillospirales; f__Oscillospiraceae; g__UCG-005	0.8876219482063515
5b00db3216a94bcd5c4842499bf6bf6e	d__Bacteria; p__Bacillota; c__Clostridia; o__Oscillospirales; f__Oscillospiraceae; g__UCG-005	0.9985122933304178
765550597ab4dfb943ba4b1c1ec61f27	d__Bacteria; p__Bacillota; c__Clostridia; o__Oscillospirales; f__Ruminococcaceae; g__Faecalibacterium	0.999454205395657
07f10d8105712f5a9c1db90ac4699054	d__Bacteria; p__Bacillota; c__Clostridia; o__Lachnospirales; f__Lachnospiraceae; g__Roseburia	0.9927227726076471
86c13749200740ddd9a907577811e716	d__Bacteria; p__Bacillota; c__Clostridia; o__Oscillospirales; f__Ruminococcaceae; g__Subdoligranulum	0.7498909909242271
d5afc49af66ff924bd607e2653848fb7	d__Bacteria; p__Bacteroidota; c__Bacteroidia; o__Bacteroidales; f__Bacteroidaceae; g__Bacteroides	0.999999994950187
80d6f54d9052613767e0ad9c96ec59c5	d__Bacteria; p__Pseudomonadota; c__Gammaproteobacteria; o__Burkholderiales; f__Sutterellaceae; g__Sutterella	0.9972437777992871
7e7232b09c6c8366ddba60646fac049c	d__Bacteria; p__Bacillota; c__Bacilli; o__RF39; f__Incertae_Sedis; g__Incertae_Sedis	0.9999999609327411
9eadb65dc540c390d417669169854e69	d__Bacteria; p__Bacillota; c__Clostridia; o__Oscillospirales; f__Ruminococcaceae; g__Ruminococcus	0.9996870622670775
f4dfb45b33372cdc0dc2fd20c0d0b448	d__Bacteria; p__Bacillota; c__Clostridia; o__Oscillospirales; f__UCG-010; g__Incertae_Sedis	0.999999668160525
cc953fbfc2fdeae294e1b9f3f636a383	d__Bacteria; p__Pseudomonadota; c__Gammaproteobacteria; o__Enterobacterales; f__Enterobacteriaceae	0.9206442252077113
131bb7c17c86799a8f2ee1df1260d63c	d__Bacteria; p__Bacillota; c__Clostridia; o__Lachnospirales; f__Lachnospiraceae; g__[Ruminococcus]_gauvreauii_group	0.9980818735988103
0a21364ecab3d266c631849ebdc58c03	d__Bacteria; p__Bacillota; c__Clostridia; o__Oscillospirales; f__Ruminococcaceae; g__Ruminococcus	0.9966260501302219
481e48328fe7a9837c7233de8f60fc23	d__Bacteria; p__Bacillota; c__Clostridia; o__Peptostreptococcales-Tissierellales; f__Anaerovoracaceae; g__[Eubacterium]_brachy_group	0.9999998596469438
bf1396edf82991b9bf52261622d17abb	d__Bacteria; p__Bacillota; c__Bacilli; o__Erysipelotrichales; f__Erysipelotrichaceae; g__Amedibacillus	0.9999957438559528
28bb502265419a0e86626d75a1183ce7	d__Bacteria; p__Bacillota; c__Clostridia	0.999999992780604
aa7c3d614178141461db5652292c7579	d__Bacteria; p__Bacillota; c__Clostridia	0.9999089351240343
db44fd0f0564b3de252e93957d586889	d__Bacteria; p__Bacillota; c__Clostridia; o__Lachnospirales; f__Lachnospiraceae; g__Coprococcus	0.987613265919961
f8529e2e737999b4a7d06420482d4af3	d__Bacteria; p__Bacillota; c__Clostridia; o__Lachnospirales; f__Lachnospiraceae	0.9999750034892934
9e5f10976f88efd2eee14cfd28b7f207	d__Bacteria; p__Bacillota; c__Clostridia; o__Oscillospirales; f__Ruminococcaceae; g__UCG-001	0.7854896597900217
9cd0667e8cb5f0768c12f2f4176a3824	d__Bacteria; p__Bacillota; c__Clostridia; o__Lachnospirales; f__Lachnospiraceae; g__Lachnospiraceae_NK4A136_group	0.7566699742224796
a5ba5f0fb3292ed102e0229e7bbd7d7c	d__Bacteria; p__Bacillota; c__Clostridia; o__Clostridia_UCG-014; f__Incertae_Sedis; g__Incertae_Sedis	0.9999999987209947
ca104788c3a5e43fd244c21cfd147375	d__Bacteria; p__Bacillota; c__Clostridia; o__Lachnospirales; f__Lachnospiraceae; g__Butyribacter	0.7334514122730721
e871120c1d5e633b61b9870f774528b5	d__Bacteria; p__Bacteroidota; c__Bacteroidia; o__Bacteroidales; f__Tannerellaceae; g__Parabacteroides	0.9988638029460655
57807147837163b9b723ef5faad6d37a	d__Bacteria; p__Bacillota; c__Clostridia; o__Oscillospirales; f__Incertae_Sedis; g__Incertae_Sedis	0.9319503501639463
e40851e22de4639a2c4f236717dd503b	d__Bacteria; p__Bacillota; c__Clostridia; o__Lachnospirales; f__Lachnospiraceae; g__Enterocloster	0.9981674458466269
973bad6d427661f391f3c55b338bec22	d__Bacteria; p__Bacillota; c__Clostridia; o__Lachnospirales; f__Lachnospiraceae	0.9999999635822475
21025611ac4fd5f48260c9bf34c8921b	d__Bacteria; p__Bacillota; c__Clostridia; o__Oscillospirales; f__[Eubacterium]_coprostanoligenes_group; g__Incertae_Sedis	0.9999903528795432
62308106628239cd7823aaa231195085	d__Bacteria; p__Bacteroidota; c__Bacteroidia; o__Bacteroidales; f__Rikenellaceae; g__Alistipes	0.9991165350937448
b423592b0ae631882095792b27729b9c	d__Bacteria; p__Bacillota; c__Clostridia; o__Oscillospirales; f__Oscillospiraceae; g__Oscillibacter	0.9643046431226779
793217826ba3e02929e7a12407c87c74	d__Bacteria; p__Bacillota; c__Clostridia; o__Lachnospirales; f__Lachnospiraceae; g__Roseburia	0.9881487983294114
9d58ff62315f4f7788a08958d3da7954	d__Bacteria; p__Bacillota; c__Bacilli; o__Erysipelotrichales; f__Erysipelatoclostridiaceae; g__Catenibacterium	0.9999963536854011
2fe13339230b2f2a8efeec7cc1810a1d	d__Bacteria; p__Bacillota; c__Clostridia; o__Oscillospirales; f__Oscillospiraceae; g__Oscillibacter	0.999197013948681
c35d1f1f3d50df003421348173374f6c	d__Bacteria; p__Bacteroidota; c__Bacteroidia; o__Bacteroidales; f__Barnesiellaceae; g__Barnesiella	0.9999999268951738
22774a1d19feddf8880f3bebd4d972e2	d__Bacteria; p__Bacillota; c__Clostridia; o__Lachnospirales; f__Lachnospiraceae; g__[Eubacterium]_eligens_group	0.9999808487096232
846b433f433cbb20d6208bd54067f911	d__Bacteria; p__Bacillota; c__Negativicutes; o__Veillonellales-Selenomonadales; f__Veillonellaceae; g__Dialister	0.9997525052994414
8a9248b6b296d538a7862172eb6abb19	d__Bacteria; p__Pseudomonadota; c__Gammaproteobacteria; o__Enterobacterales	0.9999999859884503
867ef55516e42915f9969f14b3640967	d__Bacteria; p__Bacillota; c__Clostridia; o__Lachnospirales; f__Lachnospiraceae; g__Extibacter	0.7802107109620267
f548dbf0a288c3bc849c2aff5daa7403	d__Bacteria; p__Bacillota; c__Clostridia; o__Oscillospirales; f__Oscillospiraceae; g__Ruminiclostridium	0.9265694522768352
e95a9dcb1d2b02e8a3ccb47a6400ae31	d__Bacteria; p__Bacillota; c__Clostridia; o__Lachnospirales; f__Lachnospiraceae; g__Enterocloster	0.841179015067666
a1820fe9a6476e061eb508be2efd5e89	d__Bacteria; p__Bacillota; c__Bacilli; o__Erysipelotrichales; f__Erysipelotrichaceae; g__Erysipelotrichaceae_UCG-006	0.9999477290290032
e78a16972ab7187c0d088aebaf82f7d2	d__Bacteria; p__Bacillota; c__Clostridia; o__Clostridia_UCG-014; f__Incertae_Sedis; g__Incertae_Sedis	0.999999999723542
16ddf0f7c4197e991d7d8177abf03ba1	d__Bacteria; p__Pseudomonadota; c__Gammaproteobacteria; o__Enterobacterales; f__Pasteurellaceae; g__Haemophilus	0.8042177406763752
c5b95a83a06195f219b0edd9ab18fb1d	d__Bacteria; p__Bacillota; c__Clostridia; o__Oscillospirales; f__Butyricicoccaceae; g__Butyricicoccus	0.9999754986808119
d2efc5aeaf93cf67572af0804fa7999b	d__Bacteria; p__Bacillota; c__Clostridia; o__Lachnospirales; f__Lachnospiraceae; g__Blautia	0.9301641255993592
f4dfc85e21650ac92461b146ea6fba2c	d__Bacteria; p__Bacteroidota; c__Bacteroidia; o__Bacteroidales; f__Bacteroidaceae; g__Bacteroides	0.9998268441708369
55fdfd6ff0ae4bfe6a05b3ae5bcb5a30	d__Bacteria; p__Bacillota; c__Negativicutes; o__Acidaminococcales; f__Acidaminococcaceae; g__Acidaminococcus	0.999871251879426
012458b9050e020a433f1cb844082536	d__Bacteria; p__Bacillota; c__Clostridia; o__Clostridia_UCG-014; f__Incertae_Sedis; g__Incertae_Sedis	0.9999999996272635
5abd7c7482f706e500e092af320816e9	d__Bacteria; p__Bacillota; c__Clostridia; o__Lachnospirales; f__Lachnospiraceae; g__Anaerostipes	0.9999987240344024
14ab1212cd555a0453b0f87c3119d2b2	d__Bacteria; p__Bacteroidota; c__Bacteroidia; o__Bacteroidales; f__Prevotellaceae; g__Leyella	0.9999795108362804
3c5c8bbe2c3d82e728a731c115073603	d__Bacteria; p__Bacillota; c__Clostridia; o__Oscillospirales; f__Oscillospiraceae; g__UCG-005	0.9991328321354649
160eb4dd9ab9248491f66de57e97bd60	d__Bacteria; p__Bacillota; c__Clostridia; o__Lachnospirales; f__Lachnospiraceae; g__Agathobacter	0.9004878785003533
a83560ab9f4c7734304ab74603f1ab3f	d__Bacteria; p__Bacteroidota; c__Bacteroidia; o__Bacteroidales; f__Prevotellaceae; g__Leyella	0.9994682750771952
41b754690f28941daadeda70877ab9a6	d__Bacteria; p__Bacillota; c__Clostridia; o__Lachnospirales; f__Lachnospiraceae; g__Anaerostipes	0.9999986739637005
43fd13dfb5d41b796f7c804f0fba3e3d	d__Bacteria; p__Bacillota; c__Clostridia; o__Clostridia_UCG-014; f__Incertae_Sedis; g__Incertae_Sedis	0.9999999991562873
91dd7ea72afcd207e750dc2dd0242b88	d__Bacteria; p__Bacillota; c__Clostridia; o__Oscillospirales; f__UCG-010; g__Incertae_Sedis	0.9999915644563754
78d92369f25497eef0fcc7c9e1b3a2fd	d__Bacteria; p__Bacteroidota; c__Bacteroidia; o__Bacteroidales; f__Prevotellaceae; g__Leyella	0.9999996868727898
2f3b51e3f7acc3c9f66f1552b67a0209	d__Bacteria; p__Bacillota; c__Clostridia; o__Lachnospirales; f__Lachnospiraceae	0.9999999742898755
ec38f851c5429708e114208c539ae458	d__Bacteria; p__Bacillota; c__Clostridia; o__Lachnospirales; f__Lachnospiraceae; g__Blautia	0.9940520828999608
3104b831a2e7b7fef9b867177d60b3b8	d__Bacteria; p__Bacillota; c__Clostridia; o__Lachnospirales; f__Lachnospiraceae; g__Lachnospiraceae_NK4A136_group	0.802607045234492
d65792841ae7a4816304887b21597090	d__Bacteria; p__Bacillota; c__Clostridia; o__Clostridia_vadinBB60_group; f__Incertae_Sedis; g__Incertae_Sedis	0.9999989948792993
332cdc372e83e255bcb54b0aa24eda00	d__Bacteria; p__Bacillota; c__Clostridia; o__Lachnospirales; f__Lachnospiraceae; g__Blautia	0.966414939859198
c4269a6e9bd66eca53e710c9f9d9ad4f	d__Bacteria; p__Bacillota; c__Bacilli; o__Lactobacillales; f__Streptococcaceae; g__Streptococcus	0.9999928925186536
456d8a5cdf54efd1d3f0ea066e68cd49	d__Bacteria; p__Bacillota; c__Clostridia; o__Lachnospirales; f__Lachnospiraceae; g__Extibacter	0.9082506435531191
460457f33d0de99f2663d3aa00f3ec21	d__Bacteria; p__Bacillota; c__Clostridia; o__Lachnospirales; f__Lachnospiraceae	0.9999957758051744
63c1cd3a8b447aaab13821358d5e4550	d__Bacteria; p__Bacillota; c__Negativicutes; o__Veillonellales-Selenomonadales; f__Veillonellaceae; g__Dialister	0.9992678201132464
96b52d7def1f78bf1d7cd7f77968d2a3	d__Bacteria; p__Pseudomonadota; c__Alphaproteobacteria; o__Rhodospirillales; f__Incertae_Sedis; g__Incertae_Sedis	0.9999610633648084
b8b7f0759bf313bbd4d665d570d9a4d1	d__Bacteria; p__Bacillota; c__Clostridia; o__Lachnospirales; f__Lachnospiraceae; g__Fusicatenibacter	0.9998539096827899
adab39c80998d5e7787770c5e2d7e66f	d__Bacteria; p__Bacillota; c__Clostridia; o__Lachnospirales; f__Lachnospiraceae; g__Lactonifactor	0.9978747835390678
a67031df191186b6139b20812d9778d7	d__Bacteria; p__Bacillota; c__Clostridia; o__Oscillospirales; f__Ruminococcaceae; g__Incertae_Sedis	0.9999779478841939
320c03afc417b829a51ecad3dea2e065	d__Bacteria; p__Bacillota; c__Clostridia; o__Lachnospirales; f__Lachnospiraceae; g__Blautia	0.935259774068252
a473b3744bcea659db8222db3fdd4ed5	d__Bacteria; p__Actinomycetota; c__Coriobacteriia; o__Coriobacteriales; f__Atopobiaceae; g__Coriobacteriaceae_UCG-003	0.9999998964782488
0ae0be308568d07e0434434b14b8d565	d__Bacteria; p__Fusobacteriota; c__Fusobacteriia; o__Fusobacteriales; f__Fusobacteriaceae; g__Fusobacterium	0.9999999999959499
57586b9aed8a2774ee931788bd8db796	d__Bacteria; p__Bacillota; c__Clostridia; o__Oscillospirales; f__Ruminococcaceae	0.9975412297430888
24193508f045e00fa52f7670a81610a6	d__Bacteria; p__Bacillota; c__Clostridia; o__Lachnospirales; f__Lachnospiraceae; g__Lachnospiraceae_UCG-003	0.9996515550584438
39e176d2bad094659b6139ebd53b375b	d__Bacteria; p__Bacteroidota; c__Bacteroidia; o__Bacteroidales; f__Muribaculaceae; g__Incertae_Sedis	0.9999957023076271
3a0e00761e8113458ccd7d13af71b4b0	d__Bacteria; p__Bacillota; c__Clostridia; o__Peptococcales; f__Peptococcaceae; g__Incertae_Sedis	0.9999995871468457
f19fa34c0c987ab3bd8aa42d8a4d21ec	d__Bacteria; p__Bacillota; c__Clostridia; o__Oscillospirales; f__UCG-010; g__Incertae_Sedis	0.999998904278616
59d9f45c4aebbc3678138985283f5133	d__Bacteria; p__Bacillota; c__Clostridia; o__Lachnospirales; f__Lachnospiraceae	0.9999526459803192
60281200d5cd2e96d70a95845c88ff84	d__Bacteria; p__Bacillota; c__Negativicutes; o__Veillonellales-Selenomonadales; f__Veillonellaceae; g__Megasphaera	0.9999999555428342
b797963c9583ccd2f3ffef2152197200	d__Bacteria; p__Bacillota; c__Clostridia	0.9495889839244951
7d15c66826236fb2ff215ab4de1d4288	d__Bacteria; p__Bacillota; c__Clostridia; o__Lachnospirales; f__Lachnospiraceae; g__Roseburia	0.9938478860875265
f710c0927080e422094a96ffe13b389c	d__Bacteria; p__Pseudomonadota; c__Gammaproteobacteria; o__Enterobacterales	0.9999998695311784
775685517f545e252f3f723805387d5a	d__Bacteria; p__Bacillota; c__Clostridia; o__Lachnospirales; f__Lachnospiraceae; g__Faecalimonas	0.9803346465514556
5c730287e8b4e9cb396b646b6d06f81d	d__Bacteria; p__Bacillota; c__Clostridia; o__Lachnospirales; f__Lachnospiraceae	0.9999997750890941
ae370a4283f4080d5a286e46d9f425fd	d__Bacteria; p__Bacillota; c__Clostridia; o__Lachnospirales; f__Lachnospiraceae; g__Agathobacter	0.7457844981082831
d93fb49be6af201b2b16e77ae7dae86e	d__Bacteria; p__Bacillota; c__Clostridia; o__Oscillospirales; f__Ruminococcaceae; g__Faecalibacterium	0.999519451594428
d14ed4296c04ffc4cafdb08446530d73	d__Bacteria; p__Bacillota; c__Clostridia; o__Lachnospirales; f__Lachnospiraceae; g__Lachnospiraceae_NK4A136_group	0.7213641092165746
a7f592405a5bbcd930bf1bda1397ba71	d__Bacteria; p__Bacillota; c__Clostridia; o__Oscillospirales; f__Oscillospiraceae; g__Intestinimonas	0.8557873678179778
3baa56d5f42b81f2817aa34412e36439	d__Bacteria; p__Pseudomonadota; c__Gammaproteobacteria; o__Enterobacterales; f__Enterobacteriaceae; g__Escherichia-Shigella	0.9991166692609155
8a165e8e49dc9f307353072ae1b29887	d__Bacteria; p__Bacteroidota; c__Bacteroidia; o__Bacteroidales; f__Prevotellaceae; g__Prevotellaceae_NK3B31_group	0.9999951233073967
1e9a8938e5a4faca6db49353ed37c864	d__Bacteria; p__Bacillota; c__Negativicutes; o__Veillonellales-Selenomonadales; f__Veillonellaceae; g__Megasphaera	0.9999999596588801
f1efe3415e746b73673cf44251a18aef	d__Bacteria; p__Bacillota; c__Clostridia; o__Peptostreptococcales-Tissierellales; f__Anaerovoracaceae; g__Incertae_Sedis	0.9946027705124321
6d8fe4ac153ead767024e041ff1f0ec6	d__Bacteria; p__Bacillota; c__Clostridia; o__Oscillospirales; f__UCG-010; g__Incertae_Sedis	0.999992204802936
57904371060f47de2c92d476762a057c	d__Bacteria; p__Thermodesulfobacteriota; c__Desulfovibrionia; o__Desulfovibrionales; f__Desulfovibrionaceae; g__Bilophila	0.9999994037834982
e0ee31674d5a8df51029c1eaafda82bd	d__Bacteria; p__Bacillota; c__Clostridia; o__Peptococcales; f__Peptococcaceae; g__Peptococcus	0.9999997292616254
2bd1428d91d08e966652069c434d8b09	d__Bacteria; p__Bacillota; c__Clostridia; o__Lachnospirales; f__Lachnospiraceae; g__[Eubacterium]_xylanophilum_group	0.9994052931051137
7747de7188c63564a3227e7fdc704677	d__Bacteria; p__Pseudomonadota; c__Alphaproteobacteria; o__Rhodospirillales; f__Incertae_Sedis; g__Incertae_Sedis	0.9999879334381199
07f183edd4e4d8aef1dcb2ab24dd7745	d__Bacteria; p__Bacillota; c__Clostridia; o__Christensenellales; f__Christensenellaceae; g__Incertae_Sedis	0.9998847931806318
1e7f0774ee435be7ac7d6359a29ded55	d__Bacteria; p__Bacillota; c__Clostridia; o__Christensenellales; f__Christensenellaceae; g__Christensenellaceae_R-7_group	0.9917660925831431
08c64a0ac16fcea5177c59cc7ed5b497	d__Bacteria; p__Bacillota; c__Clostridia; o__Clostridia_vadinBB60_group; f__Incertae_Sedis; g__Incertae_Sedis	0.9999969450987061
b34b168bbd9fe0e3d1e9f37c7fce120a	d__Bacteria; p__Bacillota; c__Clostridia; o__Christensenellales; f__Christensenellaceae	0.9947957457406005
9d4e16844252e2dfbaf80a4a6fc4d55d	d__Bacteria; p__Bacillota; c__Bacilli; o__Staphylococcales; f__Gemellaceae; g__Gemella	0.9999984306755131
f05a1196c5f313e81cc59e804e45489d	d__Bacteria; p__Bacillota; c__Clostridia; o__Lachnospirales; f__Lachnospiraceae; g__Blautia	0.9672191272303509
5ae2eb384793b00499b521f3981117be	d__Bacteria; p__Bacillota; c__Clostridia; o__Lachnospirales; f__Lachnospiraceae; g__Lachnospira	0.9996821361672026
c123ec846a7e3837d1247386a6060ad9	d__Bacteria; p__Bacillota; c__Bacilli; o__Erysipelotrichales; f__Erysipelotrichaceae; g__Merdibacter	0.9999999898988534
632c8c337871b561e33090902b75f6ce	d__Bacteria; p__Pseudomonadota; c__Gammaproteobacteria; o__Burkholderiales; f__Sutterellaceae; g__Sutterella	0.9959412259306961
f1e722b4ac7d864a2f36a11c22545d82	d__Bacteria; p__Bacillota; c__Clostridia; o__Oscillospirales; f__Oscillospiraceae; g__UCG-002	0.9981733873790262
b4a5fa270cd4b8f39f6734161093e707	d__Bacteria; p__Bacteroidota; c__Bacteroidia; o__Bacteroidales; f__Rikenellaceae; g__Rikenellaceae_RC9_gut_group	0.9999103985493433
1f99e345316fa2e64c053c7558292367	d__Bacteria; p__Bacillota; c__Clostridia; o__Lachnospirales; f__Lachnospiraceae	0.9999995090935669
9fde09bb444af7a8a614c141a8919d7e	d__Bacteria; p__Bacillota; c__Clostridia; o__Lachnospirales; f__Lachnospiraceae; g__Coprococcus	0.9951848811528123
810c8d3a928b9db404f0d0646325a479	d__Bacteria; p__Cyanobacteriota; c__Vampirivibrionia; o__Gastranaerophilales; f__Gastranaerophilaceae; g__Zag_111	0.9999999252699922
8e0da29b36fbc3879561566e87f11ea7	d__Bacteria; p__Verrucomicrobiota; c__Lentisphaeria; o__Victivallales; f__Victivallaceae; g__Victivallis	0.9999994406057909
bc23d2ee539bf2f52faf789289af7879	d__Bacteria; p__Pseudomonadota; c__Gammaproteobacteria; o__Pseudomonadales; f__Pseudomonadaceae; g__Pseudomonas	0.9988703713390265
0cc26190e976fc496119a5eb4cd0fee7	d__Bacteria; p__Bacillota; c__Clostridia; o__Oscillospirales; f__Ruminococcaceae; g__[Clostridium]_methylpentosum_group	0.9997219925424333
887fe7af31928733ae3ff3fcde922e7e	d__Bacteria; p__Bacillota; c__Clostridia; o__Peptococcales; f__Peptococcaceae; g__Peptococcus	0.999999999814861
0f6da5f59be656db2dadef7bf2d1a2e6	d__Bacteria; p__Bacillota; c__Clostridia; o__Lachnospirales; f__Lachnospiraceae	0.9999758669136943
a167e4d4418792dcaba877443ed0e66d	d__Bacteria; p__Bacteroidota; c__Bacteroidia; o__Bacteroidales; f__Marinifilaceae; g__Butyricimonas	0.9999999999631513
dcc9288d330dd74492c7c5b4bf8acfb4	d__Bacteria; p__Bacillota; c__Bacilli; o__Lactobacillales; f__Lactobacillaceae; g__Weissella	0.999999998877513
9acdf3c3b6c3202fb0b640206304cfb1	d__Bacteria; p__Bacillota; c__Negativicutes; o__Veillonellales-Selenomonadales; f__Veillonellaceae; g__Megasphaera	0.9999995739594337
c764eda12e92f19526c7e5a78a38c615	d__Bacteria; p__Bacillota; c__Clostridia; o__Oscillospirales; f__Ruminococcaceae	0.9657162903372394
2ba780a1da702c22b0db896f74889bb0	d__Bacteria; p__Bacillota; c__Bacilli; o__RF39; f__Incertae_Sedis; g__Incertae_Sedis	0.9999999608134694
3e3e43471907bb703bee577541a48c97	d__Bacteria; p__Bacillota; c__Clostridia; o__Oscillospirales; f__Ruminococcaceae; g__Negativibacillus	0.9999984136236797
f2e3fb2bc5f97f8db9cad096a91a93d7	d__Bacteria; p__Pseudomonadota; c__Gammaproteobacteria; o__Burkholderiales; f__Sutterellaceae; g__Parasutterella	0.9931334492245594
d93dfe29130fd71bd30fcdeefea2862b	d__Bacteria; p__Bacillota; c__Clostridia; o__Oscillospirales; f__Ruminococcaceae	0.9999631861522039
b411f141f5453f39a7751da255d44163	d__Bacteria; p__Bacillota; c__Clostridia; o__Oscillospirales; f__Oscillospiraceae; g__NK4A214_group	0.9989401534079481
e059d17ae67871049d22da633bee9fd9	d__Bacteria; p__Bacillota; c__Clostridia; o__Oscillospirales; f__Ruminococcaceae; g__Ruminococcus	0.9990542232529047
4db315c5359656ec6bdda60a1294d136	d__Bacteria; p__Actinomycetota; c__Coriobacteriia; o__Coriobacteriales; f__Atopobiaceae; g__Parolsenella	0.9999999999863292
024ab4a627859948030d54131af7006e	d__Bacteria; p__Thermodesulfobacteriota; c__Desulfovibrionia; o__Desulfovibrionales; f__Desulfovibrionaceae; g__Desulfovibrio	0.9999778154945365
3d94391c2ef889f444158e04c0da4118	d__Bacteria; p__Bacillota; c__Clostridia; o__Oscillospirales; f__Ruminococcaceae; g__Incertae_Sedis	0.9149565462903569
f4241834c312ba532b4fe81fc18d92cc	d__Bacteria; p__Bacillota; c__Clostridia; o__Oscillospirales; f__Oscillospiraceae; g__UCG-005	0.8713303180168803
f8d6808f06593a6e40e07bdb9b1a6174	d__Bacteria; p__Elusimicrobiota; c__Elusimicrobia; o__Elusimicrobiales; f__Elusimicrobiaceae; g__Elusimicrobium	0.9999999999999147
825e1e1d675a615bb3e6914499939c93	d__Bacteria; p__Bacillota; c__Clostridia; o__Lachnospirales; f__Defluviitaleaceae; g__Defluviitaleaceae_UCG-011	0.9999961257845499
90c73029ca21cf4d72bbf602d201227c	d__Bacteria; p__Bacillota; c__Clostridia; o__Lachnospirales; f__Lachnospiraceae	0.9999324307822022
e772d5d1d8f629099641f84a82293e9d	d__Bacteria; p__Bacillota; c__Clostridia; o__Lachnospirales; f__Lachnospiraceae; g__Blautia	0.9043096917027214
cfc0fd7ddd3eced7ae052363112a8262	d__Bacteria; p__Bacillota; c__Clostridia; o__Lachnospirales; f__Lachnospiraceae; g__Blautia	0.9948925600954079
1c9f7427ad9eef9581c32e490d0f3e35	d__Bacteria; p__Bacillota; c__Clostridia; o__Lachnospirales; f__Lachnospiraceae; g__Agathobacter	0.965628775937555
1c85fe6e01899c1b9575734197172ab7	d__Bacteria; p__Bacillota; c__Clostridia; o__Lachnospirales; f__Lachnospiraceae	0.9999959807593218
c97220e6c4063a029dec2f8160977f83	d__Bacteria; p__Bacillota; c__Clostridia; o__Oscillospirales; f__Oscillospiraceae; g__Colidextribacter	0.9898967557354429
78f10d6452b5f1ee0ca8613486706b91	d__Bacteria; p__Bacteroidota; c__Bacteroidia; o__Bacteroidales; f__Muribaculaceae; g__Incertae_Sedis	0.9999558628535007
4be97abf1ab678a8322783fab899c3a4	d__Bacteria; p__Bacillota; c__Clostridia; o__Oscillospirales; f__Ruminococcaceae; g__Anaerofilum	0.9999995789600324
606e1bbf95a98328c0888df01959b793	d__Bacteria; p__Bacillota; c__Clostridia; o__Lachnospirales; f__Lachnospiraceae	0.9998820311092939
53a3898d13772cd430e49b5e8e6b6420	d__Bacteria; p__Bacillota; c__Bacilli; o__Izemoplasmatales; f__Incertae_Sedis; g__Incertae_Sedis	0.9999999935141091
46a30416766a0dc46b906fc4bf9d43ed	d__Bacteria; p__Bacteroidota; c__Bacteroidia; o__Bacteroidales; f__Tannerellaceae; g__Parabacteroides	0.9999114373745249
71a713c5aa69a8e46efa23a2437010b8	d__Bacteria; p__Bacillota; c__Clostridia; o__Lachnospirales; f__Lachnospiraceae; g__Tyzzerella	0.8636338482818895
90c2b51afe404951ec89bd52c7ae1f58	d__Bacteria; p__Bacillota; c__Clostridia; o__Lachnospirales; f__Lachnospiraceae; g__Faecalicatena	0.999868288318807
c337b9a6a224acf17ebfc80ad4c012f1	d__Bacteria; p__Bacillota; c__Clostridia; o__Clostridia_UCG-014; f__Incertae_Sedis; g__Incertae_Sedis	0.9999999998830873
a54942d73b5d227cdb51dc36a264c99e	d__Bacteria; p__Bacillota; c__Negativicutes; o__Veillonellales-Selenomonadales	0.9999998441374234
d9ef9c1fd69f0b398b331c428991204b	d__Bacteria; p__Bacillota; c__Clostridia; o__Lachnospirales; f__Lachnospiraceae	0.9999872150223907
d3f4cf8aa37dd1b19e24e8c853710f50	d__Bacteria; p__Pseudomonadota; c__Alphaproteobacteria; o__Rhodospirillales; f__Incertae_Sedis; g__Incertae_Sedis	0.9999973633334719
b8315874f4341a59e8e3ed317406ab09	d__Bacteria; p__Bacillota; c__Bacilli; o__Lactobacillales; f__Lactobacillaceae; g__Lacticaseibacillus	0.9974519346184405
162c7ae1dc684b1769ffa348d920947b	d__Bacteria; p__Bacillota; c__Clostridia; o__Oscillospirales; f__Oscillospiraceae; g__UCG-005	0.7786138450801046
45049f029cc8b4635e40d2307b936ee7	d__Bacteria; p__Bacillota; c__Clostridia; o__Oscillospirales; f__Ruminococcaceae; g__Incertae_Sedis	0.8965796080087864
0bc962738a74e6086fcceca7ba3a47dd	d__Bacteria; p__Bacillota; c__Clostridia; o__Lachnospirales; f__Lachnospiraceae; g__Blautia	0.9794343358468947
62e72727a0d9c9ae31669a5331d08db8	d__Bacteria; p__Bacillota; c__Negativicutes; o__Veillonellales-Selenomonadales; f__Selenomonadaceae; g__Mitsuokella	0.9651066204303945
a771486aeacbdf3ae4abcae5e64b323b	d__Bacteria; p__Bacteroidota; c__Bacteroidia; o__Bacteroidales; f__Bacteroidaceae; g__Bacteroides	0.9999948278439096
0a36e01fbd7fb3d11dfb9738fb369d14	d__Bacteria; p__Bacillota; c__Clostridia; o__Lachnospirales; f__Lachnospiraceae	0.99999329824854
34480c4d5e1261a1e8d0ed1193a04458	d__Bacteria; p__Bacteroidota; c__Bacteroidia; o__Bacteroidales; f__Bacteroidaceae; g__Bacteroides	0.999995429437533
0e76a33218b6ec78d67cd94534db4ca2	d__Bacteria; p__Bacteroidota; c__Bacteroidia; o__Bacteroidales; f__Muribaculaceae; g__Incertae_Sedis	0.9999658541631467
cbc78463689889049c8ecce83f9371d0	d__Bacteria; p__Bacillota; c__Clostridia; o__Lachnospirales; f__Lachnospiraceae; g__Fusicatenibacter	0.999738704943614
11764b0405507198175fe590debb40b4	d__Bacteria; p__Pseudomonadota; c__Gammaproteobacteria; o__Enterobacterales; f__Erwiniaceae	0.8158359622782412
0b6885d25ed7575141d31dcc26ce9bf7	d__Bacteria; p__Bacillota; c__Clostridia; o__Lachnospirales; f__Lachnospiraceae	0.9999821234725559
d213f55b066d42f6c6fea9f1d27582c5	d__Bacteria; p__Bacillota; c__Clostridia; o__Oscillospirales; f__Oscillospiraceae; g__Oscillibacter	0.994564912483691
2652de6031cadd1b3f3e23ea9038a853	d__Bacteria; p__Pseudomonadota; c__Gammaproteobacteria; o__Enterobacterales; f__Succinivibrionaceae; g__Succinivibrio	0.9905621487176134
ddbee449ea64b2609257fb8bd0c52081	d__Bacteria; p__Bacillota; c__Bacilli; o__Erysipelotrichales; f__Erysipelotrichaceae; g__Amedibacillus	0.8156385375704057
1f92a859575916f9b23899f09c0dd14e	d__Bacteria; p__Bacillota; c__Clostridia; o__Lachnospirales; f__Lachnospiraceae; g__Mediterraneibacter	0.9781434748000821
69f46a090420a7f596df5d450ef67e66	d__Bacteria; p__Pseudomonadota; c__Alphaproteobacteria; o__Rhodospirillales; f__Incertae_Sedis; g__Incertae_Sedis	0.999988364886422
c085d0ea03f62de11979866f577e8b89	d__Bacteria; p__Bacillota; c__Clostridia; o__Lachnospirales; f__Lachnospiraceae; g__Enterocloster	0.9685812668500164
865d57acf65241ec85171a46194aa5ee	d__Bacteria; p__Bacillota; c__Clostridia; o__Oscillospirales; f__Ruminococcaceae; g__Ruminococcus	0.9975555705267942
844f16e65bb30bdccc18f99f0a41c85f	d__Bacteria; p__Bacillota; c__Clostridia; o__Christensenellales; f__Christensenellaceae; g__Christensenellaceae_R-7_group	0.9032086264831082
5abf6d771f56e60e28c876874e676b0d	d__Bacteria; p__Bacillota; c__Clostridia; o__Oscillospirales; f__Oscillospiraceae; g__UCG-005	0.9936761559098584
deb4397013707ec2437c1c9f0447ec39	d__Bacteria; p__Bacillota; c__Clostridia; o__Lachnospirales; f__Lachnospiraceae; g__Enterocloster	0.9962388664988675
44a36b6738e227582e14a58b9d92a5f5	d__Bacteria; p__Bacillota; c__Clostridia; o__Oscillospirales; f__Butyricicoccaceae; g__Agathobaculum	0.99693059555242
ad689a29574a09c604cd36cf41732e13	d__Bacteria; p__Bacillota; c__Clostridia; o__Lachnospirales; f__Lachnospiraceae; g__Eisenbergiella	0.9999036797658513
f91e26a1e6fcce375c8909a8eb693c82	d__Bacteria; p__Bacillota; c__Clostridia; o__Oscillospirales; f__Ruminococcaceae; g__Anaerotruncus	0.9981784958108665
53c00a9a5b687dad82322b71fe79cf21	d__Bacteria; p__Cyanobacteriota; c__Vampirivibrionia; o__Gastranaerophilales; f__Gastranaerophilaceae; g__Zag_111	0.999997469384117
6e21aa8e4bd1fbe23aa3e987426267c1	d__Bacteria; p__Bacillota; c__Clostridia; o__Clostridia_UCG-014; f__Incertae_Sedis; g__Incertae_Sedis	0.9999999999078
900a2bff715a31adcdf048279e96d4e3	d__Bacteria; p__Thermodesulfobacteriota; c__Desulfovibrionia; o__Desulfovibrionales; f__Desulfovibrionaceae; g__Mailhella	0.999999983543873
21ce8465657612a85e2f89e74d285ce1	d__Bacteria; p__Bacillota; c__Clostridia; o__Christensenellales; f__Christensenellaceae; g__Incertae_Sedis	0.9999302695675012
5ca08ce4794f764fd08364dd4d33f87a	d__Bacteria; p__Actinomycetota; c__Coriobacteriia; o__Coriobacteriales; f__Atopobiaceae; g__Incertae_Sedis	0.9999999998034355
2c5c5d710e1b9229efa72f98ca7b4e71	d__Bacteria; p__Bacillota; c__Clostridia; o__Oscillospirales; f__UCG-010; g__Incertae_Sedis	0.836533182434376
55d4d3011e1f3bb8e4e5089b801b61a4	d__Bacteria; p__Bacillota; c__Clostridia; o__Lachnospirales; f__Lachnospiraceae; g__Syntrophococcus	0.817633754763524
9d7d965e05b85e3f09380ba5a282c911	d__Bacteria; p__Actinomycetota; c__Coriobacteriia; o__Coriobacteriales; f__Atopobiaceae; g__Parolsenella	0.9999999999288036
efcabdcd6c50f88da9ee47e5c0c7b6f3	d__Bacteria; p__Bacillota; c__Bacilli; o__Lactobacillales	0.9993900234494324
f3637e3e6e2a60787250bcec8536342c	d__Bacteria; p__Bacillota; c__Clostridia; o__Oscillospirales; f__Ruminococcaceae; g__Incertae_Sedis	0.8952826015242605
a2de3fc7ec0d79135bd2bdf3df9106cf	d__Bacteria; p__Bacillota; c__Clostridia; o__Oscillospirales; f__Ruminococcaceae; g__Faecalibacterium	0.9997224375287214
9886236c87102194f49e6604a2d8af46	d__Bacteria; p__Bacillota; c__Clostridia; o__Lachnospirales; f__Lachnospiraceae	0.9999986716506939
4617c4c7f7d2cf6c2d813be5c59ad558	d__Bacteria; p__Bacillota; c__Clostridia; o__Lachnospirales; f__Lachnospiraceae; g__Eisenbergiella	0.9048395131884399
3c2c65656901768d1f8b3243c09cffb0	d__Bacteria; p__Bacillota; c__Clostridia; o__Oscillospirales; f__UCG-010; g__Incertae_Sedis	0.9999998153977457
704d0070549f26fe1f99eb736cdc4c34	d__Bacteria; p__Bacillota; c__Clostridia; o__Clostridiales; f__Clostridiaceae; g__Clostridium	0.9934632171966271
0a5225695ff3a449ad8ce395d75c3799	d__Bacteria; p__Bacillota; c__Clostridia; o__Oscillospirales; f__Oscillospiraceae	0.9983511876234438
1e12fd509eab963ecba1a4e61f87544c	d__Bacteria; p__Bacillota; c__Clostridia; o__Peptostreptococcales-Tissierellales; f__Anaerovoracaceae	0.9999999794045384
cd430d115ca3465799568b7abce81e76	d__Bacteria; p__Bacillota; c__Clostridia; o__Lachnospirales; f__Lachnospiraceae	0.9999997741667925
61b1564fac7a39f37cfe6ca483f5181a	d__Bacteria; p__Bacteroidota; c__Bacteroidia; o__Bacteroidales; f__Prevotellaceae; g__Segatella	0.9999961699916201
635434066703af2e5095615e4e5be784	d__Bacteria; p__Bacillota; c__Clostridia; o__Clostridia_UCG-014; f__Incertae_Sedis; g__Incertae_Sedis	0.9999999999627249
49cd8200c53c03f48b5510b1d5528fdd	d__Bacteria; p__Pseudomonadota; c__Gammaproteobacteria; o__Burkholderiales; f__Sutterellaceae; g__Parasutterella	0.9999531891544158
20d29051d4b5fb468baa4af256e1380b	d__Bacteria; p__Bacillota; c__Negativicutes; o__Veillonellales-Selenomonadales; f__Veillonellaceae; g__Dialister	0.9999997644637653
8f378aefd2f1756424987ddc478a7ef9	d__Bacteria; p__Bacillota; c__Clostridia; o__Christensenellales; f__Christensenellaceae; g__Incertae_Sedis	0.9999407958731384
d30bee4379deb5b5bf23219a782c6280	d__Bacteria; p__Bacillota; c__Negativicutes; o__Veillonellales-Selenomonadales; f__Selenomonadaceae; g__Megamonas	0.9999611796919907
40b80783645ff144926c6754562ac84b	d__Bacteria; p__Bacillota; c__Clostridia; o__Clostridia_UCG-014; f__Incertae_Sedis; g__Incertae_Sedis	0.9999999999396181
efdc10ad96caaf61068e37a40a1caec6	d__Bacteria; p__Bacillota; c__Clostridia; o__Lachnospirales; f__Lachnospiraceae	0.999962054669871
d0f1985c2b919dcbd0bf4664c844a900	d__Bacteria; p__Bacillota; c__Clostridia; o__Peptostreptococcales-Tissierellales; f__Peptostreptococcaceae; g__Clostridioides	0.9841527660274818
bd4d18a18f5c9af3e591776c2cc9b12c	d__Bacteria; p__Bacillota; c__Clostridia; o__Lachnospirales; f__Lachnospiraceae; g__GCA-900066575	0.9941567168276695
3b32f9064116c6de7408a2bc22e4a927	d__Bacteria; p__Synergistota; c__Synergistia; o__Synergistales; f__Synergistaceae; g__Cloacibacillus	0.9999999994212203
e24dbeedeb6f27fa1f17a92662ad0d91	d__Bacteria; p__Bacillota; c__Clostridia	0.9743553500707102
2fc83579388cc9de70b76ff8fdb6ca37	d__Bacteria; p__Bacillota; c__Clostridia; o__Lachnospirales; f__Lachnospiraceae; g__Mediterraneibacter	0.9534676253655162
0ea58b5a7c34dfa9fbef2c7eec2ecd9e	d__Bacteria; p__Bacillota; c__Clostridia; o__Clostridia_UCG-014; f__Incertae_Sedis; g__Incertae_Sedis	0.999999998675932
1cf978620b24bd8d2f581735baacaa38	d__Bacteria; p__Bacteroidota; c__Bacteroidia; o__Bacteroidales; f__Prevotellaceae; g__Segatella	0.9999536756887429
81a66f2e18708a4a747b1f442d2abe47	d__Bacteria; p__Bacillota; c__Clostridia; o__Oscillospirales; f__Ruminococcaceae; g__Incertae_Sedis	0.9929959039518258
084c6991aba842c8b52fc78689fd9a1d	d__Bacteria; p__Bacillota; c__Clostridia; o__Oscillospirales; f__Oscillospiraceae; g__UCG-005	0.9939093537157087
4e303d950abae174d58e2b4a2ece4407	d__Bacteria; p__Bacteroidota; c__Bacteroidia; o__Bacteroidales; f__Tannerellaceae; g__Parabacteroides	0.9996753115388651
ebfe3d6c1ae9eb8f86904f35f766caf8	d__Bacteria; p__Bacillota; c__Clostridia; o__Lachnospirales; f__Lachnospiraceae; g__[Eubacterium]_eligens_group	0.9998958379190521
2e1a89d442a1e92163128a7476ddb842	d__Bacteria; p__Bacillota; c__Clostridia; o__Peptococcales; f__Peptococcaceae; g__Incertae_Sedis	0.9999996203560367
630bd958593140798b9a2409515d07a4	d__Bacteria; p__Bacillota; c__Clostridia; o__Lachnospirales; f__Lachnospiraceae; g__Roseburia	0.7322261732573149
dd0ef81a0a76809e4196bc926d2446d9	d__Bacteria; p__Bacillota; c__Clostridia; o__Oscillospirales; f__Ruminococcaceae; g__Subdoligranulum	0.9708490873098063
810926a593979f3574e3bbe7defd3559	d__Bacteria; p__Bacillota; c__Clostridia; o__Clostridia_vadinBB60_group; f__Incertae_Sedis; g__Incertae_Sedis	0.9999991062161813
576c2135e8ddf9d0a3674a5937d2466d	d__Bacteria; p__Bacteroidota; c__Bacteroidia; o__Bacteroidales; f__Prevotellaceae; g__Hoylesella	0.9999781498512061
68cae0d629c2c8b72d8a9588bc71b69e	d__Bacteria; p__Bacillota; c__Clostridia; o__Lachnospirales; f__Lachnospiraceae; g__[Eubacterium]_xylanophilum_group	0.9967600367702214
ea8e6d1151ff642dc45c8c4d766ee624	d__Bacteria; p__Bacillota; c__Clostridia; o__Lachnospirales; f__Lachnospiraceae; g__Agathobacter	0.9424773385343596
6a3e33257a2703af59b0066659f35a12	d__Bacteria; p__Bacteroidota; c__Bacteroidia; o__Bacteroidales; f__Bacteroidaceae; g__Bacteroides	0.9999988553182974
4786895e195caa90723aa4bcb25b8b03	d__Bacteria; p__Bacillota; c__Clostridia; o__Monoglobales; f__Monoglobaceae; g__Monoglobus	0.9999966418906151
ce5b7721ce1a952ed136b118d7bcd5e3	d__Bacteria; p__Bacteroidota; c__Bacteroidia; o__Bacteroidales; f__Prevotellaceae; g__Leyella	0.9999985747580449
f702fbe4eea25e04c7709807c3ff20e9	d__Bacteria; p__Bacillota; c__Clostridia; o__Lachnospirales; f__Lachnospiraceae; g__Agathobacter	0.8343062368436107
12aafe5e6318c52f5a515026a35e191f	d__Bacteria; p__Pseudomonadota; c__Alphaproteobacteria; o__Rhodospirillales; f__Incertae_Sedis; g__Incertae_Sedis	0.9999984102680759
b2f3bd734cae7385403230f9a8a356af	d__Bacteria; p__Bacillota; c__Bacilli; o__Lactobacillales; f__Lactobacillaceae; g__Oenococcus	0.9999999999998153
ead88059c54dc8477a63895731be166b	d__Bacteria; p__Bacillota; c__Clostridia; o__Lachnospirales; f__Lachnospiraceae; g__Enterocloster	0.9818343249739074
5ff9b5bc4b710d5ba958f11dfb223dab	d__Bacteria; p__Bacillota; c__Clostridia; o__Christensenellales; f__Christensenellaceae; g__Christensenellaceae_R-7_group	0.9829901095284863
d9e7a2013a2b6863cae05c51be41848b	d__Bacteria; p__Bacillota; c__Clostridia; o__Lachnospirales; f__Lachnospiraceae; g__Tyzzerella	0.9999879717265897
3033c1bf418e147d3c99bb248845d68e	d__Bacteria; p__Bacillota; c__Bacilli; o__Erysipelotrichales; f__Erysipelatoclostridiaceae; g__UCG-004	0.9999965378260603
ee5c4bf663b722fc809746f322a4f6f4	d__Bacteria; p__Bacillota; c__Clostridia; o__Oscillospirales; f__Ruminococcaceae; g__Gemmiger	0.8904222330259328
ab1d4831199da291485dcdf00e3e22a0	d__Bacteria; p__Bacillota; c__Negativicutes; o__Veillonellales-Selenomonadales; f__Veillonellaceae; g__Megasphaera	0.9999999892644668
58f96a2b5c399c01cc7705d3a2ee2614	d__Bacteria; p__Bacillota; c__Clostridia; o__Lachnospirales; f__Lachnospiraceae; g__Lachnospiraceae_ND3007_group	0.9999969498242129
07aa2fe944b0ffc2edca4fb5c4d8a599	d__Bacteria; p__Bacteroidota; c__Bacteroidia; o__Bacteroidales; f__Bacteroidaceae; g__Bacteroides	0.9975218770093154
6bf9394b04295c3cb43fe1c4087d612f	d__Bacteria; p__Bacteroidota; c__Bacteroidia; o__Bacteroidales; f__Prevotellaceae; g__Segatella	0.9999932874826007
a7a9916a0bfea4d8f476e75cbb649ac5	d__Bacteria; p__Bacillota; c__Clostridia; o__Lachnospirales; f__Lachnospiraceae; g__Coprococcus	0.9894452494503032
88ff081714e55662cc9e2db0bfc0ba2c	d__Bacteria; p__Bacillota; c__Bacilli; o__RF39; f__Incertae_Sedis; g__Incertae_Sedis	0.9999999708636413
2667579c34a9f6dfb32ada219033f5c3	d__Bacteria; p__Bacillota; c__Clostridia; o__Lachnospirales; f__Lachnospiraceae; g__Blautia	0.9665844660124517
0857260dcbcdff6c445d5c0a9cd1c170	d__Bacteria; p__Bacillota; c__Clostridia; o__Lachnospirales; f__Lachnospiraceae; g__Oribacterium	0.9999050733286908
c79b3d87e705bf6859d8b3a8a57577f9	d__Bacteria; p__Bacillota; c__Bacilli; o__RF39; f__Incertae_Sedis; g__Incertae_Sedis	0.9999998871642993
84803382404cf89f6d2ba624e6075b9e	d__Bacteria; p__Bacillota; c__Clostridia; o__Oscillospirales; f__Oscillospiraceae; g__Intestinimonas	0.9395148257830958
2baebbf26d21ed4347d0fe7a7089af60	d__Bacteria; p__Bacteroidota; c__Bacteroidia; o__Bacteroidales; f__Rikenellaceae; g__Alistipes	0.9999992835599594
9dcbf785e273c368eb1607810e2a060d	d__Bacteria; p__Bacillota; c__Clostridia; o__Clostridia_UCG-014; f__Incertae_Sedis; g__Incertae_Sedis	0.9999999996133226
f20cb070466b853acb0e6244d27e491a	d__Bacteria; p__Bacillota; c__Clostridia; o__Oscillospirales; f__Ruminococcaceae; g__Acutalibacter	0.8333623124949899
2a2947125c677c6e27898ad4e9b9dca7	d__Bacteria; p__Bacillota; c__Clostridia; o__Peptostreptococcales-Tissierellales; f__Family_XI; g__Fenollaria	0.9999999999985931
f402dfa5da0f4bd53468557a1a6b01e3	d__Bacteria; p__Bacillota; c__Clostridia; o__Oscillospirales; f__Ruminococcaceae	0.9152461580377558
844afa2cd927f5442d2df683472520aa	d__Bacteria; p__Bacillota; c__Clostridia; o__Oscillospirales; f__Oscillospiraceae; g__Colidextribacter	0.9724790165131779
5e4265851314a7d5897083af41f1e434	d__Bacteria; p__Bacillota; c__Clostridia; o__Peptostreptococcales-Tissierellales; f__Peptostreptococcaceae; g__Intestinibacter	0.9956688513930108
0635a6fa3ee82e3082435d8b170fb4a2	d__Bacteria; p__Bacillota; c__Clostridia; o__Clostridia_UCG-014; f__Incertae_Sedis; g__Incertae_Sedis	0.9999999989626502
b89075e3356afd5634655288c5a3d1b8	d__Bacteria; p__Bacteroidota; c__Bacteroidia; o__Bacteroidales; f__Rikenellaceae; g__Rikenellaceae_RC9_gut_group	0.999999401222249
f06ad9fce92d664707bdd4aa49da199c	d__Bacteria; p__Bacillota; c__Clostridia; o__Oscillospirales; f__Ruminococcaceae; g__Faecalibacterium	0.9997618427924553
07b946f8708ff0d575c8aacc6627f881	d__Bacteria; p__Bacillota; c__Clostridia; o__Oscillospirales; f__Oscillospiraceae; g__Colidextribacter	0.8193892849051019
f7a1c37d601eca639634217c6c1feac8	d__Bacteria; p__Bacillota; c__Clostridia; o__Oscillospirales; f__Oscillospiraceae; g__UCG-003	0.9999176997693463
4751fb397771278cfe54b0a51666c718	d__Bacteria; p__Bacillota; c__Clostridia; o__Oscillospirales; f__Ruminococcaceae; g__Fournierella	0.9999843580642769
96b08b31f324f113c7b260a50f09860c	d__Bacteria; p__Bacteroidota; c__Bacteroidia; o__Bacteroidales; f__Marinifilaceae; g__Butyricimonas	0.9999999999334648
32aafe68c8a393794b33ed02ef5c2393	d__Bacteria; p__Bacillota; c__Clostridia; o__Lachnospirales; f__Lachnospiraceae	0.9478245035919448
5d141d74c8bd046171ec64835c4864b2	d__Bacteria; p__Bacillota; c__Clostridia; o__Lachnospirales; f__Defluviitaleaceae; g__Defluviitaleaceae_UCG-011	0.9999892698150752
c3937c933413c88df1db4b761e0e3ac7	d__Bacteria; p__Bacillota; c__Clostridia; o__Clostridia_vadinBB60_group; f__Incertae_Sedis; g__Incertae_Sedis	0.9999966479065044
5286ee93133965504bbd9c6ab62cc53c	d__Bacteria; p__Bacillota; c__Clostridia; o__Peptostreptococcales-Tissierellales; f__Peptostreptococcaceae	0.99999999269067
e3b77fe9f17678df14652f611964bf3d	d__Bacteria; p__Bacillota; c__Clostridia; o__Lachnospirales; f__Lachnospiraceae; g__Fusicatenibacter	0.9997882636041463
830932289444e28d4ab0ac9cdabfe977	d__Bacteria; p__Bacillota; c__Clostridia; o__Peptostreptococcales-Tissierellales; f__Peptostreptococcaceae; g__Terrisporobacter	0.9996569037569155
e62c24834d404588672775d2705a4017	d__Bacteria; p__Bacillota; c__Clostridia; o__Lachnospirales; f__Lachnospiraceae; g__Dorea	0.9490205244464757
b3d06445a910a9a444919e41f5da39c3	d__Bacteria; p__Bacillota; c__Bacilli; o__Lactobacillales	0.9993139727072454
a6fa2de5f4576d1d77b1616786e3dd52	d__Bacteria; p__Bacillota; c__Clostridia; o__Lachnospirales; f__Lachnospiraceae	0.9999558686008961
9ad89cc951aa3031c19c59c95e401614	d__Bacteria; p__Bacillota; c__Clostridia; o__Oscillospirales; f__Oscillospiraceae; g__Pseudoflavonifractor	0.9962367345299069
45b11ede445f4295ef7f9a8108fb70a6	d__Bacteria; p__Bacillota; c__Clostridia; o__Lachnospirales; f__Lachnospiraceae; g__Catenibacillus	0.9968349145942236
2c0dc1d51219ff17b7b04041bd71a85e	d__Bacteria; p__Bacillota; c__Clostridia; o__Oscillospirales; f__Ruminococcaceae; g__[Clostridium]_methylpentosum_group	0.9319406181746474
583333adbb5d92a1059859b5f9c08fa1	d__Bacteria; p__Bacillota; c__Bacilli; o__Lactobacillales; f__Streptococcaceae; g__Streptococcus	0.9999998672077285
6379dc656242048599296adee894e990	d__Bacteria; p__Bacillota; c__Clostridia; o__Peptococcales; f__Peptococcaceae; g__Incertae_Sedis	0.9999412565260405
8102524e2bdb5e1b55ede3116906bbda	d__Bacteria; p__Bacillota; c__Clostridia; o__Lachnospirales; f__Lachnospiraceae; g__Sellimonas	0.9843659119569727
f7e7046896677a5dc2812d521537a53c	d__Bacteria; p__Bacillota; c__Clostridia; o__Clostridia_UCG-014; f__Incertae_Sedis; g__Incertae_Sedis	0.9999999997950226
140dac92c4fc866c3532b40072f5bc48	d__Bacteria; p__Bacillota; c__Clostridia; o__Oscillospirales; f__Oscillospiraceae; g__NK4A214_group	0.989273318012188
a2f3909b8fd96400528f84a791a2f628	d__Bacteria; p__Bacteroidota; c__Bacteroidia; o__Bacteroidales; f__Muribaculaceae; g__Incertae_Sedis	0.9999999174881004
3df983a85f15746dcf06de68576ff26d	d__Bacteria; p__Bacillota; c__Clostridia; o__Lachnospirales; f__Lachnospiraceae; g__Lachnospira	0.9978189439511798
8b6452501ad37485ec44b21962ce86ea	d__Bacteria; p__Thermodesulfobacteriota; c__Desulfovibrionia; o__Desulfovibrionales; f__Desulfovibrionaceae; g__Incertae_Sedis	0.9999582517948226
90ec9bcd57a679cee1bd1a71119d45e0	d__Bacteria; p__Pseudomonadota; c__Gammaproteobacteria; o__Enterobacterales; f__Pasteurellaceae; g__Haemophilus	0.7889173270148463
74d7a11ca4d4f45ccaeec480939ccec0	d__Bacteria; p__Bacillota; c__Clostridia; o__Oscillospirales; f__Oscillospiraceae; g__UCG-003	0.9996779221749383
f7962a90f4519ec1d1a9c7b8ef7bf396	d__Bacteria; p__Bacillota; c__Clostridia; o__Lachnospirales; f__Lachnospiraceae; g__Lachnospiraceae_UCG-010	0.9635125759106188
3d39600d9d770c84e1dde4dac377a982	d__Bacteria; p__Bacillota; c__Clostridia; o__Oscillospirales; f__Ruminococcaceae; g__Angelakisella	0.9985269255147674
c3f4d7601ff27738bcbc7d03e81cefa0	d__Bacteria; p__Bacillota; c__Clostridia; o__Lachnospirales; f__Lachnospiraceae; g__Roseburia	0.7617206105710238
d2bedab645c84ea92746a2b9efc6d8c8	d__Bacteria; p__Bacillota; c__Clostridia; o__Christensenellales; f__Christensenellaceae; g__Incertae_Sedis	0.7869392853157026
561564bcadff6f3b613770c8e8754a4b	d__Bacteria; p__Bacillota; c__Clostridia; o__Oscillospirales; f__Ruminococcaceae; g__Faecalibacterium	0.9995664165398939
278b22876a26e8e78bcea2d436e7b877	d__Bacteria; p__Bacteroidota; c__Bacteroidia; o__Bacteroidales; f__Prevotellaceae; g__Segatella	0.9999767216095012
a0a64c71d21b4ca6c86857f711368b37	d__Bacteria; p__Bacillota; c__Clostridia; o__Lachnospirales; f__Lachnospiraceae; g__Enterocloster	0.9964387632078135
a52e7105e795919dae83ec7fc2dcc522	d__Bacteria; p__Bacillota; c__Clostridia; o__Lachnospirales; f__Lachnospiraceae; g__Butyribacter	0.9726915320789585
91b88aa295fe09a255b2f321d9d2b12b	d__Bacteria; p__Bacillota; c__Clostridia; o__Lachnospirales; f__Lachnospiraceae; g__Enterocloster	0.9980708639717957
ccfb4c8a7a57ffb8fd5212276ff2b193	d__Bacteria; p__Bacillota; c__Clostridia; o__Christensenellales; f__Christensenellaceae; g__Incertae_Sedis	0.999809751657294
886e08d74fca1687fd9f1624c997a3af	d__Bacteria; p__Bacillota; c__Clostridia; o__Lachnospirales; f__Lachnospiraceae; g__Lachnospiraceae_UCG-010	0.9994345961179234
b691db5c64664563760473e82ca9502c	d__Bacteria; p__Bacillota; c__Clostridia; o__Oscillospirales; f__Ruminococcaceae; g__Ruthenibacterium	0.9999917601027717
2d65f3feba8904b6736f2eac7b831dff	d__Bacteria; p__Bacillota; c__Clostridia; o__Lachnospirales; f__Lachnospiraceae; g__Agathobacter	0.9458716101782874
6ed7152332889b69d2d2f33c53b68934	d__Bacteria; p__Bacillota; c__Bacilli; o__Lactobacillales; f__Lactobacillaceae; g__Lacticaseibacillus	0.9998812171648744
e65749f44b4774c03c40d6518235d6c6	d__Bacteria; p__Bacillota; c__Clostridia; o__Clostridia_UCG-014; f__Incertae_Sedis; g__Incertae_Sedis	0.9999999993274002
874bbdbddb1c6acb289da8e582ee323a	d__Bacteria; p__Bacillota; c__Clostridia; o__Lachnospirales; f__Lachnospiraceae; g__Agathobacter	0.9416246450096705
55716dcffdf7e9fdaa475305e29539ae	d__Bacteria; p__Bacteroidota; c__Bacteroidia; o__Bacteroidales; f__Muribaculaceae; g__Incertae_Sedis	0.9999875975809843
f39683c1d5c23abd1d91f83c224acfc0	d__Bacteria; p__Verrucomicrobiota; c__Lentisphaeria; o__Victivallales; f__vadinBE97; g__Incertae_Sedis	0.9999999994864908
495d7fd005b9e7f552eb05c577a81b2f	d__Bacteria; p__Bacillota; c__Clostridia; o__Oscillospirales; f__Ruminococcaceae; g__Faecalibacterium	0.9980905972381752
062b6cce1bc7299751b6f77822c6ba54	d__Bacteria; p__Bacillota; c__Clostridia; o__Monoglobales; f__Monoglobaceae; g__Monoglobus	0.9947680744046139
a544abd909afc727c4418e4e19eed417	d__Bacteria; p__Bacillota; c__Clostridia; o__Eubacteriales; f__Eubacteriaceae; g__Eubacterium	0.999999877936823
a9ed3a06206f092171de39772179fcb1	d__Bacteria; p__Bacillota; c__Clostridia; o__Lachnospirales; f__Lachnospiraceae; g__Lachnospiraceae_UCG-007	0.9494866336205008
0584be58049c7828c032b2171aa00a4b	d__Bacteria; p__Bacillota; c__Bacilli; o__Erysipelotrichales; f__Erysipelatoclostridiaceae; g__Massiliomicrobiota	0.9930405412295652
c11bde1138eb7f51d914cd1bb5f30100	d__Bacteria; p__Bacillota; c__Clostridia; o__Oscillospirales; f__Oscillospiraceae; g__Intestinimonas	0.989293304584597
59d031b8ba709e8da78b4c1f63c74f09	d__Bacteria; p__Bacillota; c__Clostridia; o__Lachnospirales; f__Lachnospiraceae	0.9999944575884464
dbf66b939bf95734d6d1d3ded61db886	d__Bacteria; p__Bacillota; c__Clostridia; o__Oscillospirales; f__Oscillospiraceae; g__Oscillibacter	0.9989151209496926
93c6eecb2c6a82487554e6e60e0e70b0	d__Bacteria; p__Bacillota; c__Clostridia; o__Lachnospirales; f__Lachnospiraceae; g__Blautia	0.9220034809148916
335003e2c98aba3bd7e91022b14749d1	d__Bacteria; p__Bacillota; c__Clostridia; o__Clostridia_vadinBB60_group; f__Incertae_Sedis; g__Incertae_Sedis	0.999999183778562
9748f8fd448797c11f81c02a835cf408	d__Bacteria; p__Pseudomonadota; c__Gammaproteobacteria; o__Burkholderiales	0.9999875305496011
ef7c8af53de2ee3385027bc6b4bf0883	d__Bacteria; p__Pseudomonadota; c__Alphaproteobacteria; o__Rhodospirillales; f__Incertae_Sedis; g__Incertae_Sedis	0.9999985382646511
177ee554ff1570ba1ee8bb4a921078a9	d__Bacteria; p__Bacillota; c__Bacilli; o__RF39; f__Incertae_Sedis; g__Incertae_Sedis	0.9999999974043163
5034598009be77942a505e7c9978b06b	d__Bacteria; p__Bacillota; c__Clostridia; o__Oscillospirales; f__Oscillospiraceae; g__UCG-005	0.8779505325311165
12f2acd0d01fa4c1ca1c4e48cbfde367	d__Bacteria; p__Bacillota; c__Clostridia; o__Oscillospirales; f__Ruminococcaceae; g__Incertae_Sedis	0.7770405715115031
69f3f9741625af53bb3b8eb0217fe02e	d__Bacteria; p__Bacteroidota; c__Bacteroidia; o__Bacteroidales; f__Tannerellaceae; g__Parabacteroides	0.9999999901912275
8ee5f7fcc9ec27023188c9153ef8f6c2	d__Bacteria; p__Bacteroidota; c__Bacteroidia; o__Bacteroidales; f__Muribaculaceae; g__Incertae_Sedis	0.9999999016125449
b6bba6473f29f19d48778c7f55be1e45	d__Bacteria; p__Bacillota; c__Clostridia; o__Lachnospirales; f__Lachnospiraceae; g__Lachnospira	0.9967578524174416
d517ed3a003ec2c36a13a8d13d6a6b4f	d__Bacteria; p__Bacillota; c__Clostridia; o__Lachnospirales; f__Lachnospiraceae	0.9999995514724607
6755ccdc01a64c55f61d56d798f434c8	d__Bacteria; p__Bacillota; c__Clostridia; o__Lachnospirales; f__Lachnospiraceae; g__Mediterraneibacter	0.9541611993645843
c64278b7c0c20b3412e0cf6b3bd546fb	d__Bacteria; p__Bacillota; c__Clostridia; o__Oscillospirales; f__UCG-010; g__Incertae_Sedis	0.998876445043989
7a9d0c855c2375b26747f82965afc821	d__Bacteria; p__Bacillota; c__Clostridia; o__Oscillospirales; f__Oscillospiraceae; g__UCG-005	0.9482506545625896
a13a1a2f090430eea06b2ade4dba39fb	d__Bacteria; p__Bacteroidota; c__Bacteroidia; o__Bacteroidales; f__Prevotellaceae; g__Incertae_Sedis	0.9709687208467195
caedf7b67cf45b7dbc6cb878c9d6fcea	d__Bacteria; p__Bacillota; c__Bacilli; o__RF39; f__Incertae_Sedis; g__Incertae_Sedis	0.9999999944800919
51a63d18809e04591820c7e3f3acf0b4	d__Bacteria; p__Bacillota; c__Clostridia; o__Oscillospirales; f__Ruminococcaceae; g__Candidatus_Soleaferrea	0.9993143604257403
b6654b8ccf1c21d9e1ee34fa755f6123	d__Bacteria; p__Bacillota; c__Clostridia; o__Lachnospirales; f__Lachnospiraceae; g__Marvinbryantia	0.9264819841781907
cc198f18f0f51e564eb5974c64066895	d__Bacteria; p__Bacillota; c__Clostridia; o__Lachnospirales; f__Lachnospiraceae; g__[Ruminococcus]_gauvreauii_group	0.9952509097114982
f46e334adcb762d833e04ead7d072998	d__Bacteria; p__Bacillota; c__Clostridia; o__Oscillospirales; f__Ruminococcaceae; g__Faecalibacterium	0.9998128930185592
7a1144e3e5689e67eb04e1a00e49c45c	d__Bacteria; p__Bacteroidota; c__Bacteroidia; o__Bacteroidales; f__Tannerellaceae; g__Parabacteroides	0.9999999206560122
6c1f3bf3e2186d0faf5325be92f4c974	d__Bacteria; p__Bacillota; c__Clostridia; o__Peptostreptococcales-Tissierellales; f__Family_XI; g__Parvimonas	0.9999994099257528
a5310349e17ea9d5f3af52f9d8d9fe14	d__Bacteria; p__Bacillota; c__Clostridia; o__Lachnospirales; f__Lachnospiraceae; g__Dorea	0.9531829650515123
b678d830a23af8626e8af01d29a08d18	d__Bacteria; p__Bacillota; c__Bacilli; o__Bacillales; f__Bacillaceae; g__Parageobacillus	0.9414168843161672
b7d161ba662e5044f7904ff37eb40d38	d__Bacteria; p__Bacillota; c__Clostridia; o__Lachnospirales; f__Lachnospiraceae; g__[Ruminococcus]_gauvreauii_group	0.9941943464247417
2ae945b550c248752a5b463c9aca1a6a	d__Bacteria; p__Bacillota; c__Clostridia; o__Oscillospirales; f__Ruminococcaceae; g__Incertae_Sedis	0.9103421246696587
23c05ffd2b0ba1534717ee52a81b589e	d__Bacteria; p__Bacillota; c__Bacilli; o__Erysipelotrichales; f__Erysipelotrichaceae; g__Holdemania	0.999999524934565
954f244280781f0339631a6eee679e1e	d__Bacteria; p__Bacillota; c__Clostridia; o__Lachnospirales; f__Lachnospiraceae	0.999999956808197
46d8ab5615f60d7b522f3590976668be	d__Bacteria; p__Bacillota; c__Clostridia; o__Lachnospirales; f__Lachnospiraceae; g__Lachnospiraceae_UCG-010	0.999920454103569
32b2e8b872ca1b65cce4e2e31e0ea62d	d__Bacteria; p__Bacillota; c__Clostridia; o__Oscillospirales; f__Oscillospiraceae; g__UCG-005	0.9970563063430058
691656f33e727f8857f5c9ee40ed05b1	d__Bacteria; p__Pseudomonadota; c__Gammaproteobacteria; o__Pseudomonadales; f__Pseudomonadaceae; g__Pseudomonas	0.9992806342899687
4fa744715eb33645143724d7520c143f	d__Bacteria; p__Bacillota; c__Clostridia; o__Oscillospirales; f__UCG-010; g__Incertae_Sedis	0.9999971251964266
c887eec22e201ad6ef0737a55efe4b00	d__Bacteria; p__Bacillota; c__Clostridia; o__Oscillospirales; f__Ruminococcaceae; g__Faecalibacterium	0.9996164787034741
79a135e2eef28318caaa97695b7a016f	d__Bacteria; p__Bacillota; c__Clostridia; o__Lachnospirales; f__Lachnospiraceae; g__Dorea	0.9772712297098433
597966c93921ecc2907ad15121cbcd2c	d__Bacteria; p__Bacillota; c__Clostridia; o__Oscillospirales; f__Ruminococcaceae; g__Acutalibacter	0.9999799784034359
b148aa1f06e0eea5a72ac72fdf3ac867	d__Bacteria; p__Bacillota; c__Clostridia; o__Lachnospirales; f__Lachnospiraceae; g__Roseburia	0.7199667196236278
0d698d0db80b1389c4aeea452b1ae74f	d__Bacteria; p__Bacillota; c__Clostridia; o__Oscillospirales; f__Ruminococcaceae; g__Gemmiger	0.8373686212941783
a495b7c8b63841582c3db03bb9db49c1	d__Bacteria; p__Bacillota; c__Clostridia; o__Lachnospirales; f__Lachnospiraceae; g__Anaerobutyricum	0.9999983606153586
0c1f862c50a5580967d4bb76cb7053e5	d__Bacteria; p__Bacillota; c__Clostridia; o__Oscillospirales; f__Oscillospiraceae; g__Colidextribacter	0.8549466893356946
f5f4ef252850e0b1f378923731257d69	d__Bacteria; p__Bacillota; c__Clostridia; o__Oscillospirales; f__Oscillospiraceae	0.9999266270947188
228a2548bfe64f0daf654631e780982f	d__Bacteria; p__Bacillota; c__Clostridia; o__Oscillospirales; f__Ruminococcaceae; g__Hydrogenoanaerobacterium	0.8928215089219874
142e992310e659cb6b21809eeb7c4a07	d__Bacteria; p__Bacillota; c__Clostridia; o__Monoglobales; f__Monoglobaceae; g__Monoglobus	0.9989916820678462
0fbc0dbcffa7090d1fab67b5001cba07	d__Bacteria; p__Bacillota; c__Clostridia; o__Oscillospirales; f__Ruminococcaceae; g__Ruminococcus	0.8168408748900995
3c15d517ba7b79ff4eab88e71709929d	d__Bacteria; p__Bacillota; c__Clostridia; o__Lachnospirales; f__Lachnospiraceae	0.9999999128424735
aa9b3b86088029a555234290e25faa81	d__Bacteria; p__Pseudomonadota; c__Alphaproteobacteria; o__Acetobacterales; f__Acetobacteraceae; g__Gluconobacter	0.9990102463318349
9b028c82502cd97b9754c730b8a94685	d__Bacteria; p__Bacillota; c__Clostridia; o__Christensenellales; f__Christensenellaceae; g__Christensenellaceae_R-7_group	0.9997015081915579
ab079a873f7bfea311ae56f9047995f4	d__Bacteria; p__Bacillota; c__Clostridia; o__Monoglobales; f__Monoglobaceae; g__Monoglobus	0.9999868194473795
98a4b39fdfde75d956d5f68b835a03a2	d__Bacteria; p__Bacillota; c__Clostridia; o__Oscillospirales; f__UCG-010; g__Incertae_Sedis	0.9999927606879586
6b3aa8d9a7ab78ee1993ff9359757d75	d__Archaea; p__Methanobacteriota; c__Methanobacteria; o__Methanobacteriales; f__Methanobacteriaceae; g__Methanosphaera	0.9999999996830695
edc98ba479626d1c42e8ed42eaaf1ce8	d__Bacteria; p__Bacillota; c__Clostridia; o__Peptostreptococcales-Tissierellales; f__Anaerovoracaceae; g__Mogibacterium	0.9999984139401975
8f6ac4753aa25f20e4385d4249467f3b	d__Bacteria; p__Bacteroidota; c__Bacteroidia; o__Bacteroidales; f__Bacteroidaceae; g__Bacteroides	0.9999991901736547
a7fad69a900f747d777bf13f8c1ffd83	d__Bacteria; p__Bacillota; c__Clostridia; o__Clostridia_vadinBB60_group; f__Incertae_Sedis; g__Incertae_Sedis	0.9999998459668523
b9ba6e18a5ca6a7482589e462a178cb3	d__Bacteria; p__Bacillota; c__Clostridia; o__Oscillospirales; f__Ruminococcaceae; g__Ruminococcus	0.9984884301532334
c9165d49cf70a52fe283b06d0672df1b	d__Bacteria; p__Bacillota; c__Clostridia; o__Oscillospirales; f__Butyricicoccaceae; g__Agathobaculum	0.9999837259125789
b7456e149c850cda36b44c10a2aad912	d__Bacteria; p__Bacillota; c__Clostridia; o__Christensenellales; f__Christensenellaceae	0.9735797196169973
ad1827bc2bf35f14fa74ed3e4fe53ba7	d__Bacteria; p__Synergistota; c__Synergistia; o__Synergistales; f__Synergistaceae; g__Cloacibacillus	0.9999999995404067
f8000a94d405169f38df61e7cf1cd286	d__Bacteria; p__Bacillota; c__Bacilli; o__Lactobacillales; f__Lactobacillaceae; g__Pediococcus	0.9999771313286326
8a83cfd5eb074b5dbc6118eb03ef915e	d__Bacteria; p__Bacteroidota; c__Bacteroidia; o__Bacteroidales; f__Marinifilaceae; g__Butyricimonas	0.9999999998377263
c8438f3e406d412b69f229d7876a2d65	d__Bacteria; p__Bacillota; c__Bacilli; o__Erysipelotrichales; f__Erysipelotrichaceae; g__Incertae_Sedis	0.9999999450145809
e45879f7a7f78114055657a8b329c459	d__Bacteria; p__Bacillota; c__Bacilli; o__Lactobacillales; f__Lactobacillaceae; g__Ligilactobacillus	0.999411695538137
c04ae6cb04177b768e7f8a7259a8775e	d__Bacteria; p__Bacillota; c__Clostridia; o__Oscillospirales; f__Butyricicoccaceae; g__Agathobaculum	0.9999986519720343
46f96e683eb6268bc2d5c04a827c1fb9	d__Bacteria; p__Bacillota; c__Clostridia; o__Oscillospirales; f__Oscillospiraceae; g__Oscillibacter	0.7908639867758781
72dfbbc5a881c99cd4ad02cab1800aa2	d__Bacteria; p__Bacillota; c__Clostridia; o__Oscillospirales; f__Ruminococcaceae; g__Ruminococcus	0.9995196881064409
da3acccfac616e8ef47e02f4eec99697	d__Bacteria; p__Bacillota; c__Clostridia; o__Oscillospirales; f__Oscillospiraceae; g__UCG-002	0.9999793541742654
7b6f8858b481821ad1aae2e8d796fae6	d__Bacteria; p__Bacillota; c__Clostridia; o__Oscillospirales; f__Oscillospiraceae	0.9999990466261871
84229f40e030474d1845b86ee28567c3	d__Bacteria; p__Bacillota; c__Clostridia; o__Oscillospirales; f__Ruminococcaceae; g__Hydrogenoanaerobacterium	0.9777555456997851
6a80d9f49c0f7a9e64b4e4a82ffa9489	d__Bacteria; p__Bacillota; c__Clostridia; o__Oscillospirales; f__Ruminococcaceae; g__Incertae_Sedis	0.7725047721110622
f34c21fc7e6ef7fa61391fcbd5621d37	d__Bacteria; p__Bacillota; c__Clostridia; o__Lachnospirales; f__Lachnospiraceae; g__Blautia	0.9930323302445502
2fd90f754f9309e5c3fabefcd4c39963	d__Bacteria; p__Bacillota; c__Clostridia; o__Lachnospirales; f__Lachnospiraceae; g__Anaerostipes	0.9999988123700181
0c7df2016efb831dd568000b3c45a5cf	d__Bacteria; p__Bacteroidota; c__Bacteroidia; o__Bacteroidales; f__Bacteroidaceae; g__Bacteroides	0.9999984565973081
ad816153f1193fbf04158fa2848c17f9	d__Bacteria; p__Bacillota; c__Clostridia; o__Oscillospirales; f__[Eubacterium]_coprostanoligenes_group; g__Incertae_Sedis	0.9999882493926887
8ed2b0d5b16117c3db0183440b91bb6a	d__Bacteria; p__Bacillota; c__Clostridia; o__Clostridia_UCG-014; f__Incertae_Sedis; g__Incertae_Sedis	0.999999999337092
26146a740c35509578909ad7870d4803	d__Bacteria; p__Bacillota; c__Clostridia; o__Clostridia_UCG-014; f__Incertae_Sedis; g__Incertae_Sedis	0.9999999992979269
ca026dacffd70ad17ad4cfcfc18e7684	d__Bacteria; p__Bacillota; c__Clostridia; o__Lachnospirales; f__Lachnospiraceae; g__Extibacter	0.9924629142775966
67775dec1b742538adce25b271eeedc4	d__Bacteria; p__Bacillota; c__Clostridia; o__Monoglobales; f__Monoglobaceae; g__Monoglobus	0.9934550801104487
47449b1301f4b388c40ea2fd7ba8b33c	d__Bacteria; p__Bacillota; c__Clostridia; o__Oscillospirales; f__Ruminococcaceae; g__Incertae_Sedis	0.9360179512030504
794bf208101bb761eb1a773af477ac9c	d__Bacteria; p__Bacteroidota; c__Bacteroidia; o__Bacteroidales; f__Bacteroidaceae; g__Bacteroides	0.9999998315236098
1661c49d1dc41645c0bf242b2064f1f3	d__Bacteria; p__Bacillota; c__Clostridia; o__Oscillospirales; f__Oscillospiraceae; g__Colidextribacter	0.9892998428823142
f5f2cc6a935d6f2ab326457058c547d8	d__Bacteria; p__Bacteroidota; c__Bacteroidia; o__Bacteroidales; f__Marinifilaceae; g__Butyricimonas	0.9999999996914255
02e59a9cfe55650cb6becf167abb1934	d__Bacteria; p__Bacillota; c__Negativicutes; o__Veillonellales-Selenomonadales; f__Veillonellaceae; g__Dialister	0.9989147254313765
90364ee4284125c573908cf060fb08d5	d__Bacteria; p__Bacillota; c__Clostridia; o__Oscillospirales; f__Ruminococcaceae; g__Ruminococcus	0.9999622707201207
44d0aff026e872a93bbb55d24f700403	d__Bacteria; p__Bacillota; c__Clostridia; o__Monoglobales; f__Monoglobaceae; g__Monoglobus	0.7866059341108127
b1d96dc14509235d0fa2d445a3107cbb	d__Bacteria; p__Bacillota; c__Clostridia; o__Peptostreptococcales-Tissierellales; f__Anaerovoracaceae; g__Family_XIII_AD3011_group	0.9767649563009382
ffedbbdc88766c6fc3117bd835c2f200	d__Bacteria; p__Bacillota; c__Clostridia; o__Oscillospirales; f__Butyricicoccaceae; g__Agathobaculum	0.9988211677872895
dcf6baf05fd750720597f3310785662a	d__Bacteria; p__Bacillota; c__Clostridia; o__Oscillospirales; f__Ruminococcaceae; g__Incertae_Sedis	0.9583947007445448
aae5a06d94e3e4cfba15ec83d2978a3d	d__Bacteria; p__Actinomycetota; c__Coriobacteriia; o__Coriobacteriales; f__Coriobacteriales_Incertae_Sedis; g__Incertae_Sedis	0.9999992881418625
02c36a18474759f96da44366c7837649	d__Bacteria; p__Bacteroidota; c__Bacteroidia; o__Bacteroidales; f__Rikenellaceae; g__Rikenellaceae_RC9_gut_group	0.9999494780632424
589c1370b3324a2d6cff6d1ff85341d1	d__Bacteria; p__Bacteroidota; c__Bacteroidia; o__Bacteroidales; f__Barnesiellaceae; g__Incertae_Sedis	0.9999789370615655
dcbe7d79cee883fcecc7dbdf90d7297c	d__Bacteria; p__Verrucomicrobiota; c__Verrucomicrobiia; o__Opitutales; f__Puniceicoccaceae; g__Incertae_Sedis	0.9971220691524334
8cd884ca56b83be7d61a33bc0b054969	d__Bacteria; p__Bacillota; c__Clostridia; o__Lachnospirales; f__Lachnospiraceae	0.9998749975204554
d553a941df28d30acd783aab9a9881c1	d__Bacteria; p__Bacillota; c__Clostridia; o__Oscillospirales; f__Ruminococcaceae; g__Ruminococcus	0.7352433381976583
525d64ff8a5140d13235ed64009a3494	d__Bacteria; p__Bacillota; c__Clostridia; o__Lachnospirales; f__Lachnospiraceae; g__[Eubacterium]_ventriosum_group	0.9996325489987238
3d2ba8e9f30c3d24c7e832b5c6f121f6	d__Bacteria; p__Bacillota; c__Clostridia; o__Oscillospirales; f__Ruminococcaceae; g__[Eubacterium]_siraeum_group	0.9995538970934162
d02369e060a0f0b3ae06413c516a0c34	d__Bacteria; p__Bacillota; c__Clostridia; o__Lachnospirales; f__Lachnospiraceae	0.999894661979531
b70b84c21c174bcb773e086c981734c2	d__Bacteria; p__Bacteroidota; c__Bacteroidia; o__Bacteroidales; f__Muribaculaceae; g__Incertae_Sedis	0.9999952017801668
2b03466f49b9115a4b1276832aea95ba	d__Bacteria; p__Bacillota; c__Clostridia; o__Lachnospirales; f__Lachnospiraceae; g__Anaerobutyricum	0.999999851763658
cce0f21cdf5597d900d303fdac05b33c	d__Bacteria; p__Actinomycetota; c__Actinobacteria; o__Micrococcales; f__Micrococcaceae; g__Rothia	0.9999964104443159
117f89aaec1283021c3680ccc5c5b5d3	d__Bacteria; p__Bacillota; c__Clostridia; o__Oscillospirales; f__Butyricicoccaceae	0.999999996766397
d446744dc733c71ba2346de469e4efbe	d__Bacteria; p__Bacillota; c__Clostridia; o__Lachnospirales; f__Lachnospiraceae; g__Eisenbergiella	0.80572570846083
4e80346edc0d8673b176ae4117fb37b0	d__Bacteria; p__Thermodesulfobacteriota; c__Desulfovibrionia; o__Desulfovibrionales; f__Desulfovibrionaceae; g__Desulfovibrio	0.9999624091388075
aed0d8840bb7da5eacd80c6f9a1f91ed	d__Bacteria; p__Bacillota; c__Clostridia	0.8751446628793366
f92dbd332a1506f6bfd6cf3845d83de7	d__Bacteria; p__Bacillota; c__Clostridia; o__Christensenellales; f__Christensenellaceae; g__Incertae_Sedis	0.9999310973680343
ae563dfdb32586d479e5a42e0fe091b0	d__Bacteria; p__Bacillota; c__Bacilli; o__Erysipelotrichales; f__Erysipelatoclostridiaceae; g__Catenibacterium	0.9999796031543582
46e786821ed4af2f06ec309122192427	d__Bacteria; p__Bacillota; c__Clostridia; o__Lachnospirales; f__Lachnospiraceae; g__Dorea	0.9455470234553045
ddd32e04e89fc1571dd9376836090141	d__Bacteria; p__Bacillota; c__Clostridia; o__Lachnospirales; f__Lachnospiraceae; g__Blautia	0.961970596285095
f294114d82ce32291c5dc2891ca2f134	d__Bacteria; p__Actinomycetota; c__Coriobacteriia; o__Coriobacteriales; f__Eggerthellaceae	0.9999999995590526
c4b429c1c6232752e716ae86e05c561d	d__Bacteria; p__Bacteroidota; c__Bacteroidia; o__Bacteroidales; f__Marinifilaceae; g__Odoribacter	0.9999998916073084
8e6e925baa81466352ff781a289e188d	d__Bacteria; p__Bacillota; c__Clostridia; o__Clostridiales; f__Clostridiaceae; g__Clostridium	0.9999747491101828
0e6e9e41a8cf4283bf0ecf36b5ff564d	d__Bacteria; p__Bacteroidota; c__Bacteroidia; o__Bacteroidales; f__Muribaculaceae; g__Incertae_Sedis	0.9999997773298012
1f0f2781ed77258dbf7028e9193c4a05	d__Bacteria; p__Bacteroidota; c__Bacteroidia; o__Bacteroidales; f__Bacteroidaceae; g__Bacteroides	0.9999924113069514
5f286ee3d28bebfe1e1af65c6b6341b3	d__Bacteria; p__Bacillota; c__Clostridia; o__Peptococcales; f__Peptococcaceae; g__Peptococcus	0.9999999952440533
e21d9f482315985036cf80d1b20de58b	d__Bacteria; p__Bacillota; c__Clostridia; o__Lachnospirales; f__Lachnospiraceae	0.999999862879829
f20a254f7e94b8c646a2c30dc858616b	d__Bacteria; p__Bacillota; c__Clostridia; o__Lachnospirales; f__Lachnospiraceae; g__Mediterraneibacter	0.9996151466148525
33852dc244bb69590e8e756a83bb2f4c	d__Bacteria; p__Bacillota; c__Clostridia; o__Oscillospirales; f__Ruminococcaceae; g__Acutalibacter	0.8664326050832729
a36d070ba91e6c48d0c79036200d0b20	d__Bacteria; p__Bacillota; c__Clostridia; o__Christensenellales; f__Christensenellaceae; g__Christensenella	0.9999970231235096
8065d23031a39eabd597f7d67a545873	d__Bacteria; p__Bacillota; c__Clostridia; o__Oscillospirales; f__Ruminococcaceae; g__Incertae_Sedis	0.9781688136767421
11554c6c5e032cb6ab1718efd41f0ed8	d__Bacteria; p__Bacillota; c__Clostridia; o__Oscillospirales; f__Oscillospiraceae; g__Ruminiclostridium	0.8649111310394852
ee3547372299d22bdbd82e4b6faea816	d__Bacteria; p__Bacillota; c__Clostridia; o__Peptostreptococcales-Tissierellales; f__Peptostreptococcaceae; g__Romboutsia	0.7706434186881508
c1437883bd77070041bdf06ac2ef2559	d__Bacteria; p__Bacillota; c__Clostridia; o__Lachnospirales; f__Lachnospiraceae; g__Frisingicoccus	0.9999675793260123
e644522cf6d7222c9da7f9ecf614cd89	d__Bacteria; p__Bacteroidota; c__Bacteroidia; o__Bacteroidales; f__Marinifilaceae; g__Butyricimonas	0.9999999999390496
85ffb1332ebe8ba2021a6d26c4725e5e	d__Bacteria; p__Bacillota; c__Clostridia; o__Lachnospirales; f__Lachnospiraceae; g__Coprococcus	0.9795761153111598
ef1616938612ecae94c31842853cb904	d__Bacteria; p__Bacillota; c__Clostridia; o__Lachnospirales; f__Lachnospiraceae	0.9999996663806558
904d063813394e9a3cd5a23fef870ec8	d__Bacteria; p__Bacillota; c__Bacilli; o__Lactobacillales; f__Streptococcaceae; g__Lactococcus	0.9993027562986544
3f38509af22157cdcb4006457529d25e	d__Bacteria; p__Bacillota; c__Clostridia; o__Christensenellales; f__Christensenellaceae; g__Christensenellaceae_R-7_group	0.8225521904419356
ddfcec0ea85457da924c9879b1be387a	d__Bacteria; p__Bacillota; c__Clostridia; o__Oscillospirales; f__Oscillospiraceae	0.8791245623361512
aa4cb77a1be392b8ad789d655e0eb570	d__Bacteria; p__Bacteroidota; c__Bacteroidia; o__Bacteroidales; f__Rikenellaceae; g__Alistipes	0.9999997031413997
602510f333bda9666e551383f7ebaf82	d__Bacteria; p__Bacteroidota; c__Bacteroidia; o__Bacteroidales; f__Prevotellaceae; g__Prevotella	0.9996202861057563
1bab5472b7ec90e6dd45b95342020b74	d__Bacteria; p__Bacillota; c__Clostridia; o__Lachnospirales; f__Lachnospiraceae; g__[Ruminococcus]_gnavus_group	0.9951193608606064
bdbab59dd8f3522b064c3b5387648231	d__Bacteria; p__Bacillota; c__Clostridia; o__Peptostreptococcales-Tissierellales; f__Anaerovoracaceae; g__Family_XIII_AD3011_group	0.9855048849988799
da6059a0e6740564044eb0cf52bc301a	d__Bacteria; p__Bacillota; c__Clostridia; o__Lachnospirales; f__Lachnospiraceae	0.999964302646398
dafe809740d0545dc25c6939a84a1820	d__Bacteria; p__Bacillota; c__Bacilli; o__Erysipelotrichales; f__Erysipelatoclostridiaceae; g__Coprobacillus	0.9651679207487729
3017a47a620637b24df97f50486504df	d__Bacteria; p__Bacillota; c__Clostridia; o__Clostridia_vadinBB60_group; f__Incertae_Sedis; g__Incertae_Sedis	0.9999992757014476
09d2e8ced0670e953ba1426e42c7e469	d__Bacteria; p__Bacteroidota; c__Bacteroidia; o__Bacteroidales; f__Prevotellaceae; g__Segatella	0.9999925539064631
ec288ca0cdb4dd1750cbc1d6957a2d53	d__Bacteria; p__Bacillota; c__Clostridia; o__Lachnospirales; f__Lachnospiraceae; g__[Eubacterium]_xylanophilum_group	0.9564413257280796
a765441df9f96c9e8a1baf9645528616	d__Bacteria; p__Bacillota; c__Clostridia; o__Lachnospirales; f__Lachnospiraceae	0.9999996495190093
3974f4204385c3dc7a53fb8fb8cb9eaa	d__Bacteria; p__Bacillota; c__Negativicutes; o__Veillonellales-Selenomonadales; f__Selenomonadaceae; g__Mitsuokella	0.7855794182800614
8f8870ab3eebeb50123032f6b8829f4d	d__Bacteria; p__Bacillota; c__Clostridia; o__Lachnospirales; f__Lachnospiraceae; g__Fusicatenibacter	0.9987863069265498
5e7fc07c116a7b1644f81be47a863a12	d__Bacteria; p__Bacteroidota; c__Bacteroidia; o__Bacteroidales; f__Prevotellaceae; g__Incertae_Sedis	0.99868637433391
9fc888375a2ec9ad57f281ff5b0ec5da	d__Bacteria; p__Bacillota; c__Bacilli; o__RF39; f__Incertae_Sedis; g__Incertae_Sedis	0.9999999701529565
1be1e9db35c47ab1e9f6f44758699aa1	d__Bacteria; p__Bacteroidota; c__Bacteroidia; o__Bacteroidales; f__Prevotellaceae; g__Leyella	0.999999798465743
5b06f160830e9884cb7d504278f970ec	d__Bacteria; p__Bacillota; c__Clostridia; o__Oscillospirales; f__Ruminococcaceae; g__Gemmiger	0.7161957683296639
1b3f9d8e212ed77449f73fb6195fb0ed	d__Bacteria; p__Bacillota; c__Clostridia; o__Oscillospirales; f__Ruminococcaceae; g__Faecalibacterium	0.9982270886020823
b734e4ded783c3c4821c16d66f899705	d__Bacteria; p__Bacteroidota; c__Bacteroidia; o__Bacteroidales; f__Tannerellaceae; g__Parabacteroides	0.9999502202228667
f8dc4d17a9589b91dc466d20015518e4	d__Bacteria; p__Bacillota; c__Clostridia; o__Oscillospirales; f__Oscillospiraceae; g__Colidextribacter	0.9066447968807355
e07f9663f2d9e1fa1cb954ebd48d4899	d__Bacteria; p__Bacillota; c__Clostridia; o__Oscillospirales; f__Oscillospiraceae; g__Oscillibacter	0.9954774493737499
105d5959bed2c9399522aba4291031fd	d__Bacteria; p__Bacillota; c__Bacilli; o__Erysipelotrichales; f__Erysipelatoclostridiaceae; g__Massiliomicrobiota	0.891855380729437
3e7dde4c5949051a700758c0b104eb55	d__Bacteria; p__Bacillota; c__Clostridia; o__Peptostreptococcales-Tissierellales; f__Anaerovoracaceae; g__Mogibacterium	0.9999983724410584
375c4368d62cba8637887fab2b43b728	d__Bacteria; p__Bacillota; c__Clostridia; o__Oscillospirales; f__Ruminococcaceae	0.9972417815045957
f73160a94abee0441ab5a573877744d2	d__Bacteria; p__Campylobacterota; c__Campylobacteria; o__Campylobacterales; f__Campylobacteraceae; g__Campylobacter	0.9999998410585802
a6bf93a2e5b09159134261bfae584ab0	d__Bacteria; p__Bacillota; c__Clostridia; o__Oscillospirales; f__UCG-010; g__Incertae_Sedis	0.9999960518046075
43f8359410115bcc50dc599528c0a591	d__Bacteria; p__Bacillota; c__Clostridia; o__Monoglobales; f__Monoglobaceae; g__Monoglobus	0.9999999123829649
d3b07cc56e992252383c35942a4f929e	d__Bacteria; p__Pseudomonadota; c__Gammaproteobacteria; o__Enterobacterales; f__Enterobacteriaceae; g__Escherichia-Shigella	0.9977694567645887
649b4e57e1b00a4b10c4395996c16d39	d__Bacteria; p__Bacillota; c__Clostridia; o__Lachnospirales; f__Lachnospiraceae; g__Anaerobutyricum	0.999999810568003
e6f7679f2fd40e3dc24418878208dcc1	d__Bacteria; p__Bacillota; c__Clostridia; o__Lachnospirales; f__Lachnospiraceae; g__[Ruminococcus]_gauvreauii_group	0.9932301516110293
75ee13c02f91d5b5c72fb55a606a1e99	d__Bacteria; p__Bacillota; c__Clostridia; o__Monoglobales; f__Monoglobaceae; g__Monoglobus	0.9616061148240337
5fa0a6355e8d28f549e6ee42e79bb41c	d__Bacteria; p__Bacillota; c__Clostridia; o__Clostridiales; f__Clostridiaceae; g__Clostridium	0.9996889718518903
704e8a1acf77dcc1bc06251a34ba2132	d__Bacteria; p__Bacillota; c__Clostridia; o__Clostridia_UCG-014; f__Incertae_Sedis; g__Incertae_Sedis	0.9999999940000919
b835514e2678e3c7ba13bfe0a0d79bb4	d__Bacteria; p__Bacillota; c__Bacilli; o__Erysipelotrichales; f__Erysipelatoclostridiaceae; g__Thomasclavelia	0.999999623458791
79e187c38fc400b1c324c7a3008a885e	d__Bacteria; p__Bacillota; c__Clostridia; o__Oscillospirales; f__Oscillospiraceae	0.7307198753299683
7e1f32734057baf42fa603b155a2afa5	d__Bacteria; p__Bacillota; c__Clostridia; o__Oscillospirales; f__Ruminococcaceae; g__Faecalibacterium	0.99948131094326
f09ca081a69806aca5de24d404ad4c6c	d__Bacteria; p__Bacillota; c__Clostridia; o__Lachnospirales; f__Lachnospiraceae	0.9999690982445423
963a743ae3c730e1290a19e0887df0a0	d__Bacteria; p__Bacteroidota; c__Bacteroidia; o__Bacteroidales; f__Barnesiellaceae; g__Barnesiella	0.9999996429642903
4db08801d6dc70b79c5af2cc1334805d	d__Bacteria; p__Bacillota; c__Bacilli; o__RF39; f__Incertae_Sedis; g__Incertae_Sedis	0.9999996637576057
5d7413fdd6165f7ddd1ed87401fd589b	d__Bacteria; p__Bacillota; c__Clostridia; o__Oscillospirales; f__Ruminococcaceae; g__Acutalibacter	0.9999727563496478
a47635bebc39d2523bf9e0e7d69c7a72	d__Bacteria; p__Bacillota; c__Clostridia; o__Lachnospirales; f__Lachnospiraceae; g__Enterocloster	0.9982276272170039
f7847b152a51a4a39be410ce3dff8676	d__Bacteria; p__Bacteroidota; c__Bacteroidia; o__Bacteroidales; f__Bacteroidaceae; g__Bacteroides	0.9999999013344669
843b8c3a36b94ad74939c644c4498632	d__Bacteria; p__Bacillota; c__Clostridia; o__Monoglobales; f__Monoglobaceae; g__Monoglobus	0.7452756803840597
3127220258419507743dc5f2bba69d86	d__Bacteria; p__Bacteroidota; c__Bacteroidia; o__Bacteroidales; f__Marinifilaceae; g__Butyricimonas	0.9999999999401155
b042a5460c7debe88ba5cfb5f2f9eaf2	d__Bacteria; p__Bacillota; c__Clostridia; o__Lachnospirales; f__Lachnospiraceae; g__Anaerostipes	0.9999989138296642
f9fa26976179353aaa554b9841307cc0	d__Bacteria; p__Bacillota; c__Clostridia; o__Lachnospirales; f__Lachnospiraceae	0.9999896330298936
226d3f03fecb2923637e413c2981862d	d__Bacteria; p__Bacillota; c__Clostridia; o__Oscillospirales; f__Ruminococcaceae; g__Ruminococcus	0.9493262226729828
f0a8db640260ad5107d915e6df911df0	d__Bacteria; p__Bacillota; c__Clostridia; o__Oscillospirales; f__Oscillospiraceae; g__Intestinimonas	0.9367368349053665
4355c3f086c69fffe013ed0a3fdc8b66	d__Bacteria; p__Bacillota; c__Clostridia; o__Oscillospirales; f__[Eubacterium]_coprostanoligenes_group; g__Incertae_Sedis	0.9997952835037953
9394fc161450bb54f353a682412eb2e6	d__Bacteria; p__Bacteroidota; c__Bacteroidia; o__Bacteroidales; f__Marinifilaceae; g__Butyricimonas	0.9999999994880397
61ec4ce22660334492092bab3d3ebb29	d__Bacteria; p__Bacteroidota; c__Bacteroidia; o__Bacteroidales; f__Bacteroidaceae; g__Bacteroides	0.9999987905229584
ddf6d5546a790cd34df3f175a07496a3	d__Bacteria; p__Bacteroidota; c__Bacteroidia; o__Bacteroidales; f__Muribaculaceae; g__Incertae_Sedis	0.9999881070474516
484435384544fe98726fb6fc44c67fcf	d__Bacteria; p__Bacillota; c__Clostridia; o__Clostridiales; f__Clostridiaceae; g__Clostridium	0.9994737774512259
df892719b744a6f920e98a444c17a707	d__Bacteria; p__Bacillota; c__Clostridia; o__Clostridia_UCG-014; f__Incertae_Sedis; g__Incertae_Sedis	0.999999999820659
153db1a504530e8195f30b99cf089b1e	d__Bacteria; p__Bacillota; c__Clostridia; o__Lachnospirales; f__Lachnospiraceae; g__Anaerobutyricum	0.999998749246331
ea2094215f7957ef9bce1465cca02ce9	d__Bacteria; p__Bacillota; c__Clostridia; o__Lachnospirales; f__Lachnospiraceae; g__CHKCI001	0.9998990149915329
946ee864291cb7abbe51abbc606e64c3	d__Bacteria; p__Bacillota; c__Clostridia; o__Clostridia_UCG-014; f__Incertae_Sedis; g__Incertae_Sedis	0.9999999957690306
c97fb0d078e8e0a1db210b80a4e42ecb	d__Bacteria; p__Bacillota; c__Clostridia; o__Clostridia_UCG-014; f__Incertae_Sedis; g__Incertae_Sedis	0.99999998619208
69aec5919be79198511e2e14e658e8a9	d__Bacteria; p__Synergistota; c__Synergistia; o__Synergistales; f__Synergistaceae; g__Cloacibacillus	0.9999997261931475
2c8df06d5a97923e31dd789f98eb1a63	d__Bacteria; p__Actinomycetota; c__Coriobacteriia; o__Coriobacteriales; f__Coriobacteriaceae; g__Collinsella	0.9995407356525358
4d7f3a8e908cb29809ed118acf40d513	d__Bacteria; p__Bacillota; c__Clostridia; o__Oscillospirales; f__Ruminococcaceae; g__Ruminococcus	0.8088751493324797
d74fc2673586b01a690680261be81b22	d__Bacteria; p__Bacillota; c__Clostridia; o__Oscillospirales; f__Oscillospiraceae; g__UCG-005	0.9987538160560244
7094f73a67843eb270de7efa01becbcd	d__Bacteria; p__Bacillota; c__Clostridia; o__Oscillospirales; f__UCG-010; g__Incertae_Sedis	0.9998752465206036
d3254c6d1a9a1160414d4e73f66cbdf2	d__Bacteria; p__Bacillota; c__Clostridia; o__Oscillospirales; f__Oscillospiraceae; g__NK4A214_group	0.9999665091399521
694a7f194b36a87354ea6638fb692460	d__Bacteria; p__Bacillota; c__Clostridia; o__Oscillospirales; f__UCG-010; g__Incertae_Sedis	0.9999140395299597
8f9e7d452ea18528bb593d0c4dd377c1	d__Bacteria; p__Bacillota; c__Clostridia; o__Oscillospirales; f__Oscillospiraceae; g__Oscillospira	0.73574384442672
cc72ce09f13efdb45cee4a5928d1e4d7	d__Bacteria; p__Bacillota; c__Clostridia; o__Oscillospirales; f__Ruminococcaceae; g__Acutalibacter	0.7616812372806723
91bda678d5cea404019a6e269fc865b9	d__Bacteria; p__Pseudomonadota; c__Gammaproteobacteria; o__Burkholderiales; f__Sutterellaceae; g__Sutterella	0.9991773920206352
af7cad737bbcf63c5b889dd188d4ea64	d__Bacteria; p__Bacteroidota; c__Bacteroidia; o__Bacteroidales; f__Muribaculaceae; g__Incertae_Sedis	0.9999840023020952
ceca42862d54f453bbe3f3608dd48f30	d__Bacteria; p__Bacillota; c__Clostridia; o__Oscillospirales; f__Ruminococcaceae	0.9443748397880148
8846e771ee81b9b26019393037423f69	d__Bacteria; p__Actinomycetota; c__Actinobacteria; o__Bifidobacteriales; f__Bifidobacteriaceae; g__Bifidobacterium	0.9999698888240646
0e7be154d128e3ce2b9b05e3e64a679e	d__Bacteria; p__Bacillota; c__Clostridia; o__Lachnospirales; f__Lachnospiraceae; g__Lachnospiraceae_UCG-010	0.9999538534703518
c4e57b91cc2be5a2232b3612abdf4c0c	d__Bacteria; p__Bacillota; c__Bacilli; o__Erysipelotrichales; f__Erysipelotrichaceae; g__Faecalicoccus	0.961052371502374
0a2fc39c057e666042d3a566eb042f7e	d__Bacteria; p__Bacillota; c__Clostridia; o__Lachnospirales; f__Lachnospiraceae	0.9999985762729161
8811db37578400b0f4df2d223ee7ae98	d__Bacteria; p__Bacillota; c__Clostridia; o__Peptostreptococcales-Tissierellales; f__Anaerovoracaceae; g__Family_XIII_AD3011_group	0.9998157098498086
b37ba37512cd53ef4fb5605db9adc4d2	d__Bacteria; p__Bacillota; c__Clostridia; o__Lachnospirales; f__Lachnospiraceae; g__[Eubacterium]_ventriosum_group	0.9987734010857593
37f90bc45f005699bca850a9a4a13c26	d__Bacteria; p__Bacillota; c__Clostridia; o__Oscillospirales; f__Ruminococcaceae; g__Incertae_Sedis	0.7316332116225477
5f1b64abf7fbbbdd7485e968c8685f63	d__Bacteria; p__Bacillota; c__Clostridia; o__Lachnospirales; f__Lachnospiraceae; g__Lachnospira	0.9961767195951786
38049d3a278edb50fc3709a722456336	d__Bacteria; p__Bacillota; c__Clostridia; o__Oscillospirales; f__Ruminococcaceae; g__Harryflintia	0.9966155228508254
f3c30aa47b3639f25d168a810ee07fd9	d__Bacteria; p__Cyanobacteriota; c__Cyanobacteriia; o__Chloroplast; f__Incertae_Sedis; g__Incertae_Sedis	0.9999999986436876
24ef07664cfa04a819d7797a89e653b6	d__Bacteria; p__Bacillota; c__Clostridia; o__Oscillospirales; f__Butyricicoccaceae; g__UCG-009	0.9981853609925329
744b8cd51857478bda77a9f3ab5e1d5a	d__Bacteria; p__Bacillota; c__Clostridia; o__Lachnospirales; f__Lachnospiraceae; g__GCA-900066755	0.9999992966733715
9914cc0f9890173321c671dc4a12d936	d__Bacteria; p__Bacillota; c__Bacilli; o__RF39; f__Incertae_Sedis; g__Incertae_Sedis	0.9999999993712123
a75b0438ad19fb4e31f4d58c2d49ea02	d__Bacteria; p__Bacillota; c__Clostridia; o__Lachnospirales; f__Lachnospiraceae; g__GCA-900066575	0.9969643759952641
6eea8ffcc46f8ccd9b9480120fda9c7b	d__Bacteria; p__Bacillota; c__Clostridia; o__Lachnospirales; f__Lachnospiraceae; g__Blautia	0.9531560047086858
fdc05746b2a0f17b11520e7dbea2edca	d__Bacteria; p__Bacteroidota; c__Bacteroidia; o__Bacteroidales; f__Prevotellaceae; g__Segatella	0.9999760709129779
07f8fc0c1d37c0c0d25b17a022935e53	d__Bacteria; p__Bacillota; c__Bacilli; o__RF39; f__Incertae_Sedis; g__Incertae_Sedis	0.9999999787139446
e9df6d020eee34752786a243322fc579	d__Bacteria; p__Bacillota; c__Clostridia	0.969096754631696
e3cff5bbbc9580d9a88a4472fedbc785	d__Bacteria; p__Bacillota; c__Clostridia; o__Christensenellales; f__Christensenellaceae; g__Incertae_Sedis	0.9997218963324459
8bc08651d2f3fb5ac8592f1ddf4a0e83	d__Bacteria; p__Bacillota; c__Clostridia; o__Christensenellales; f__Christensenellaceae; g__Christensenellaceae_R-7_group	0.9982376196268614
82bdaa80f8d4708722e1f4910c4ec4be	d__Bacteria; p__Bacillota; c__Clostridia; o__Oscillospirales; f__Ruminococcaceae	0.972408565461411
a870432ddf117d15c28a99028b6c2fb5	d__Bacteria; p__Bacteroidota; c__Bacteroidia; o__Bacteroidales; f__Rikenellaceae; g__Alistipes	0.9999999091287647
57dc6ddc1876a7f02ed23458ea1df33d	d__Bacteria; p__Bacillota; c__Clostridia; o__Peptostreptococcales-Tissierellales; f__Peptostreptococcaceae; g__Romboutsia	0.9616920115347655
558acd17a2e790bbb05bd187585a9c58	d__Bacteria; p__Bacillota; c__Clostridia; o__Peptostreptococcales-Tissierellales; f__Anaerovoracaceae; g__Incertae_Sedis	0.7657799948446447
0422a40085b84173a522a4fa89531cd3	d__Bacteria; p__Bacillota; c__Clostridia; o__Oscillospirales; f__Oscillospiraceae; g__UCG-005	0.9479215684332535
758cd34d30d7af60445b5f0f932d21b9	d__Bacteria; p__Bacillota; c__Clostridia; o__Oscillospirales; f__Ruminococcaceae; g__Faecalibacterium	0.9997438771055526
4d8ba8221d3f3184de8fd9cc6bfe3198	d__Bacteria; p__Bacillota; c__Clostridia; o__Lachnospirales; f__Lachnospiraceae; g__Marvinbryantia	0.8362459328936087
88bf601e1752cef9f1fdbdb93d2023b3	d__Bacteria; p__Bacillota; c__Clostridia; o__Clostridia_UCG-014; f__Incertae_Sedis; g__Incertae_Sedis	0.9999999952124483
a45d7700f855db77a7a1dfc7fcddfb03	d__Bacteria; p__Bacillota; c__Clostridia; o__Lachnospirales; f__Lachnospiraceae; g__Marvinbryantia	0.7625692231287197
9f42977771a4674e36c6cfc3a8bb05c7	d__Bacteria; p__Bacillota; c__Clostridia; o__Lachnospirales; f__Lachnospiraceae; g__Oribacterium	0.9997661974735483
56d7bc1dfc5bd354309f62f593a414cc	d__Bacteria; p__Bacillota; c__Clostridia; o__Lachnospirales; f__Defluviitaleaceae; g__Defluviitaleaceae_UCG-011	0.999999346064002
b6a95b7c77c4ff074eb1f6b584764c85	d__Bacteria; p__Bacteroidota; c__Bacteroidia; o__Bacteroidales; f__Muribaculaceae; g__Incertae_Sedis	0.9999992718010255
ecf0f4d51606a7b8e2d98b72561a2033	d__Bacteria; p__Bacillota; c__Clostridia; o__Oscillospirales; f__Oscillospiraceae; g__NK4A214_group	0.999867176073345
635870c9da6f4d2b79180d3a86e9af38	d__Bacteria; p__Bacillota; c__Clostridia; o__Lachnospirales; f__Lachnospiraceae	0.9999680685587098
4170b5bbc5bddc63c2e15378576ae20b	d__Bacteria; p__Bacillota; c__Clostridia; o__Lachnospirales; f__Lachnospiraceae; g__Extibacter	0.9515181065325874
ad1a01c92447b12ee47fa59a35670fc7	d__Bacteria; p__Bacillota; c__Clostridia; o__Oscillospirales; f__UCG-010; g__Incertae_Sedis	0.9995342473410543
6a83401c3ea3089bf7d3c3051a709ef9	d__Bacteria; p__Bacillota; c__Clostridia; o__Oscillospirales; f__Ruminococcaceae; g__Negativibacillus	0.9756948072529901
cf49b993e251308e89d8251b146d9429	d__Bacteria; p__Bacillota; c__Clostridia; o__Lachnospirales; f__Lachnospiraceae	0.9999929265443805
9e8e56f06c0615130e1e2f459bd4052a	d__Bacteria; p__Actinomycetota; c__Actinobacteria; o__Actinomycetales; f__Actinomycetaceae; g__Schaalia	0.999112075003217
432a6802fdefa3f0da323422253d8027	d__Bacteria; p__Bacteroidota; c__Bacteroidia; o__Bacteroidales; f__Muribaculaceae; g__Incertae_Sedis	0.9999993807182007
7561dafc75f787cf2adedffc61da9fda	d__Bacteria; p__Bacillota; c__Clostridia; o__Peptostreptococcales-Tissierellales; f__Peptostreptococcaceae; g__Romboutsia	0.9838504383590133
fad561b7eab58e57b71a09a8b7f990c8	d__Bacteria; p__Bacteroidota; c__Bacteroidia; o__Bacteroidales; f__Prevotellaceae; g__Prevotella	0.8840188505983428
651794369aeb3db83839b81fe49c8b4e	d__Bacteria; p__Bacteroidota; c__Bacteroidia; o__Bacteroidales; f__Prevotellaceae; g__Prevotella	0.9990772357311508
a736dc49ac22ab073a70cd600dea1a2d	d__Bacteria; p__Bacteroidota; c__Bacteroidia; o__Bacteroidales; f__Prevotellaceae; g__Incertae_Sedis	0.8317457063315907
b2ab597a902ff227a5ba76030cd6002e	d__Bacteria; p__Bacillota; c__Clostridia; o__Oscillospirales; f__Ethanoligenenaceae; g__Acetanaerobacterium	0.9998503481786276
09ee2c2d76be17c9ede2d4c57412adeb	d__Bacteria; p__Bacillota; c__Clostridia	0.9999999907559751
27c0a436b5badb86de9bb1c9a0a936f3	d__Bacteria; p__Pseudomonadota; c__Alphaproteobacteria; o__Acetobacterales; f__Acetobacteraceae; g__Acetobacter	0.9983266729881165
6315efa110865f8372d205ed08b4f878	d__Bacteria; p__Bacillota; c__Clostridia; o__Lachnospirales; f__Lachnospiraceae; g__Dorea	0.8681515991588762
ec77448155e9c175f9456fe76ef79105	d__Bacteria; p__Bacteroidota; c__Bacteroidia; o__Bacteroidales; f__Prevotellaceae; g__Segatella	0.9999914380131869
33362e16875d49fe8cf400b833541e3c	d__Bacteria; p__Bacillota; c__Clostridia; o__Oscillospirales; f__Oscillospiraceae	0.991253789228945
7f323d6db23992932ec6e097ae09c4c4	d__Bacteria; p__Bacillota; c__Clostridia; o__Lachnospirales; f__Lachnospiraceae; g__Anaerobutyricum	0.999998941281425
17caffae045457b827e71a3213773bc3	d__Bacteria; p__Bacillota; c__Clostridia; o__Oscillospirales; f__UCG-010; g__Incertae_Sedis	0.9999250180034235
8b159e3b7ba334383b185c1926d9b9c3	d__Bacteria; p__Bacillota; c__Clostridia; o__Peptostreptococcales-Tissierellales; f__Anaerovoracaceae; g__Mogibacterium	0.9999999823210716
1276e75750b8088464a4275ad0c81579	d__Bacteria; p__Bacillota; c__Clostridia; o__Lachnospirales; f__Lachnospiraceae; g__Marvinbryantia	0.9670855129630961
721825454fcddaecbb77f3aafc96c85f	d__Bacteria; p__Bacillota; c__Clostridia; o__Monoglobales; f__Monoglobaceae; g__Monoglobus	0.9224564019418077
d1991e8dfdc141a0ec2779fc0d719ea1	d__Bacteria; p__Bacillota; c__Clostridia; o__Lachnospirales; f__Lachnospiraceae; g__Anaerobutyricum	0.9999975883444937
bda8dce9ae8d738a7f41239980c5e26e	d__Bacteria; p__Bacillota; c__Clostridia; o__Clostridiales; f__Clostridiaceae; g__Clostridium	0.9883637813254604
d56f3440f5516315b7c17f94bfba345b	d__Bacteria; p__Bacillota; c__Clostridia; o__Peptococcales; f__Peptococcaceae; g__Peptococcus	0.9999999955846306
be9febba3d5693f049d017337e522fa9	d__Bacteria; p__Bacillota; c__Bacilli; o__RF39; f__Incertae_Sedis; g__Incertae_Sedis	0.9999999982480574
8c36be8d8559cd10ff4bdb6388aa5d72	d__Bacteria; p__Bacillota; c__Clostridia; o__Oscillospirales; f__Ruminococcaceae	0.9968388650470668
47545f9343faa165838eecbeb802a461	d__Bacteria; p__Bacillota; c__Clostridia; o__Lachnospirales; f__Lachnospiraceae	0.999999931579215
a41382c87da398f9b5ff7f66ca46c6c4	d__Bacteria; p__Actinomycetota; c__Coriobacteriia; o__Coriobacteriales; f__Atopobiaceae; g__Olsenella	0.7317746923256233
470ea24f82fd21a218d1659f4ed06c40	d__Bacteria; p__Actinomycetota; c__Coriobacteriia; o__Coriobacteriales; f__Atopobiaceae; g__Tractidigestivibacter	0.999999996985423
c2d875820bda3d07a122b0494055cd8e	d__Bacteria; p__Bacteroidota; c__Bacteroidia; o__Bacteroidales; f__Marinifilaceae; g__Butyricimonas	0.9999999987323918
2e67b58b0e1887e14a87f2d16e75ec4d	d__Bacteria; p__Bacillota; c__Clostridia; o__Oscillospirales; f__Ruminococcaceae; g__Incertae_Sedis	0.9820571168948309
74f2fa20e0ed1f74fbe4857f249e3a28	d__Bacteria; p__Bacillota; c__Clostridia; o__Oscillospirales; f__Ruminococcaceae; g__Ruminococcus	0.9456943072694973
f114a65e7582ba806417816cc980cbbd	d__Bacteria; p__Bacillota; c__Clostridia; o__Lachnospirales; f__Lachnospiraceae; g__Blautia	0.7605746505619161
36784862e750bb192454ecf8e16d5e71	d__Bacteria; p__Bacillota; c__Clostridia; o__Lachnospirales; f__Lachnospiraceae; g__Roseburia	0.903966113160612
f138728f8d31cfc8206cca8b3140c563	d__Bacteria; p__Bacillota; c__Clostridia; o__Oscillospirales; f__Ruminococcaceae; g__Faecalibacterium	0.9984213372252903
f9cb127476328f3582a6919a2d703806	d__Bacteria; p__Bacillota; c__Clostridia; o__Monoglobales; f__Monoglobaceae; g__Monoglobus	0.9902470706379033
2e621516b0e1622a1b38e5421f8f8260	d__Bacteria; p__Bacillota; c__Bacilli; o__Erysipelotrichales; f__Erysipelatoclostridiaceae; g__UCG-004	0.9999552371277296
4005a82e5a9d714ff4b2c1d9f8f17168	d__Bacteria; p__Bacillota; c__Incertae_Sedis; o__Incertae_Sedis; f__Incertae_Sedis; g__Incertae_Sedis	0.9999996889451297
e5ed35c7acaf93f04575124eb08bcd0e	d__Bacteria; p__Bacillota; c__Clostridia; o__Lachnospirales; f__Lachnospiraceae; g__Lachnospiraceae_NK4A136_group	0.8665972479831792
5717ada723d9c0ac391bcf6d4c4fde34	d__Bacteria; p__Bacillota; c__Clostridia; o__Oscillospirales; f__Ruminococcaceae; g__Gemmiger	0.7539016062345026
42523fe908dd9785989f86ac5ad4f85a	d__Bacteria; p__Bacillota; c__Clostridia; o__Lachnospirales; f__Lachnospiraceae; g__Enterocloster	0.9821717993076094
62c8b198ff94d839eaa7a456b5a0c200	d__Bacteria; p__Bacillota; c__Clostridia; o__Lachnospirales; f__Lachnospiraceae; g__Fusicatenibacter	0.9997949069993057
7d36891e8159e6488b05d11667e287d9	d__Bacteria; p__Bacillota; c__Clostridia; o__Oscillospirales; f__Oscillospiraceae; g__Colidextribacter	0.976830324686708
5a0df24ab3d9c2d78a043cd477a54b4f	d__Bacteria; p__Actinomycetota; c__Coriobacteriia; o__Coriobacteriales; f__Atopobiaceae; g__Lancefieldella	0.9973406815036416
7076b69bea6fb40b94f8b32fd85fdb46	d__Bacteria; p__Bacillota; c__Clostridia; o__Oscillospirales; f__Ruminococcaceae; g__Incertae_Sedis	0.7643309728237035
93a9affe525a4ddda933fce27518d7ce	d__Bacteria; p__Bacillota; c__Clostridia; o__Oscillospirales; f__UCG-010; g__Incertae_Sedis	0.9998344521999335
a14981206f372dc8f30ffcea1a3a4cd5	d__Bacteria; p__Bacillota; c__Clostridia; o__Lachnospirales; f__Lachnospiraceae; g__Blautia	0.9500591752548133
73ec073358364e052dfe6143c4579905	d__Bacteria; p__Bacillota; c__Clostridia; o__Lachnospirales; f__Lachnospiraceae	0.9999770306301028
c1a96b8befedd6d858580af93ec11fbe	d__Bacteria; p__Bacillota; c__Clostridia; o__Incertae_Sedis; f__Incertae_Sedis; g__Incertae_Sedis	0.9609922240492378
2533f3ff15596334c238b5e354edf038	d__Bacteria; p__Bacteroidota; c__Bacteroidia; o__Bacteroidales; f__Rikenellaceae; g__Alistipes	0.9967930646239656
b063cd1fd58b499d74f06049bcfeaeb5	d__Bacteria; p__Bacillota; c__Clostridia; o__Oscillospirales; f__Butyricicoccaceae; g__UCG-009	0.9997738819297044
d208cad7c585049e04076ac7df960e7f	d__Bacteria; p__Bacillota; c__Clostridia; o__Oscillospirales; f__Butyricicoccaceae; g__Agathobaculum	0.9106423598096747
229db597c02359f3d94ccdbeeb070dfc	d__Bacteria; p__Bacillota; c__Clostridia; o__Monoglobales; f__Monoglobaceae; g__Monoglobus	0.9764489380862573
e02886e92eba864db15044fc24798a3b	d__Bacteria; p__Bacillota; c__Clostridia; o__Lachnospirales; f__Lachnospiraceae; g__Shuttleworthia	0.7660516150418136
8706a529ca2ed4681dcd29d33f1cda70	d__Bacteria; p__Bacteroidota; c__Bacteroidia; o__Bacteroidales; f__Muribaculaceae; g__Incertae_Sedis	0.9999273241408294
d18df27158162fd066c409e08f0daebf	d__Bacteria; p__Bacillota; c__Clostridia; o__Peptostreptococcales-Tissierellales; f__Anaerovoracaceae; g__Family_XIII_UCG-001	0.9999975438064761
6ca1a15f62bbbecc31c9f959626afd67	d__Bacteria; p__Actinomycetota; c__Coriobacteriia; o__Coriobacteriales; f__Coriobacteriaceae; g__Collinsella	0.9898262356140272
d2f9811d35e146a206548c7b4f2e098c	d__Bacteria; p__Bacillota; c__Clostridia; o__Oscillospirales; f__Oscillospiraceae; g__Intestinimonas	0.9185938676889209
76adf6a3d4f69c0453437820625c0cc5	d__Bacteria; p__Bacillota; c__Clostridia; o__Oscillospirales; f__[Eubacterium]_coprostanoligenes_group; g__Incertae_Sedis	0.9999621111568432
32ca0891dae0447d270779b1dc3fb380	d__Bacteria; p__Bacillota; c__Clostridia; o__Peptostreptococcales-Tissierellales; f__Peptostreptococcaceae; g__Clostridioides	0.8344076407367561
9c7ce94e1b71d5a7ec3022dece51ac49	d__Bacteria; p__Bacillota; c__Clostridia; o__Clostridiales; f__Clostridiaceae; g__Clostridium	0.9977664537104622
b6cd7b31040aa2ae6fb860a1ad5aad72	d__Bacteria; p__Bacillota; c__Clostridia; o__Lachnospirales; f__Lachnospiraceae; g__[Ruminococcus]_gauvreauii_group	0.9981194160212238
8fe31f77ff8cc8b306405cca8fe7aa47	d__Bacteria; p__Bacillota; c__Bacilli; o__Lactobacillales; f__Carnobacteriaceae; g__Carnobacterium	0.9086736904867914
6f9f61629814ebbdbd6827cfed57dd84	d__Bacteria; p__Bacillota; c__Clostridia; o__Clostridia_UCG-014; f__Incertae_Sedis; g__Incertae_Sedis	0.9999999929482755
9afce6ed6913f7cd5cef6dfbef1b3041	d__Bacteria; p__Bacillota; c__Clostridia; o__Lachnospirales; f__Defluviitaleaceae; g__Defluviitaleaceae_UCG-011	0.999856436908559
0543e49787ce00dea7aade985ab77d25	d__Bacteria; p__Bacillota; c__Clostridia; o__Lachnospirales; f__Lachnospiraceae; g__Lachnospiraceae_NK4A136_group	0.8472869115937651
ee2e7e1ec3775388a6a1000c5de4c483	d__Bacteria; p__Bacillota; c__Clostridia; o__Clostridiales; f__Clostridiaceae; g__Sarcina	0.9996470009366645
6672e9797f695d5518cf225bc5d75c7f	d__Bacteria; p__Bacillota; c__Clostridia; o__Lachnospirales; f__Lachnospiraceae; g__Dorea	0.9385073648678546
0c17cef318a9e1c8895c0961c5ed2193	d__Bacteria; p__Actinomycetota; c__Actinobacteria; o__Bifidobacteriales; f__Bifidobacteriaceae; g__Bifidobacterium	0.999998853563813
0e42d35933cc05b2d938f1efc507b73a	d__Bacteria; p__Bacillota; c__Clostridia; o__Monoglobales; f__Monoglobaceae; g__Monoglobus	0.9999906539045946
eddfdf09ede8bd071b78a9005b1fc28c	d__Bacteria; p__Pseudomonadota; c__Gammaproteobacteria; o__Enterobacterales; f__Enterobacteriaceae	0.8958819470614301
0522c974a14a65bb6eec4e83895fd712	d__Bacteria; p__Bacillota; c__Clostridia; o__Lachnospirales; f__Lachnospiraceae	0.9999998029855319
ef1e4ce321f7da16072a07c43712b353	d__Bacteria; p__Bacteroidota; c__Bacteroidia; o__Bacteroidales; f__Tannerellaceae; g__Parabacteroides	0.9999293516245765
d4ecacb1c5dd718619484c98eb79161b	d__Bacteria; p__Bacillota; c__Clostridia; o__Christensenellales; f__Christensenellaceae; g__Christensenellaceae_R-7_group	0.7449878221068933
91af61b679a6a632c94ac3ec00917306	d__Bacteria; p__Bacillota; c__Bacilli; o__RF39; f__Incertae_Sedis; g__Incertae_Sedis	0.9999999654256021
5fe6ad0a4fdc7c7fe8a26d6a52af97e2	d__Bacteria; p__Bacteroidota; c__Bacteroidia; o__Bacteroidales; f__Prevotellaceae; g__Segatella	0.9999921911854339
1f4c8ba04bcab2849c9ddfbd7fa3d1ea	d__Bacteria; p__Actinomycetota; c__Actinobacteria; o__Actinomycetales; f__Actinomycetaceae; g__Schaalia	0.9999593627923309
d42456974c158ca0e8189b2432adf7eb	d__Bacteria; p__Bacillota; c__Clostridia; o__Lachnospirales; f__Lachnospiraceae; g__GCA-900066575	0.8892505460814192
f83b9ded87723947689e945a7ca97039	d__Bacteria; p__Bacteroidota; c__Bacteroidia; o__Bacteroidales; f__Prevotellaceae; g__Incertae_Sedis	0.9999993350730073
472fdac60e3e84d97b1e131bc388156d	d__Bacteria; p__Bacillota; c__Clostridia; o__Lachnospirales; f__Lachnospiraceae; g__Sellimonas	0.9933888656770058
74a05233ce3ae97af4f962f852c6104a	d__Bacteria; p__Bacillota; c__Clostridia; o__Lachnospirales; f__Lachnospiraceae; g__Mediterraneibacter	0.792246920367956
1cba52a9db0c46eaa9148953a6983f1d	d__Bacteria; p__Bacillota; c__Clostridia; o__Clostridia_vadinBB60_group; f__Incertae_Sedis; g__Incertae_Sedis	0.9944807399396017
9652fe9317abb3d68fbff20a693d1706	d__Bacteria; p__Bacillota; c__Bacilli; o__Erysipelotrichales; f__Erysipelatoclostridiaceae; g__Massiliomicrobiota	0.9992087488755476
154878d8ec070aa2c1ba57b1f284fa1e	d__Bacteria; p__Actinomycetota; c__Coriobacteriia; o__Coriobacteriales; f__Eggerthellaceae; g__Senegalimassilia	0.9999976423872791
d36342618957911959d3e06a10f08106	d__Bacteria; p__Bacillota; c__Clostridia; o__Lachnospirales; f__Lachnospiraceae; g__Lachnospira	0.9991874893440659
3bb6d079c43a632dc11096fc5991174d	d__Bacteria; p__Bacillota; c__Clostridia; o__Lachnospirales; f__Lachnospiraceae; g__Lachnospiraceae_UCG-004	0.996451996728507
e4207d118a1ffe33509edaf320ac2a7c	d__Bacteria; p__Bacillota; c__Clostridia; o__Lachnospirales; f__Lachnospiraceae; g__Lachnoclostridium	0.8652636753807282
fce8683d04dc29a4cd2a22053ac49a21	d__Bacteria; p__Bacillota; c__Clostridia; o__Oscillospirales; f__Oscillospiraceae; g__Papillibacter	0.9768965911961317
dcb3c409e29185666e2ab220dd456516	d__Bacteria; p__Bacillota; c__Clostridia; o__Clostridia_vadinBB60_group; f__Incertae_Sedis; g__Incertae_Sedis	0.999823848286171
4e8548995983b29618d3dd35dd7b6f0e	d__Bacteria; p__Bacillota; c__Clostridia; o__Lachnospirales; f__Lachnospiraceae; g__Lachnospiraceae_NK4A136_group	0.8448331954967566
474b08d4b3aab06300545b59b9135f4a	d__Bacteria; p__Bacillota; c__Clostridia; o__Oscillospirales; f__UCG-010; g__Incertae_Sedis	0.9999870099939879
6d8170e378d44c5fbdbc106c3951d728	d__Bacteria; p__Bacillota; c__Clostridia; o__Oscillospirales; f__Oscillospiraceae; g__NK4A214_group	0.9999735040580489
8d4afd4f2bcd553fe5632475b260f3d9	d__Bacteria; p__Bacillota; c__Clostridia; o__Oscillospirales; f__[Eubacterium]_coprostanoligenes_group; g__Incertae_Sedis	0.9997948212543337
f738d6eb5441459c12e96023d56dafcf	d__Bacteria; p__Bacillota; c__Clostridia; o__Lachnospirales; f__Lachnospiraceae	0.9999975066642017
affd4307d1e96a41229f2a164205b4dd	d__Bacteria; p__Bacteroidota; c__Bacteroidia; o__Bacteroidales; f__Incertae_Sedis; g__Incertae_Sedis	0.9999398952989407
66127b1730c816b3e022c01fcaf024ea	d__Bacteria; p__Bacillota; c__Bacilli; o__Lactobacillales; f__Streptococcaceae; g__Streptococcus	0.9999996171438021
2b18e2d8df4b34caaa02277d8f8242a4	d__Bacteria; p__Bacillota; c__Clostridia; o__Oscillospirales; f__Ruminococcaceae; g__Acutalibacter	0.9999341063191516
58ca5a1b6482103c76e34beccfc8b1ab	d__Bacteria; p__Bacillota; c__Clostridia; o__Lachnospirales; f__Lachnospiraceae	0.9999958308513845
014e8ee0cf4c862306db436e6a3f822a	d__Bacteria; p__Bacillota; c__Clostridia; o__Oscillospirales; f__Oscillospiraceae; g__Intestinimonas	0.9539564664983242
a26908016377674d36fe940ae04409de	d__Bacteria; p__Bacillota; c__Bacilli; o__Lactobacillales; f__Lactobacillaceae; g__Limosilactobacillus	0.930675830565819
5e99e7abaa5f59f6fe49c9752421dd3f	d__Bacteria; p__Bacillota; c__Clostridia; o__Lachnospirales; f__Lachnospiraceae; g__Mediterraneibacter	0.9900245377991407
7ca433270a153fbfb7515a5497b7a401	d__Bacteria; p__Bacillota; c__Bacilli; o__Erysipelotrichales; f__Erysipelatoclostridiaceae; g__UCG-004	0.9999999790822616
b1560ef58bcd0d66bf184dd76faea197	d__Bacteria; p__Bacillota; c__Clostridia; o__Lachnospirales; f__Lachnospiraceae	0.9999898421015629
a3dce71606b09ab9f87d31746d787343	d__Bacteria; p__Bacillota; c__Clostridia; o__Lachnospirales; f__Lachnospiraceae; g__Blautia	0.8698810265831171
058d70a251e413542edc411a2dac4998	d__Bacteria; p__Bacillota; c__Clostridia; o__Oscillospirales; f__Ruminococcaceae	0.9998222236847565
8f4a3341ccda8d1b45f286cb686a3aec	d__Bacteria; p__Bacillota; c__Negativicutes; o__Veillonellales-Selenomonadales; f__Veillonellaceae; g__Veillonella	0.9999999683744113
1f0707b879a54a49bc4750569e09b88a	d__Bacteria; p__Pseudomonadota; c__Gammaproteobacteria; o__Burkholderiales; f__Sutterellaceae; g__Sutterella	0.999983814041114
350ddd737bf2b585d2dde69c244dfc26	d__Bacteria; p__Bacillota; c__Clostridia; o__Lachnospirales; f__Lachnospiraceae	0.999985440583688
4de9f653ec2cdd0c95e012785dbbe3c0	d__Bacteria; p__Bacillota; c__Clostridia; o__Peptostreptococcales-Tissierellales; f__Anaerovoracaceae; g__Family_XIII_AD3011_group	0.9689275888221057
059840e4b377f362f885bf757eacd9a5	d__Bacteria; p__Bacillota; c__Bacilli; o__RF39; f__Incertae_Sedis; g__Incertae_Sedis	0.9999999437908984
b18f0d56a65391b22f51fdd0bc41418c	d__Bacteria; p__Bacillota; c__Bacilli; o__Lactobacillales; f__Lactobacillaceae; g__Weissella	0.9999999998885727
c348a7cc121fa43fb14ca92cc4273c2e	d__Bacteria; p__Bacillota; c__Bacilli; o__Lactobacillales; f__Lactobacillaceae; g__HT002	0.7479519239364857
af583d1dfb417ae5e68c20c1e401c161	d__Bacteria; p__Bacillota; c__Clostridia; o__Oscillospirales; f__Oscillospiraceae; g__Oscillospira	0.8639557855801804
1feda80056890ac225069dbf2e5c2fc1	d__Bacteria; p__Bacillota; c__Clostridia; o__Lachnospirales; f__Lachnospiraceae	0.9999976895017566
d394a5aec10eab243a98257ee29a7b69	d__Bacteria; p__Bacillota; c__Clostridia; o__Lachnospirales; f__Lachnospiraceae; g__Lachnospira	0.998710845671089
569813acfb622b538ceb45ed32b6c578	d__Bacteria; p__Bacillota; c__Clostridia; o__Oscillospirales; f__Oscillospiraceae	0.8973382433990748
4c046bbe252dfa76f25c4e8fc39e521e	d__Bacteria; p__Bacteroidota; c__Bacteroidia; o__Bacteroidales; f__Prevotellaceae; g__Prevotellaceae_UCG-001	0.9999999649365499
45fedde65fd910af02e9caaacc8314ca	d__Bacteria; p__Bacillota; c__Clostridia; o__Oscillospirales; f__UCG-010; g__Incertae_Sedis	0.9977839109595256
285f8ac15f9005d481a0f6acfc7fd678	d__Bacteria; p__Bacillota; c__Bacilli; o__Erysipelotrichales; f__Erysipelotrichaceae; g__Holdemanella	0.9999999998858584
73712685727f4cc5e63a7783aabbd30d	d__Bacteria; p__Bacillota; c__Clostridia; o__Clostridia_UCG-014; f__Incertae_Sedis; g__Incertae_Sedis	0.9999999993313509
7963efb561b6e98c95b9f0392d819caf	d__Bacteria; p__Bacillota; c__Clostridia; o__Lachnospirales; f__Lachnospiraceae	0.9999970805059438
f9c976e5e2a643333fc195950a5bac7d	d__Bacteria; p__Bacillota; c__Negativicutes; o__Veillonellales-Selenomonadales; f__Selenomonadaceae; g__Megamonas	0.9999966760257557
d7a129c49a7dbfa5cbb558cef2628f94	d__Bacteria; p__Bacillota; c__Clostridia; o__Peptococcales; f__Peptococcaceae; g__Peptococcus	0.9999999385536161
3c2ee6451e7ad9945f27a45dc2522a73	d__Bacteria; p__Bacillota; c__Clostridia; o__Oscillospirales; f__[Eubacterium]_coprostanoligenes_group; g__Incertae_Sedis	0.9999981311022721
0bf5de6ccde4c5fcf68d8b5553cc775a	d__Bacteria; p__Bacillota; c__Clostridia; o__Clostridiales; f__Clostridiaceae; g__Clostridium	0.9949404926646368
70b04179a3e75062f3a4445d20a03f0c	d__Bacteria; p__Bacillota; c__Clostridia; o__Oscillospirales; f__Ruminococcaceae; g__Gemmiger	0.7840418087021092
a7a5091a89149e808bf5d43ed2139e50	d__Bacteria; p__Bacillota; c__Clostridia; o__Oscillospirales; f__[Eubacterium]_coprostanoligenes_group; g__Incertae_Sedis	0.9999989227534603
6ef5665c54cfa8cebf77c3cbd1711f0c	d__Bacteria; p__Bacillota; c__Clostridia; o__Lachnospirales; f__Lachnospiraceae; g__CAG-56	0.999162030878552
628a8586ca176bd1664c33666e5c9f94	d__Bacteria; p__Bacillota; c__Clostridia; o__Lachnospirales; f__Lachnospiraceae	0.9999877734407449
a208184ca8d1817c7f52836523bdf8d5	d__Bacteria; p__Bacillota; c__Clostridia; o__Christensenellales; f__Christensenellaceae; g__Christensenellaceae_R-7_group	0.7785399282012608
8eef12dc7c7e72a840061732d0d24e79	d__Bacteria; p__Bacillota; c__Clostridia; o__Christensenellales; f__Christensenellaceae; g__Christensenella	0.999999970494017
d34887a684a1acc690b8f3644cb11c12	d__Bacteria; p__Bacillota; c__Clostridia; o__Peptostreptococcales-Tissierellales; f__Anaerovoracaceae; g__Family_XIII_AD3011_group	0.9918680957684657
bb769f42c78f86faa2801cb2c2abb8dc	d__Bacteria; p__Bacillota; c__Clostridia; o__Christensenellales; f__Christensenellaceae; g__Christensenellaceae_R-7_group	0.9509728971218016
6f23caf7b2a2e436bdccc8f446b68cf3	d__Bacteria; p__Bacteroidota; c__Bacteroidia; o__Bacteroidales; f__Bacteroidaceae; g__Bacteroides	0.9999999162603679
a85f71eed65cab9040496754bf44a80b	d__Bacteria; p__Bacillota; c__Clostridia; o__Lachnospirales; f__Lachnospiraceae; g__Agathobacter	0.8947470803634139
97cfaa815d9e25d41d6698f790b7ad0a	d__Bacteria; p__Bacillota; c__Bacilli; o__Bacillales; f__Bacillaceae; g__Geobacillus	0.9991024784741039
9dfda914c72e29b20d226a9db749001f	d__Bacteria; p__Actinomycetota; c__Actinobacteria; o__Bifidobacteriales; f__Bifidobacteriaceae; g__Bifidobacterium	0.9999963295506975
7a72de2505b9cf4f11e2b44eb9f7e5f2	d__Bacteria; p__Bacillota; c__Clostridia; o__Lachnospirales; f__Lachnospiraceae	0.9999975324525241
5a81c6771272da189265479e715d2267	d__Bacteria; p__Bacillota; c__Clostridia; o__Lachnospirales; f__Lachnospiraceae; g__Shuttleworthia	0.96422656340812
c1b30d6070f26fe374995aad5a9eae67	d__Bacteria; p__Bacillota; c__Clostridia; o__Oscillospirales; f__UCG-010; g__Incertae_Sedis	0.9962590349839382
d7962e6c2fee9bc0685c262c72abac52	d__Bacteria; p__Bacteroidota; c__Bacteroidia; o__Bacteroidales; f__Tannerellaceae; g__Parabacteroides	0.7301566760003086
c91f3c8d1c083f326e5302524c346a2d	d__Bacteria; p__Bacillota; c__Clostridia; o__Lachnospirales; f__Lachnospiraceae; g__Marvinbryantia	0.81753716920948
42174cdedbaef10f10df6ecf146663ae	d__Bacteria; p__Bacillota; c__Clostridia; o__Lachnospirales; f__Lachnospiraceae; g__Blautia	0.915991871275646
7a9469ff27dc7afffdb7238976da0a6e	d__Bacteria; p__Bacteroidota; c__Bacteroidia; o__Bacteroidales; f__Porphyromonadaceae; g__Porphyromonas	0.9999149754814337
7281d8476d29dd24b3e674ce9cd9e3b0	d__Bacteria; p__Bacillota; c__Clostridia; o__Oscillospirales; f__Ruminococcaceae; g__[Clostridium]_methylpentosum_group	0.999468418886341
2805b24236a6aa0e80246d8cf59c1601	d__Bacteria; p__Bacillota; c__Bacilli; o__Erysipelotrichales; f__Erysipelotrichaceae; g__Holdemanella	0.9999999999989626
237cf8a57daf82e1ae32de48622f3be1	d__Bacteria; p__Actinomycetota; c__Coriobacteriia; o__Coriobacteriales; f__Incertae_Sedis; g__Incertae_Sedis	0.9999486960744789
76dd08dd037fbcd183cf12c284a9529d	d__Bacteria; p__Bacillota; c__Bacilli; o__Erysipelotrichales; f__Erysipelatoclostridiaceae; g__Longibaculum	0.97100718753132
7d2f0f34f2ea4ce7030a589e76c0d06a	d__Bacteria; p__Bacteroidota; c__Bacteroidia; o__Bacteroidales; f__Barnesiellaceae; g__Barnesiella	0.9999999857293603
c5dfb25fa9e7d79c793a93061a2044f1	d__Bacteria; p__Bacillota; c__Clostridia; o__Lachnospirales; f__Lachnospiraceae; g__Lachnospiraceae_UCG-003	0.9997717051376382
c169e37b4b3d0c5a3ef9787349c1579e	d__Bacteria; p__Bacillota; c__Clostridia; o__Lachnospirales; f__Lachnospiraceae; g__Lachnospiraceae_UCG-004	0.998393014356186
e152b0b79021a3a7f8a0748f58668305	d__Bacteria; p__Bacillota; c__Clostridia; o__Peptostreptococcales-Tissierellales; f__Anaerovoracaceae; g__Family_XIII_UCG-001	0.9981622562798184
29766d5fb7dfc725656fad3bc3b67b56	d__Bacteria; p__Bacillota; c__Clostridia; o__Christensenellales; f__Christensenellaceae; g__Christensenellaceae_R-7_group	0.7751444160088549
64663503bcffcf0cfa5d4d875b927277	d__Bacteria; p__Bacillota; c__Clostridia; o__Peptostreptococcales-Tissierellales; f__Anaerovoracaceae; g__Family_XIII_AD3011_group	0.9977649462579639
c4b0455f8d6d59d4caafda4b3aa90622	d__Bacteria; p__Bacillota; c__Clostridia; o__Oscillospirales; f__Ruminococcaceae; g__Ruminococcus	0.9969884146063495
0cf86462b45382da531327e4186091da	d__Bacteria; p__Bacillota; c__Clostridia; o__Christensenellales; f__Christensenellaceae; g__Christensenellaceae_R-7_group	0.9973766877073788
b8ce07f9febbf686ec503d8f3c775252	d__Bacteria; p__Bacillota; c__Clostridia; o__Oscillospirales; f__Oscillospiraceae; g__Colidextribacter	0.991442429946378
bf81a8dc8e1f28aa2af7be505a2717bf	d__Bacteria; p__Bacillota; c__Clostridia; o__Lachnospirales; f__Lachnospiraceae; g__Anaerostipes	0.999995131305241
677003107911135908079a14e279d46a	d__Bacteria; p__Bacillota; c__Clostridia; o__Oscillospirales; f__UCG-010; g__Incertae_Sedis	0.8101818539738663
bd5490386542d58e4293ecf4a962bd9f	d__Bacteria; p__Bacillota; c__Clostridia; o__Oscillospirales; f__Ruminococcaceae; g__Anaerotruncus	0.9933057961364461
2e719af88bfcd8e25218266a6f7964d0	d__Bacteria; p__Bacillota; c__Clostridia; o__Oscillospirales; f__Oscillospiraceae; g__NK4A214_group	0.9743267965310062
2ecef7b331ebe2d10802a8bfe4301568	d__Bacteria; p__Bacillota; c__Bacilli; o__Erysipelotrichales; f__Erysipelatoclostridiaceae; g__Catenibacterium	0.9999880682981097
0626477cd5e734c7fec9d0bcb18d34ab	d__Bacteria; p__Bacteroidota; c__Bacteroidia; o__Bacteroidales; f__Bacteroidaceae; g__Bacteroides	0.9999993573763892
0a90fa6da571194ee32387470aa11836	d__Bacteria; p__Actinomycetota; c__Coriobacteriia; o__Coriobacteriales; f__Atopobiaceae; g__Parolsenella	0.9999999804467878
99ee61b6d1a218db6d240da0c2167011	d__Bacteria; p__Bacillota; c__Clostridia; o__Oscillospirales; f__Oscillospiraceae; g__NK4A214_group	0.997322819104631
d34df8171a85517b97a44a5a15d0f804	d__Bacteria; p__Bacillota; c__Clostridia; o__Clostridia_UCG-014; f__Incertae_Sedis; g__Incertae_Sedis	0.9999999913844846
445425eb0b5f55ca3c1ce3773612ad9b	d__Bacteria; p__Bacillota; c__Clostridia; o__Lachnospirales; f__Lachnospiraceae; g__Dorea	0.9499904869603464
37ff76f02e76dd8fc629cb05575defb1	d__Bacteria; p__Pseudomonadota; c__Gammaproteobacteria; o__Enterobacterales; f__Pasteurellaceae; g__Haemophilus	0.9890713523289225
c0f8f3acf306caddc862d433de0d53c9	d__Bacteria; p__Bacillota; c__Clostridia; o__Lachnospirales; f__Lachnospiraceae; g__Lachnospiraceae_NK4A136_group	0.9040386028569947
c2c764af42ca9e7e2dae27f1d314ae68	d__Bacteria; p__Bacillota; c__Clostridia; o__Oscillospirales; f__Butyricicoccaceae; g__Agathobaculum	0.9999659338917778
b151fbf52e3c196ce4ffe9b4a3e9af14	d__Bacteria; p__Bacillota; c__Clostridia; o__Peptostreptococcales-Tissierellales; f__Anaerovoracaceae	0.9999999998715404
74df7736e5987522b196d71ef459c29d	d__Bacteria; p__Bacillota; c__Clostridia; o__Lachnospirales; f__Lachnospiraceae	0.9999687863354172
50d3c6caa5d6ffd5137df4f5db5f677a	d__Bacteria; p__Bacillota; c__Clostridia; o__Lachnospirales; f__Lachnospiraceae	0.9999957142884661
fda12e11ad1795d1ca83a9d2d8a221a0	d__Bacteria; p__Bacillota; c__Bacilli; o__Erysipelotrichales; f__Erysipelotrichaceae; g__Holdemanella	0.9999999999964899
9f4224f49419587f6a3e2d825fcc8cba	d__Bacteria; p__Bacillota; c__Clostridia; o__Oscillospirales; f__Oscillospiraceae; g__Oscillibacter	0.9153109331921919
624d79142c5230ff559e4f31d967dbc8	d__Bacteria; p__Bacillota; c__Clostridia; o__Lachnospirales; f__Lachnospiraceae; g__Blautia	0.9611032813399671
456acf71fae63f1b311b1fa56bd8863b	d__Bacteria; p__Bacillota; c__Clostridia; o__Peptostreptococcales-Tissierellales; f__Anaerovoracaceae; g__Incertae_Sedis	0.9251664229148301
9bbff59b3c1084173c4917e136b496fa	d__Bacteria; p__Bacillota; c__Negativicutes; o__Acidaminococcales; f__Acidaminococcaceae; g__Acidaminococcus	0.999998971493699
fd5b996bd304a8c0888e703b3dee61b1	d__Bacteria; p__Bacillota; c__Clostridia; o__Lachnospirales; f__Lachnospiraceae; g__Mediterraneibacter	0.9995776053479789
734e2fb0b5344468b66b266db06b6c2e	d__Bacteria; p__Bacillota; c__Clostridia; o__Lachnospirales; f__Lachnospiraceae; g__Sellimonas	0.9878721416216498
2c4b30ff9f23a8129b3a37d6b7e366ef	d__Bacteria; p__Deinococcota; c__Deinococci; o__Thermales; f__Thermaceae; g__Thermus	0.999999999834003
ee748605191c5479146ee07a3193d218	d__Bacteria; p__Bacillota; c__Clostridia; o__Oscillospirales; f__Oscillospiraceae	0.898449230554975
1cd91659d1c6cdde51376273ae8c8f05	d__Bacteria; p__Bacillota; c__Clostridia; o__Monoglobales; f__Monoglobaceae; g__Monoglobus	0.9899510591985032
caa3cc367869b8a53403c3e54fbfd9b1	d__Bacteria; p__Bacteroidota; c__Bacteroidia; o__Bacteroidales; f__Prevotellaceae; g__Segatella	0.999977831625133
b4aca7e004e049c1bc90989a6bd31ff8	d__Bacteria; p__Bacillota; c__Clostridia; o__Lachnospirales; f__Lachnospiraceae; g__Lachnospira	0.9988216929365169
1dc782a2f33a5839c6fe47cb5751de15	d__Bacteria; p__Bacillota; c__Clostridia; o__Oscillospirales; f__Oscillospiraceae; g__Intestinimonas	0.9163463090371903
04cf55ca51883bf19bca35e8ab225def	d__Bacteria; p__Bacillota; c__Clostridia; o__Clostridiales; f__Clostridiaceae; g__Clostridium	0.9999463447287055
c04879d53b5b084096c5f2bdcc38d55a	d__Bacteria; p__Bacillota; c__Clostridia; o__Oscillospirales; f__Ruminococcaceae; g__Incertae_Sedis	0.9817816754253618
e8e8d14770b24e8bdc3c85393de92761	d__Bacteria; p__Bacillota; c__Clostridia; o__Lachnospirales; f__Lachnospiraceae	0.9999996846513775
08b12c13ea988a3bcf95dcabe834313a	d__Bacteria; p__Bacillota; c__Clostridia; o__Lachnospirales; f__Lachnospiraceae; g__Anaerosporobacter	0.9992348929509656
29e53aaab03b86749d3941da8ea5b59c	d__Bacteria; p__Actinomycetota; c__Actinobacteria; o__Micrococcales; f__Micrococcaceae; g__Rothia	0.999989731695959
9ca706b4e06f5a1736d1adf6c37b055e	d__Bacteria; p__Bacillota; c__Clostridia; o__Oscillospirales; f__Ruminococcaceae; g__Angelakisella	0.9985240735620242
b397ee372ad8e6e956443f650cba85fa	d__Bacteria; p__Bacillota; c__Clostridia; o__Oscillospirales; f__Ruminococcaceae; g__Paludicola	0.9598695172609983
59b324b0ccd86dbf79fe8714f52d8ddc	d__Bacteria; p__Bacillota; c__Clostridia; o__Oscillospirales; f__Oscillospiraceae; g__Oscillospira	0.7865971408552176
d43642bb228b6bd084483d2e5b48c3ca	d__Bacteria; p__Bacillota; c__Clostridia; o__Oscillospirales; f__Ruminococcaceae; g__Acutalibacter	0.7848898370966237
4ca53113aeac7afa697e8cae58f69855	d__Bacteria; p__Bacillota; c__Clostridia; o__Lachnospirales; f__Lachnospiraceae; g__GCA-900066575	0.9996500140905537
e5aff40b528a418ea97ba6ebbfbd3221	d__Bacteria; p__Bacillota; c__Clostridia; o__Oscillospirales; f__Ruminococcaceae; g__Faecalibacterium	0.9999004486205516
3ee072a59b45057a86369a7c80ad90e4	d__Bacteria; p__Actinomycetota; c__Actinobacteria; o__Micrococcales; f__Micrococcaceae; g__Rothia	0.9999931402201648
f230da8f569b012b8997300fecd8c57b	d__Bacteria; p__Bacillota; c__Clostridia; o__Peptostreptococcales-Tissierellales; f__Peptostreptococcaceae; g__Peptoclostridium	0.9982443970451151
ab8ed9e40a5889243577049d32fcf582	d__Bacteria; p__Bacillota; c__Clostridia; o__Lachnospirales; f__Lachnospiraceae; g__Lachnospiraceae_UCG-004	0.9984352235460359
b49123625013b63d3477f16690e44b87	d__Bacteria; p__Bacillota; c__Clostridia; o__Christensenellales; f__Christensenellaceae; g__Christensenellaceae_R-7_group	0.9770406628635698
6b9a2b83cbba29ae21ab29588bac0a5b	d__Bacteria; p__Fusobacteriota; c__Fusobacteriia; o__Fusobacteriales; f__Fusobacteriaceae; g__Fusobacterium	0.9974513983255157
33950a5fa4d8ee86e10778182fae6714	d__Bacteria; p__Bacillota; c__Clostridia; o__Lachnospirales; f__Lachnospiraceae	0.9999914282871909
65fd791aebdb593e01cec36966d05531	d__Bacteria; p__Pseudomonadota; c__Gammaproteobacteria; o__Burkholderiales; f__Oxalobacteraceae; g__Oxalobacter	0.943480643321932
4e6af2397dd07edd27be46973d1ba884	d__Bacteria; p__Bacillota; c__Bacilli; o__Erysipelotrichales; f__Erysipelatoclostridiaceae; g__Erysipelotrichaceae_UCG-003	0.9999617136792418
9979c4576292cf64868416fee99f512c	d__Bacteria; p__Bacillota; c__Clostridia; o__Lachnospirales; f__Lachnospiraceae; g__[Ruminococcus]_gauvreauii_group	0.9907069732814183
bcc459d2ef4770fb54f13f872982cd74	d__Bacteria; p__Bacillota; c__Clostridia; o__Oscillospirales; f__Oscillospiraceae; g__NK4A214_group	0.9587601459961116
83aed15ae132a401972267b529fa5514	d__Bacteria; p__Actinomycetota; c__Actinobacteria; o__Micrococcales; f__Micrococcaceae; g__Rothia	0.9999999868402086
a2a5e88352e05442bb5d52766e1079e8	d__Bacteria; p__Bacillota; c__Clostridia; o__Lachnospirales; f__Lachnospiraceae; g__Syntrophococcus	0.7786385377912758
b55ddaf95d9d2217ea087863a7afbbad	d__Bacteria; p__Bacteroidota; c__Bacteroidia; o__Bacteroidales; f__Tannerellaceae; g__Parabacteroides	0.9966885405425633
e3be57adb16df392a83a8adc9cf95020	d__Bacteria; p__Bacillota; c__Clostridia; o__Lachnospirales; f__Lachnospiraceae; g__Lachnoclostridium	0.9315491619585139
c3c0c0a3fc124c6622e2fac0889d27a9	d__Bacteria; p__Bacillota; c__Clostridia; o__Clostridia_vadinBB60_group; f__Incertae_Sedis; g__Incertae_Sedis	0.99977194732311
99717d03a3d7a15db8967e23e6f59adf	d__Bacteria; p__Bacillota; c__Clostridia; o__Oscillospirales; f__UCG-010; g__Incertae_Sedis	0.9981107078353986
847fa5c2b3eca67a001b1e1954ec2051	d__Bacteria; p__Bacillota; c__Clostridia; o__Oscillospirales; f__Oscillospiraceae; g__Colidextribacter	0.7912984170441425
9eb29a161200ce6abc81964e707e0825	d__Bacteria; p__Bacillota; c__Clostridia	0.9999995893735715
e7eb5cb1a485eda14cb4739552428d23	d__Bacteria; p__Bacillota; c__Clostridia; o__Clostridia_UCG-014; f__Incertae_Sedis; g__Incertae_Sedis	0.9999999996953903
2971ea9384bb60ea9436742d1e8d95bc	d__Bacteria; p__Pseudomonadota; c__Gammaproteobacteria; o__Burkholderiales; f__Sutterellaceae; g__Sutterella	0.9999997400176337
42fe4c241269d5348a686c41649659a3	d__Bacteria; p__Bacteroidota; c__Bacteroidia; o__Bacteroidales; f__Prevotellaceae; g__Segatella	0.9999889974297151
b0b9b3ecdb1da1e71ad3fd2f4f09d17d	d__Bacteria; p__Bacillota; c__Clostridia; o__Lachnospirales; f__Lachnospiraceae	0.9999992980122157
8c108477027d2f64ba5aeba6dbc73f51	d__Bacteria; p__Bacillota; c__Clostridia; o__Oscillospirales; f__Ruminococcaceae; g__Faecalibacterium	0.9998322252842796
564c83ada49782da396f39cb54a1383d	d__Bacteria; p__Bacillota; c__Clostridia; o__Lachnospirales; f__Lachnospiraceae; g__[Eubacterium]_xylanophilum_group	0.9850794994215046
c078b8117329c98917db0e8648d0af49	d__Bacteria; p__Bacillota; c__Clostridia; o__Lachnospirales; f__Lachnospiraceae; g__Blautia	0.9559667409897079
215cdbfc3e6be73970c2eacb07f17e42	d__Bacteria; p__Bacillota; c__Clostridia; o__Lachnospirales; f__Lachnospiraceae; g__[Ruminococcus]_gauvreauii_group	0.9993357579961417
dc66ea5013bbb57606e7ca14648f56d9	d__Bacteria; p__Bacillota; c__Clostridia; o__Lachnospirales; f__Lachnospiraceae	0.9999920522366197
fda7e882ecada1a99f18f5a499af7574	d__Bacteria; p__Bacillota; c__Clostridia; o__Lachnospirales; f__Lachnospiraceae	0.9999535018155011
5c707926751e9eaa10f1b9178817997c	d__Bacteria; p__Bacillota; c__Clostridia; o__Oscillospirales; f__UCG-010; g__Incertae_Sedis	0.9999956765854373
3ad7da49c52ec79eb228067d25d2f2a7	d__Bacteria; p__Bacillota; c__Clostridia; o__Lachnospirales; f__Lachnospiraceae; g__Sellimonas	0.9679169874432404
6acb81d8f618f4bc0df15d427b4c3de7	d__Bacteria; p__Bacillota; c__Clostridia; o__Oscillospirales; f__Oscillospiraceae; g__Oscillospira	0.9115207708044443
e6f747cd89d512cf187e8472cfb250a1	d__Bacteria; p__Bacillota; c__Clostridia; o__Oscillospirales; f__[Eubacterium]_coprostanoligenes_group; g__Incertae_Sedis	0.8835352420503345
e9a86ba8663db9c218b5999062a64b1e	d__Bacteria; p__Bacteroidota; c__Bacteroidia; o__Bacteroidales; f__Muribaculaceae; g__Incertae_Sedis	0.999999700868161
39f0229712e06daf4b92b11967614273	d__Bacteria; p__Bacillota; c__Incertae_Sedis; o__DTU014; f__Incertae_Sedis; g__Incertae_Sedis	0.9839062506822418
3a42ef5aaa3c057bf0e9ae0ff3abadb5	d__Bacteria; p__Bacillota; c__Clostridia; o__Lachnospirales; f__Lachnospiraceae	0.9999991553203882
6c41e15fe19c6bb6e12e1f896d503550	d__Bacteria; p__Bacillota; c__Clostridia; o__Lachnospirales; f__Lachnospiraceae	0.9999976169767443
026878f78fa8ad21c88f1ce2ddb9dde2	d__Bacteria; p__Bacillota; c__Clostridia; o__Oscillospirales; f__Ruminococcaceae	0.9999998486937574
bace8d5431c11e75808b28a88981721d	d__Bacteria; p__Verrucomicrobiota; c__Lentisphaeria; o__Victivallales; f__Victivallaceae; g__Victivallis	0.9970549872559341
80f1549f871f235d6c7f19f1cddfe68a	d__Bacteria; p__Bacillota; c__Clostridia; o__Clostridia_UCG-014; f__Incertae_Sedis; g__Incertae_Sedis	0.9999999998500897
fdcd6808ef8269653d25dce4a55a025d	d__Bacteria; p__Pseudomonadota; c__Gammaproteobacteria; o__Burkholderiales; f__Neisseriaceae; g__Neisseria	0.9969682891420717
03b8390f818435f5154d0e2c0767a4cc	d__Bacteria; p__Bacillota; c__Clostridia; o__Lachnospirales; f__Lachnospiraceae; g__Enterocloster	0.9831650079814876
5c6ba6ec99b516d0d9cba8e4730ea1fe	d__Bacteria; p__Bacillota; c__Clostridia; o__Oscillospirales; f__Ruminococcaceae; g__Acutalibacter	0.9854824909438911
8abb07dbe75731a017881e6513c40745	d__Bacteria; p__Bacteroidota; c__Bacteroidia; o__Bacteroidales; f__Marinifilaceae; g__Butyricimonas	0.9999999985094377
98e916c020b48ab86111f72ee10f64d3	d__Bacteria; p__Pseudomonadota; c__Gammaproteobacteria; o__Burkholderiales; f__Sutterellaceae; g__Sutterella	0.9999318695875358
2b34d8c06f07e8de3605df2787dc3b86	d__Bacteria; p__Bacillota; c__Clostridia; o__Clostridia_UCG-014; f__Incertae_Sedis; g__Incertae_Sedis	0.999999999661128
4b993bc69ae56751534153e6c12f66cb	d__Bacteria; p__Bacillota; c__Clostridia; o__Lachnospirales; f__Lachnospiraceae; g__possible_genus_Sk018	0.8044969435693635
138ec29935dfa39bf9c33440115d4a84	d__Bacteria; p__Bacillota; c__Clostridia; o__Oscillospirales; f__Ruminococcaceae; g__Angelakisella	0.9805638043368322
cbb26f6043e86fc79728f5643fd101bf	d__Bacteria; p__Bacillota; c__Clostridia; o__Lachnospirales; f__Defluviitaleaceae; g__Defluviitaleaceae_UCG-011	0.9999995712487428
77a0ad94418e7c8473f1a12b89b0ac0d	d__Bacteria; p__Actinomycetota; c__Coriobacteriia; o__Coriobacteriales; f__Eggerthellaceae; g__Slackia	0.9999820071819667
baf15c28193be2ae48733263b1efbaaf	d__Bacteria; p__Bacillota; c__Clostridia; o__Oscillospirales; f__Ruminococcaceae; g__Fournierella	0.9819072299401285
ba32589ffd0ba5c70103607504fa19a2	d__Bacteria; p__Bacillota; c__Clostridia; o__Clostridiales; f__Clostridiaceae; g__Clostridium	0.9975457429605051
c2a030e8279c3ce12693812d42629b91	d__Bacteria; p__Pseudomonadota; c__Gammaproteobacteria; o__Burkholderiales	0.9999998334503775
7e57bf1306ddc4beb5aa7a1084d8c845	d__Bacteria; p__Bacillota; c__Clostridia; o__Clostridia_vadinBB60_group; f__Incertae_Sedis; g__Incertae_Sedis	0.9999976720909085
965d7a58f59ea6445b32afede05a4012	d__Bacteria; p__Cyanobacteriota; c__Vampirivibrionia; o__Gastranaerophilales; f__Gastranaerophilaceae; g__Zag_111	0.9989269346553145
8c548f39608edb05d57e82d51864566a	d__Bacteria; p__Actinomycetota; c__Actinobacteria; o__Bifidobacteriales; f__Bifidobacteriaceae; g__Bifidobacterium	0.9997072705263225
ac5d01c4beeb96a1738afb6507791c14	d__Bacteria; p__Bacillota; c__Bacilli; o__RF39; f__Incertae_Sedis; g__Incertae_Sedis	0.9999999948589817
34ca3b71a0f86508c8de0b47da660d07	d__Bacteria; p__Bacteroidota; c__Bacteroidia; o__Bacteroidales; f__Prevotellaceae; g__Leyella	0.9999989814743699
bd7d4d52171326447274c59003e5e534	d__Bacteria; p__Bacillota; c__Clostridia; o__Clostridia_UCG-014; f__Incertae_Sedis; g__Incertae_Sedis	0.9999999982862562
60425c221cfa6b04bd56e610303fa6fc	d__Bacteria; p__Bacillota; c__Clostridia; o__Lachnospirales; f__Lachnospiraceae; g__Lachnoclostridium	0.7038095620690323
35153e998f038eab836cf9b81215418c	d__Bacteria; p__Bacillota; c__Clostridia; o__Oscillospirales; f__Ruminococcaceae	0.9994489263480566
2f1e20d2c4e3faf6f5273d0113e76d59	d__Bacteria; p__Bacillota; c__Clostridia; o__Christensenellales; f__Christensenellaceae; g__Incertae_Sedis	0.9975509799015005
36686778c49407a02ceda4f9ab3e315d	d__Bacteria; p__Bacteroidota; c__Bacteroidia; o__Bacteroidales; f__Porphyromonadaceae; g__Porphyromonas	0.9999964893754855
8281f15d9ee8bbd14a6126c0530d6ad3	d__Bacteria; p__Bacillota; c__Bacilli; o__Lactobacillales; f__Lactobacillaceae; g__Leuconostoc	0.999999999319698
23f35aee915d9d1dd6c8a0606460ff8c	d__Bacteria; p__Bacteroidota; c__Bacteroidia; o__Bacteroidales; f__Prevotellaceae; g__Prevotellaceae_UCG-004	0.9999987529482683
decdb65d7fe9d367eb02bceb9a2b9145	d__Bacteria; p__Bacillota; c__Clostridia; o__Christensenellales; f__Christensenellaceae; g__Christensenellaceae_R-7_group	0.9963992213405438
87826219f02bdace97680b2d371d6016	d__Bacteria; p__Bacillota; c__Clostridia; o__Lachnospirales; f__Lachnospiraceae; g__Lachnospira	0.9992218851385587
b06f04e536a35006e317b8a92047e1a2	d__Bacteria; p__Bacteroidota; c__Bacteroidia; o__Bacteroidales; f__Rikenellaceae; g__Alistipes	0.9994747403009501
e7b63f9f2ace6927ab85642d3d256f80	d__Bacteria; p__Bacillota; c__Clostridia; o__Incertae_Sedis; f__Incertae_Sedis; g__Incertae_Sedis	0.9860067536053442
1c0da15cbc0e592573778509374584ed	d__Bacteria; p__Bacillota; c__Clostridia; o__Oscillospirales; f__Ruminococcaceae; g__Ruminococcus	0.8212570411285841
d6bb5703483ac68992e09ce17683c52f	d__Bacteria; p__Bacillota; c__Clostridia; o__Oscillospirales; f__Ruminococcaceae; g__Paludicola	0.9563972983830376
0e8174acb43b52280aebaa5c5e24bdba	d__Bacteria; p__Bacillota; c__Clostridia; o__Lachnospirales; f__Lachnospiraceae; g__Dorea	0.964745949845985
3b1b8cdd5beb4f6fa2d4a7a4b77e2540	d__Bacteria; p__Bacillota; c__Clostridia; o__Lachnospirales; f__Lachnospiraceae; g__Blautia	0.7546829723984781
52e0a0c0a75ff4a55577f7bc587f86ce	d__Bacteria; p__Bacillota; c__Clostridia; o__Oscillospirales; f__Ruminococcaceae; g__Incertae_Sedis	0.8098485371648144
409e6e61969447f038bb2a3faf4761f5	d__Bacteria; p__Bacillota; c__Clostridia; o__Oscillospirales	0.8597278021773131
7b6796738b03dc61ecf9fdc6d3f9b433	d__Bacteria; p__Actinomycetota; c__Coriobacteriia; o__Coriobacteriales; f__Coriobacteriaceae; g__Collinsella	0.9969831118205429
2bb1ec736192947ae512a0a2f1e4fe91	d__Bacteria; p__Bacteroidota; c__Bacteroidia; o__Bacteroidales; f__Prevotellaceae; g__Paraprevotella	0.9999999993713402
d648ce5d9502d4062ca11583d5a0a95a	d__Bacteria; p__Bacillota; c__Clostridia; o__Monoglobales; f__Monoglobaceae; g__Monoglobus	0.9722151275618386
f3b93ac78ac1aa7b59cf482e3a323a7c	d__Bacteria; p__Bacillota; c__Clostridia; o__Clostridia_vadinBB60_group; f__Incertae_Sedis; g__Incertae_Sedis	0.9986027432832512
b696a6a2ff1f6de34e946662a88c6a24	d__Bacteria; p__Bacillota; c__Clostridia; o__Christensenellales; f__Christensenellaceae; g__Christensenellaceae_R-7_group	0.8434254607601938
c75f205b7a31b08504f94b2e241edb90	d__Bacteria; p__Bacillota; c__Clostridia; o__Lachnospirales; f__Lachnospiraceae; g__CAG-56	0.9983883260351424
647d8cb7662afbbe813f50e9c79a6a32	d__Bacteria; p__Verrucomicrobiota; c__Lentisphaeria; o__Oligosphaerales; f__Oligosphaeraceae; g__Z20	0.9999992133141514
40787e473f59ede4ad561b4e4079d97b	d__Bacteria; p__Bacillota; c__Clostridia; o__Lachnospirales; f__Lachnospiraceae; g__Roseburia	0.8077176270551991
e1f93c061a67add90892bbbc194c28bc	d__Bacteria; p__Bacillota; c__Clostridia; o__Oscillospirales; f__Ruminococcaceae; g__Fournierella	0.9932390818217346
28b0ce5d462d1ed3878d2125f3b7a534	d__Bacteria; p__Bacillota; c__Clostridia; o__Monoglobales; f__Monoglobaceae; g__Monoglobus	0.9250497725168588
d33cb1b14de882d89677cd2e0e0e3751	d__Bacteria; p__Bacillota; c__Clostridia; o__Lachnospirales; f__Lachnospiraceae; g__[Ruminococcus]_gnavus_group	0.9585093625747104
3d594b1673158adf82095866a5d9633b	d__Bacteria; p__Bacillota; c__Clostridia; o__Oscillospirales; f__Ruminococcaceae; g__Paludicola	0.979711761308608
9128dcf6c5d3e94600a2d146f5d866db	d__Bacteria; p__Bacillota; c__Clostridia; o__Oscillospirales; f__Ruminococcaceae; g__Ruminococcus	0.7441147002756434
f1a41936a2456a13d69ca381cfbf0610	d__Bacteria; p__Bacillota; c__Clostridia; o__Oscillospirales; f__Oscillospiraceae; g__Colidextribacter	0.8417181704368415
b28b7c4aa423791b12345b224c273cff	d__Bacteria; p__Bacillota; c__Clostridia; o__Lachnospirales; f__Lachnospiraceae	0.9999228747711497
21d92a1e71eeadaeec2fd51f41249446	d__Bacteria; p__Bacillota; c__Clostridia; o__Peptostreptococcales-Tissierellales; f__Anaerovoracaceae; g__Family_XIII_UCG-001	0.960864512374002
74749ca400d4950770095788fcb07527	d__Bacteria; p__Bacillota; c__Clostridia; o__Oscillospirales	0.999173937704978
4cc2ca25f9972f720c7e6137ad44ef04	d__Bacteria; p__Bacillota; c__Negativicutes; o__Veillonellales-Selenomonadales; f__Selenomonadaceae; g__Mitsuokella	0.9974609633238865
0b7ece96f03c9fd6de9886c14fd67e33	d__Bacteria; p__Bacillota; c__Clostridia; o__Lachnospirales; f__Lachnospiraceae	0.9999988681827352
239906d30e4c5cd08fbbfc032da6106e	d__Bacteria; p__Pseudomonadota; c__Gammaproteobacteria; o__Burkholderiales; f__Sutterellaceae; g__Sutterella	0.9999992087138456
8125fe2a8d6be15744c78441c84c6558	d__Bacteria; p__Thermodesulfobacteriota; c__Desulfovibrionia; o__Desulfovibrionales; f__Desulfovibrionaceae; g__Bilophila	0.9999987623544497
f976b52d2e5855a9b107b1551b3b6be8	d__Bacteria; p__Bacillota; c__Clostridia; o__Oscillospirales; f__Ruminococcaceae	0.9959258067810691
eb876924989a4c6380d0ddd01fe862be	d__Bacteria; p__Bacillota; c__Bacilli; o__RF39; f__Incertae_Sedis; g__Incertae_Sedis	0.9999999988645811
9ea1a2c63b128f7c9197a9fac4d8c86d	d__Bacteria; p__Bacillota; c__Clostridia; o__Clostridia_UCG-014; f__Incertae_Sedis; g__Incertae_Sedis	0.9999999983487555
565064cada8dde5da4a2263afd6fbcf0	d__Bacteria; p__Bacillota; c__Clostridia; o__Lachnospirales; f__Lachnospiraceae; g__Blautia	0.9060840285911358
ac16486688c4b0e4e248f0215fa23139	d__Bacteria; p__Bacillota; c__Clostridia; o__Lachnospirales; f__Lachnospiraceae	0.9999998718704951
645c8134c6649928e797c697e8f21032	d__Bacteria; p__Bacillota; c__Clostridia; o__Lachnospirales; f__Lachnospiraceae; g__Enterocloster	0.9881117292261565
8a35cd72f75053c325d1d2f95c1fc43f	d__Bacteria; p__Bacillota; c__Clostridia; o__Peptostreptococcales-Tissierellales; f__Anaerovoracaceae; g__Family_XIII_AD3011_group	0.9954221858165022
a574d99a866f19ebf14dbc8a35ca692e	d__Bacteria; p__Bacillota; c__Clostridia; o__Clostridia_vadinBB60_group; f__Incertae_Sedis; g__Incertae_Sedis	0.9999991118747538
f31ac04c4b89a126b2406e811dff97fa	d__Bacteria; p__Bacillota; c__Clostridia; o__Lachnospirales; f__Lachnospiraceae; g__Anaerotignum	0.9999914452832275
9bf0d2dbffe7925240ea811d2a4cd625	d__Bacteria; p__Actinomycetota; c__Coriobacteriia; o__Coriobacteriales; f__Eggerthellaceae; g__Adlercreutzia	0.8094946904971815
c2cd19f77efced924e3eccd8bc6750be	d__Bacteria; p__Bacillota; c__Clostridia; o__Peptostreptococcales-Tissierellales; f__Anaerovoracaceae; g__Family_XIII_AD3011_group	0.9741875783248328
256dfc4293b26052a25efb75d0fb6720	d__Bacteria; p__Bacillota; c__Clostridia; o__Clostridia_UCG-014; f__Incertae_Sedis; g__Incertae_Sedis	0.9999999999191687
47bef228ecdac7414639faa890cf779b	d__Bacteria; p__Bacillota; c__Clostridia; o__Clostridia_vadinBB60_group; f__Incertae_Sedis; g__Incertae_Sedis	0.9999989304034251
d32b4b85f78eb17fdd909e32e688622a	d__Bacteria; p__Bacteroidota; c__Bacteroidia; o__Bacteroidales; f__Rikenellaceae; g__Alistipes	0.9999997565994091
ff751d53eab172040301b27009743fde	d__Bacteria; p__Bacillota; c__Clostridia; o__Lachnospirales; f__Lachnospiraceae; g__Blautia	0.9566990917443994
fc1e726754afb0a2a9ec7808072d71cd	d__Bacteria; p__Bacillota; c__Bacilli; o__Erysipelotrichales; f__Erysipelotrichaceae; g__Solobacterium	0.9999118736566823
e788d109a82f218babace41804c108f4	d__Bacteria; p__Bacillota; c__Clostridia; o__Peptostreptococcales-Tissierellales; f__Anaerovoracaceae; g__Family_XIII_AD3011_group	0.9667547346860765
107e6f997cdf3cddd205739ba3ef33ac	d__Bacteria; p__Bacillota; c__Clostridia; o__Lachnospirales; f__Lachnospiraceae; g__Dorea	0.9300897178417651
f712e93209206a1c210126deb816584e	d__Bacteria; p__Cyanobacteriota; c__Cyanobacteriia; o__Chloroplast; f__Incertae_Sedis; g__Incertae_Sedis	0.999999999076266
3098ee4e595175076514b00a8a20c291	d__Bacteria; p__Thermodesulfobacteriota; c__Desulfovibrionia; o__Desulfovibrionales; f__Desulfovibrionaceae; g__Incertae_Sedis	0.9988978504866116
baae4ccab1ecf658ef995662b1a9d4fc	d__Bacteria; p__Bacillota; c__Clostridia; o__Oscillospirales; f__Ruminococcaceae; g__Faecalibacterium	0.9998907769434556
0909e28337b0efdda2cf27ec11968955	d__Bacteria; p__Bacillota; c__Clostridia; o__Lachnospirales; f__Lachnospiraceae; g__Oribacterium	0.9999771734095647
0540bf08e9a1eb8691a9b1be2afe577a	d__Bacteria; p__Actinomycetota; c__Actinobacteria; o__Actinomycetales; f__Actinomycetaceae; g__Actinomyces	0.9997707633141786
f631d758c7d0e1bbaaede9c68b2f95f2	d__Bacteria; p__Bacillota; c__Clostridia; o__Monoglobales; f__Monoglobaceae; g__Monoglobus	0.9755910074178843
be50d8a71557bc431571fcc509eeb6b4	d__Bacteria; p__Bacillota; c__Clostridia; o__Oscillospirales; f__Ruminococcaceae; g__Incertae_Sedis	0.9847839322108297
af09a9ddf43ec3435ab92d3c4d56750e	d__Bacteria; p__Bacillota; c__Bacilli; o__Erysipelotrichales; f__Erysipelatoclostridiaceae; g__Thomasclavelia	0.9999980320133128
d3211b7a04e5fb36a383450b8f5710e2	d__Bacteria; p__Bacillota; c__Bacilli; o__Lactobacillales; f__Lactobacillaceae; g__Ligilactobacillus	0.99997186248856
63e6c71f7ef430597eb3a1c58094bd88	d__Bacteria; p__Pseudomonadota; c__Gammaproteobacteria; o__Burkholderiales; f__Comamonadaceae	0.9996380781745101
3e3ad15a12911a8718157d68988edabe	d__Bacteria; p__Bacillota; c__Clostridia; o__Lachnospirales; f__Lachnospiraceae; g__Lachnospiraceae_UCG-004	0.9970219409811478
0f8590a72755fa5afa157441d6fbcecd	d__Bacteria; p__Bacillota; c__Clostridia; o__Monoglobales; f__Monoglobaceae; g__Monoglobus	0.9663986320045916
ce768069bb1633c63f74a8570644e15e	d__Bacteria; p__Bacillota; c__Clostridia; o__Oscillospirales; f__Ruminococcaceae; g__Anaerofilum	0.9997765738609098
a373ef5168d59c02191126b26e4cd65a	d__Bacteria; p__Bacillota; c__Clostridia; o__Oscillospirales; f__Ruminococcaceae; g__Candidatus_Soleaferrea	0.999999874702106
ec34df79d49f5495ba874bcaf178133a	d__Bacteria; p__Bacteroidota; c__Bacteroidia; o__Bacteroidales; f__Muribaculaceae; g__Incertae_Sedis	0.9999995514015734
e2555248919420c4a2bec0c6dbbe9a58	d__Bacteria; p__Bacillota; c__Clostridia	0.9999998427922154
5710abfe890d5ff26ffc26b9d8ce31e0	d__Bacteria; p__Bacteroidota; c__Bacteroidia; o__Bacteroidales; f__Tannerellaceae; g__Parabacteroides	0.9716293327661605
b19836ccd0ab70a541ec5627baa93225	d__Bacteria; p__Bacillota; c__Clostridia; o__Oscillospirales; f__UCG-010; g__Incertae_Sedis	0.9999986572052881
c70044db2ba3e1fd511d7d55c820319f	d__Bacteria; p__Bacillota; c__Clostridia; o__Oscillospirales; f__Ruminococcaceae; g__Ruminococcus	0.9996597177662809
bdef6550fb448875f4bf4658988eaf6d	d__Bacteria; p__Bacillota; c__Bacilli; o__Erysipelotrichales; f__Erysipelatoclostridiaceae; g__Thomasclavelia	0.999999745648655
64ed736c8b3674e71b67b2647dfbe83a	d__Bacteria; p__Bacillota; c__Clostridia; o__Christensenellales; f__Christensenellaceae; g__Christensenellaceae_R-7_group	0.8768277043921003
67ec5c8d397bcd64b2e336a60eef437c	d__Bacteria; p__Bacillota; c__Bacilli; o__Erysipelotrichales; f__Erysipelotrichaceae; g__[Clostridium]_innocuum_group	0.9999996731684712
d3249dfea030b7356e62321d3057c8b9	d__Bacteria; p__Bacillota; c__Clostridia; o__Oscillospirales; f__Ruminococcaceae; g__Faecalibacterium	0.9997899371479831
8dba41073e8e2650e099cda3fd3a0630	d__Bacteria; p__Bacillota; c__Clostridia; o__Oscillospirales; f__Oscillospiraceae; g__UCG-005	0.9672137089120975
6ee06784994885744a502b96d3e8a332	d__Bacteria; p__Bacillota; c__Clostridia; o__Incertae_Sedis; f__Incertae_Sedis; g__Incertae_Sedis	0.880304123440457
3ec1b9643b166b8aa4945d05b78bf87c	d__Bacteria; p__Bacillota; c__Clostridia; o__Lachnospirales; f__Lachnospiraceae	0.999995552519769
1b5b3d7c6c7dd6bc9eae50f62f1d0944	d__Bacteria; p__Bacillota; c__Clostridia; o__Lachnospirales; f__Lachnospiraceae; g__CAG-56	0.9994953186612939
7c782f8599ff450183d3cd6960df53fc	d__Bacteria; p__Bacteroidota; c__Bacteroidia; o__Bacteroidales; f__Incertae_Sedis; g__Incertae_Sedis	0.9998441018670957
313eb98349d43888abfa8236df5f61fe	d__Bacteria; p__Bacillota; c__Clostridia; o__Clostridia_vadinBB60_group; f__Incertae_Sedis; g__Incertae_Sedis	0.9999978378159183
37419b33b0a4ca5d8dbbb7259451aed9	d__Bacteria; p__Bacillota; c__Clostridia; o__Clostridia_vadinBB60_group; f__Incertae_Sedis; g__Incertae_Sedis	0.9999986331051608
64acd1cc6ba26f74372bdccbb9b8065c	d__Bacteria; p__Bacillota; c__Bacilli; o__Lactobacillales; f__Lactobacillaceae; g__Leuconostoc	0.999999999596966
3edc61fa7d3ac460c986ece3183054ba	d__Bacteria; p__Bacillota; c__Clostridia; o__Lachnospirales; f__Lachnospiraceae; g__Lachnospira	0.9994565610229555
5c518983dc4dedbf4eee089509dc2ac0	d__Bacteria; p__Bacillota; c__Bacilli; o__RF39; f__Incertae_Sedis; g__Incertae_Sedis	0.9999999992882209
68f937e3f3718426e21ff046db6822a5	d__Bacteria; p__Pseudomonadota; c__Alphaproteobacteria; o__Rhodospirillales; f__Incertae_Sedis; g__Incertae_Sedis	0.9999727535495604
8926feec7d0d3ec7721ca6d01e982e9a	d__Bacteria; p__Bacillota; c__Clostridia; o__Clostridia_UCG-014; f__Incertae_Sedis; g__Incertae_Sedis	0.9999999996130384
dbff748b8a3708c0569038fac4996be9	d__Bacteria; p__Bacillota; c__Clostridia; o__Oscillospirales; f__Butyricicoccaceae; g__UCG-009	0.9893232390339154
a98f682feda916ba9d30cfd25a656c23	d__Bacteria; p__Bacillota; c__Clostridia; o__Peptostreptococcales-Tissierellales; f__Peptostreptococcaceae	0.9999808265961214
f01e5c795eaaed19fa4028e9b6e3fccc	d__Bacteria; p__Bacillota; c__Clostridia; o__Oscillospirales; f__Oscillospiraceae; g__UCG-005	0.9400838999622748
0ca68f5bd828ea2c33759a8520967a46	d__Bacteria; p__Bacillota; c__Clostridia; o__Oscillospirales; f__Ruminococcaceae; g__Faecalibacterium	0.83789821827652
bfa04ed0e69b97e66acd123122dac83f	d__Bacteria; p__Bacillota; c__Clostridia; o__Lachnospirales; f__Lachnospiraceae; g__Blautia	0.9154764198525799
0f27a8e62d1f75c3b4faf43242a06824	d__Bacteria; p__Bacillota; c__Clostridia; o__Lachnospirales; f__Lachnospiraceae; g__Enterocloster	0.7659891396369286
d565d8b7194d25cb472ab5924976498c	d__Bacteria; p__Bacillota; c__Clostridia; o__Lachnospirales; f__Lachnospiraceae; g__Lachnospiraceae_UCG-010	0.992613994204782
b87c6bb647b6e7158b01968c8bcaf4ff	d__Bacteria; p__Bacillota; c__Clostridia; o__Oscillospirales; f__Ruminococcaceae	0.975967505132896
29a802b4ebc0f4d74e2537de020cc466	d__Bacteria; p__Bacillota; c__Clostridia; o__Lachnospirales; f__Lachnospiraceae	0.9999781881583754
31b0aa847b46b2247701ed123503d641	d__Bacteria; p__Bacillota; c__Clostridia; o__Christensenellales; f__Christensenellaceae; g__Christensenellaceae_R-7_group	0.963740744212165
773443dcfad647ff0d4f2c406f915296	d__Bacteria; p__Bacillota; c__Clostridia; o__Christensenellales; f__Christensenellaceae; g__Incertae_Sedis	0.9996258932597369
0007668c6913379cb5267ff93267d4d0	d__Bacteria; p__Bacillota; c__Clostridia; o__Lachnospirales; f__Lachnospiraceae; g__Anaerobutyricum	0.9999985922060934
4dcbaff9408515476a699e39fd0781a9	d__Bacteria; p__Bacillota; c__Clostridia; o__Oscillospirales; f__Oscillospiraceae	0.9999002007165292
443b74cfbd669538da112da3c6a37b7c	d__Bacteria; p__Bacillota; c__Clostridia; o__Oscillospirales	0.9101611501964567
bb2e52947ac21d86eab125cfb381f3a0	d__Bacteria; p__Cyanobacteriota; c__Vampirivibrionia; o__Gastranaerophilales; f__Gastranaerophilaceae; g__Zag_111	0.9999789334699898
89defd485a1b2f33b3ec7c8538667379	d__Bacteria; p__Bacillota; c__Clostridia; o__Lachnospirales; f__Lachnospiraceae; g__Tyzzerella	0.9999784181184215
6dc0c4a90dac65768d984a18f3c24371	d__Bacteria; p__Bacteroidota; c__Bacteroidia; o__Bacteroidales; f__Barnesiellaceae; g__Coprobacter	0.9999993921385055
b11f109c87b5b98fadde4e1043a47101	d__Bacteria; p__Bacillota; c__Clostridia; o__Oscillospirales; f__Ruminococcaceae; g__Incertae_Sedis	0.9521502537956413
4d09f24c6dd728eb35bdb3debbfcc3df	d__Bacteria; p__Bacillota; c__Clostridia; o__Christensenellales; f__Christensenellaceae; g__Christensenellaceae_R-7_group	0.7383447415542403
00f7da7097d233e849d184bdcf138bd2	d__Bacteria; p__Bacillota; c__Clostridia; o__Oscillospirales; f__Ruminococcaceae; g__Gemmiger	0.8807264289767807
cf285592ba1ed75f88efd4f42657ef57	d__Bacteria; p__Bacillota; c__Negativicutes; o__Veillonellales-Selenomonadales; f__Veillonellaceae; g__Megasphaera	0.9999999919417348
0195f14665f365f29c03692bbf7e73c3	d__Bacteria; p__Pseudomonadota; c__Gammaproteobacteria; o__Burkholderiales	0.99997246729274
30f7d13c996dd48a62dbce6ab12f2175	d__Bacteria; p__Bacillota; c__Clostridia; o__Oscillospirales; f__Ruminococcaceae	0.977071032430711
832eda2cc8fd2fbdc64b6310495dcaa3	d__Bacteria; p__Bacillota; c__Clostridia; o__Lachnospirales; f__Lachnospiraceae; g__Lachnospiraceae_UCG-004	0.9917004756267709
def8acc0fc88cc9a9cf110370ecc2c37	d__Bacteria; p__Bacillota; c__Bacilli; o__Erysipelotrichales; f__Erysipelotrichaceae; g__Solobacterium	0.9302954251500489
0b5ceec669dba4b9d17f19c717c1b44f	d__Bacteria; p__Synergistota; c__Synergistia; o__Synergistales; f__Synergistaceae; g__Cloacibacillus	0.9999999995888658
2d05942a2a1d3b2b0e2d450ddd21c1a4	d__Bacteria; p__Bacillota; c__Clostridia; o__Oscillospirales; f__Ruminococcaceae; g__Candidatus_Soleaferrea	0.9844904823604465
ccd45e959449452032e486d6fd640be4	d__Bacteria; p__Bacillota; c__Clostridia; o__Clostridia_vadinBB60_group; f__Incertae_Sedis; g__Incertae_Sedis	0.999850591102467
7efbb41c00a95ac3b123dde0e21dfbec	d__Bacteria; p__Bacillota; c__Clostridia; o__Clostridia_vadinBB60_group; f__Incertae_Sedis; g__Incertae_Sedis	0.9999993427514112
2680367588b8043a23256a05859605d6	d__Bacteria; p__Bacillota; c__Clostridia; o__Oscillospirales; f__[Eubacterium]_coprostanoligenes_group; g__Incertae_Sedis	0.9999954713770987
2d6cb01e1079be26b0dc05b1d3284fd3	d__Bacteria; p__Pseudomonadota; c__Alphaproteobacteria; o__Sphingomonadales; f__Sphingomonadaceae; g__Zymomonas	0.9999999999957652
7670e90eeb9513f1a081750590876046	d__Bacteria; p__Bacillota; c__Clostridia; o__Clostridia_vadinBB60_group; f__Incertae_Sedis; g__Incertae_Sedis	0.9972757815144638
07937b5a3462a9793d5615a94fda405f	d__Bacteria; p__Bacillota; c__Clostridia; o__Clostridiales; f__Clostridiaceae; g__Sarcina	0.9913754078637733
67f13b41ec9470b5fab9036988eb1e6a	d__Bacteria; p__Bacillota; c__Bacilli; o__RF39; f__Incertae_Sedis; g__Incertae_Sedis	0.999999997271388
94a699e62982fe59b7725f1b7271972a	d__Bacteria; p__Bacillota; c__Clostridia; o__Oscillospirales; f__Ruminococcaceae; g__Candidatus_Soleaferrea	0.989004635116286
75696eef55fc8c45955651d752c58643	d__Bacteria; p__Bacillota; c__Clostridia; o__Lachnospirales; f__Lachnospiraceae; g__Mediterraneibacter	0.9763560703682587
c64a0e1a26813881653d38c1da5934e2	d__Bacteria; p__Bacillota; c__Clostridia; o__Peptostreptococcales-Tissierellales; f__Anaerovoracaceae; g__Family_XIII_UCG-001	0.8284231737940226
8e058482fc19aadd1b060ca5f6c7d7d7	d__Bacteria; p__Bacillota; c__Clostridia; o__Lachnospirales; f__Lachnospiraceae	0.9999973018503561
4ba52fb94bd6d391d06ec0fa68e5f37d	d__Bacteria; p__Bacillota; c__Clostridia; o__Peptostreptococcales-Tissierellales; f__Peptostreptococcaceae; g__Peptostreptococcus	0.9999999323055585
7891f07b0eee73b9e772d6b8941c4d9a	d__Bacteria; p__Bacillota; c__Clostridia; o__Oscillospirales; f__Oscillospiraceae; g__UCG-007	0.7582610635130198
37c447b7abed007c089803b6d273111d	d__Bacteria; p__Bacillota; c__Clostridia; o__Oscillospirales; f__Ruminococcaceae; g__Acutalibacter	0.9902606799013367
08be83d0a527ddd1da0861135192e593	d__Bacteria; p__Actinomycetota; c__Coriobacteriia; o__Coriobacteriales; f__Incertae_Sedis; g__Incertae_Sedis	0.9999999985405168
99dda7b5337bc09a69e9e27bab56fd79	d__Bacteria; p__Bacillota; c__Clostridia; o__Lachnospirales; f__Lachnospiraceae; g__GCA-900066755	0.9999738141989981
5e4405e37412f415c47c112a0cbc487a	d__Bacteria; p__Bacillota; c__Clostridia; o__Lachnospirales; f__Lachnospiraceae; g__Lachnospiraceae_UCG-010	0.9142371871569974
af859cb6f717c987036857708444d295	d__Bacteria; p__Bacillota; c__Clostridia; o__Peptostreptococcales-Tissierellales; f__Anaerovoracaceae	0.9999999998945582
499137328d123f0489ec91d2024c07dd	d__Bacteria; p__Bacillota; c__Clostridia; o__Lachnospirales; f__Lachnospiraceae; g__Oribacterium	0.9972921530401386
2e9f61d9f4c15f9b5ca6fffeb0297afc	d__Bacteria; p__Bacillota; c__Clostridia; o__Lachnospirales; f__Lachnospiraceae; g__Fusicatenibacter	0.9938697972937973
c94a7d9b0a55201069634dc64e78334c	d__Bacteria; p__Bacillota; c__Bacilli; o__RF39; f__Incertae_Sedis; g__Incertae_Sedis	0.9999999973939424
0ed85d219a006f97c9a472fcf92ba383	d__Bacteria; p__Bacillota; c__Clostridia; o__Lachnospirales; f__Lachnospiraceae	0.9999986926725823
65e8ac56d4875370db585e4e786e1f9a	d__Bacteria; p__Bacillota; c__Clostridia; o__Oscillospirales; f__UCG-010; g__Incertae_Sedis	0.99996250054505
9a33e45bb86f4fab2cd5a8fd068b47f9	d__Bacteria; p__Bacillota; c__Clostridia; o__Lachnospirales; f__Lachnospiraceae; g__Lachnospiraceae_UCG-004	0.9960770904847172
2cf6bdaff1f322999720e1858a1e9423	d__Bacteria; p__Bacillota; c__Clostridia; o__Oscillospirales; f__Ruminococcaceae; g__Gemmiger	0.7305093050203056
ee91e904c86efcd37e6e7e91a19ff7e1	d__Bacteria; p__Bacillota; c__Clostridia; o__Christensenellales; f__Christensenellaceae; g__Christensenellaceae_R-7_group	0.9614124601433355
7235df4198a188433290eed0a30af8af	d__Bacteria; p__Bacillota; c__Clostridia; o__Oscillospirales; f__Ruminococcaceae; g__Acutalibacter	0.8573854234470757
1960fe4a047871a71b7cf49d49348a9a	d__Bacteria; p__Bacillota; c__Clostridia; o__Peptococcales; f__Peptococcaceae; g__Incertae_Sedis	0.9999996526199942
6fc1d8a81d6d8bb5e6ba51f9086f5ed9	d__Bacteria; p__Bacillota; c__Clostridia; o__Lachnospirales; f__Lachnospiraceae; g__Mediterraneibacter	0.9120254902034752
5010334724a1b648676a6b2b25c97fbd	d__Bacteria; p__Bacillota; c__Clostridia; o__Oscillospirales; f__Ruminococcaceae; g__Ruminococcus	0.8399646482622922
a1bb8958d3b15e64322cafe635c0d663	d__Bacteria; p__Bacillota; c__Clostridia; o__Clostridia_UCG-014; f__Incertae_Sedis; g__Incertae_Sedis	0.9999990825037147
5751a23a4d6d4a9fe5a82d00c8d1003d	d__Bacteria; p__Bacillota; c__Clostridia; o__Oscillospirales; f__UCG-010; g__Incertae_Sedis	0.9999952749979502
ffd574e0901b7150f439f9c2d19e48e4	d__Bacteria; p__Actinomycetota; c__Coriobacteriia; o__Coriobacteriales; f__Atopobiaceae; g__Coriobacteriaceae_UCG-003	0.9999999995127951
021fd78e81972f7bfd8a513f979c888b	d__Bacteria; p__Bacillota; c__Clostridia; o__Lachnospirales; f__Lachnospiraceae; g__Coprococcus	0.9740127770934556
e916531450020b4b6525fcad93e7aa79	d__Bacteria; p__Bacillota; c__Clostridia; o__Peptostreptococcales-Tissierellales; f__Anaerovoracaceae; g__Family_XIII_AD3011_group	0.9757441230056746
0fcc4a31c0f50689d484ae414d7de9bd	d__Bacteria; p__Pseudomonadota; c__Gammaproteobacteria; o__Enterobacterales; f__Yersiniaceae	0.8033770433849853
f5080598ea174fc566581c1c6dacae28	d__Bacteria; p__Bacillota; c__Clostridia; o__Lachnospirales; f__Lachnospiraceae	0.999997652224347
934544394135bfe48f9e93d8708c423f	d__Bacteria; p__Bacillota; c__Clostridia; o__Monoglobales; f__Monoglobaceae; g__Monoglobus	0.9240471232942575
e3332402de18f33a4d715913d9f0a799	d__Bacteria; p__Bacillota; c__Clostridia; o__Oscillospirales; f__Ruminococcaceae; g__Fournierella	0.9995382844144434
596c1c5efe777a8d8aafbca19fe37e1d	d__Bacteria; p__Pseudomonadota; c__Gammaproteobacteria; o__Lysobacterales; f__Lysobacteraceae; g__Stenotrophomonas	0.9999577410552074
601f07672b86e375f369c2171c6cbdf2	d__Bacteria; p__Bacillota; c__Bacilli; o__Lactobacillales; f__Lactobacillaceae; g__Lactobacillus	0.9999919792767641
cab55b21357209d4450d940897fe5cd1	d__Bacteria; p__Bacillota; c__Clostridia; o__Oscillospirales; f__Oscillospiraceae; g__Incertae_Sedis	0.8882432841096239
6fc63860779537977a41e61de02dec98	d__Bacteria; p__Bacillota; c__Clostridia; o__Lachnospirales; f__Lachnospiraceae; g__Howardella	0.9999997658921548
71b42b0e365cbc6bb10eb1724963b466	d__Bacteria; p__Bacillota; c__Bacilli; o__Erysipelotrichales; f__Erysipelotrichaceae; g__Holdemania	0.9998929576675473
a4ecfb2e708863a17978a0942358ffc3	d__Bacteria; p__Pseudomonadota; c__Gammaproteobacteria; o__Enterobacterales	0.9999998353514907
0dbd8b288bc9037f363f7f920c4ec25a	d__Bacteria; p__Bacillota; c__Clostridia; o__Lachnospirales; f__Lachnospiraceae	0.9999999588629302
f82d8597b27b481c0d3a5c65900c31cc	d__Bacteria; p__Bacteroidota; c__Bacteroidia; o__Bacteroidales; f__Porphyromonadaceae; g__Porphyromonas	0.9999965530049203
713f46681bd8d48c3a657de5470cbb01	d__Bacteria; p__Bacillota; c__Clostridia; o__Lachnospirales; f__Lachnospiraceae	0.9998610346746448
eb25d1d0b195591685cb02e49d0b67aa	d__Bacteria; p__Bacillota; c__Clostridia; o__Monoglobales; f__Monoglobaceae; g__Monoglobus	0.9932847221547021
e7586b17b76df71af1987567ccc29322	d__Bacteria; p__Bacillota; c__Clostridia; o__Clostridia_UCG-014; f__Incertae_Sedis; g__Incertae_Sedis	0.99999979377926
8928c13a470a9251a2ddb4d3a23b69c1	d__Bacteria; p__Bacillota; c__Clostridia; o__Christensenellales; f__Christensenellaceae; g__Christensenellaceae_R-7_group	0.9811168951823985
a798b8ab73cb012dd91a46af01e0fd0d	d__Bacteria; p__Bacillota; c__Clostridia; o__Peptostreptococcales-Tissierellales; f__Anaerovoracaceae; g__Family_XIII_AD3011_group	0.9897197540551378
30234aff03c494f183f1202c35ae0ec9	d__Bacteria; p__Bacillota; c__Clostridia; o__Oscillospirales; f__Ruminococcaceae; g__Paludicola	0.9999613444367369
3a3b0377948aef0ce33074f11eebf46e	d__Bacteria; p__Bacillota; c__Clostridia; o__Oscillospirales; f__Oscillospiraceae; g__Incertae_Sedis	0.8936128164457704
2825d53d703c29d4a08c712151ff9e71	d__Bacteria; p__Bacillota; c__Clostridia; o__Oscillospirales; f__Oscillospiraceae; g__UCG-005	0.8075984114032239
05992d2befeb4bd87b626698a9694ccc	d__Bacteria; p__Bacillota; c__Clostridia; o__Lachnospirales; f__Lachnospiraceae; g__Lachnospiraceae_FCS020_group	0.8756070137759789
d4bd4548e9ab35830ab13ff674416192	d__Bacteria; p__Bacteroidota; c__Bacteroidia; o__Bacteroidales; f__Rikenellaceae; g__Rikenellaceae_RC9_gut_group	0.9999995211943267
7b0c4c30e3e9348105221123952bf547	d__Bacteria; p__Verrucomicrobiota; c__Lentisphaeria; o__Victivallales; f__vadinBE97; g__Incertae_Sedis	0.9999999883150396
40daa03ebc2f3b5b4ff9eaf8645ea7fc	d__Bacteria; p__Bacillota; c__Clostridia; o__Oscillospirales; f__Ruminococcaceae	0.9982453800345696
dc9c55e36f5c77f976ae9e5923f0138f	d__Bacteria; p__Bacillota; c__Clostridia; o__Oscillospirales; f__UCG-010; g__Incertae_Sedis	0.9999899820597746
5ff5eb4dd1fd266304a56fbe9ca2559d	d__Bacteria; p__Bacillota; c__Clostridia; o__Lachnospirales; f__Lachnospiraceae; g__Blautia	0.9851567884605857
2c6244626b7d94b8e4a351da9f2f661a	d__Bacteria; p__Bacillota; c__Clostridia; o__Christensenellales; f__Christensenellaceae; g__Incertae_Sedis	0.9993086767821818
b852d140db24c1bdc14fe48c15d816bf	d__Bacteria; p__Bacillota; c__Clostridia; o__Lachnospirales; f__Lachnospiraceae	0.9999895203753599
d37fb12f7082d1a59ca4fbc9a5e584a3	d__Bacteria; p__Pseudomonadota; c__Alphaproteobacteria; o__Acetobacterales; f__Acetobacteraceae; g__Gluconobacter	0.9993068463477083
74c3408d70193c785927c4fbe92668fc	d__Bacteria; p__Bacillota; c__Clostridia; o__Lachnospirales; f__Lachnospiraceae; g__Sellimonas	0.9936085186654114
14f8b623410ccbb613e8cc7e7fee5c64	d__Bacteria; p__Bacillota; c__Clostridia; o__Lachnospirales; f__Lachnospiraceae; g__Mediterraneibacter	0.8624277863743219
49f3a9ddbb5ebb23528cb987b95b1c0d	d__Bacteria; p__Bacillota; c__Clostridia; o__Lachnospirales; f__Lachnospiraceae	0.9999983361373909
4029f74f62ca1ef527a6fbbcf4a3aed9	d__Bacteria; p__Bacillota; c__Clostridia; o__Lachnospirales; f__Lachnospiraceae	0.9999967872186932
446dd1eaac209e5a67251acbc15da551	d__Bacteria; p__Bacillota; c__Clostridia; o__Monoglobales; f__Monoglobaceae; g__Monoglobus	0.935305109569489
2a13235c6fb693b7cb77961eae4877f8	d__Bacteria; p__Bacillota; c__Clostridia; o__Lachnospirales; f__Lachnospiraceae; g__Roseburia	0.7143500414511397
7f8b9768ad78f4cde602647fe3b54d69	Unassigned	0.41607450762833353
00e0790073d8d86ba9634bff5d261059	d__Bacteria; p__Bacillota; c__Clostridia; o__Peptococcales; f__Peptococcaceae; g__Peptococcus	0.9999999073634783
b6301f41d6a9b6e81f8daf508ed68fe0	d__Bacteria; p__Bacillota; c__Clostridia; o__Lachnospirales; f__Lachnospiraceae; g__Lachnospiraceae_UCG-010	0.9966266578309059
e58cfcb87eb1516e54e580d17ac1dc42	d__Bacteria; p__Bacillota; c__Clostridia; o__Oscillospirales; f__Ruminococcaceae; g__Paludicola	0.9620100741531494
f885f7b6d8cd2e663564d7e876d3fe95	d__Bacteria; p__Bacillota; c__Clostridia; o__Lachnospirales; f__Lachnospiraceae	0.999994300679868
f1cbc8c6c5b3d6196a74da88f711dcc3	d__Bacteria; p__Bacillota; c__Clostridia; o__Lachnospirales; f__Lachnospiraceae	0.9998873919966467
7edada08bef8f3271b694a9cf4716000	d__Bacteria; p__Bacteroidota; c__Bacteroidia	0.9951651495901513
8a1d2d95f070249473742af70506cdf8	d__Bacteria; p__Bacillota; c__Clostridia; o__Oscillospirales; f__Ruminococcaceae; g__Ruminococcus	0.8731908884237989
bc028214d8598d47904dcc212fe99ee5	d__Bacteria; p__Bacillota; c__Clostridia; o__Peptostreptococcales-Tissierellales; f__Peptostreptococcaceae; g__Romboutsia	0.9971002048693435
60ed3ad7a69022ddc89d3f4762206781	d__Bacteria; p__Bacillota; c__Clostridia; o__Lachnospirales; f__Lachnospiraceae; g__Enterocloster	0.9980009974961204
a2e5601c3ceb2b5af25d9a8ac596aad8	d__Bacteria; p__Bacillota; c__Clostridia; o__Oscillospirales; f__Oscillospiraceae; g__Colidextribacter	0.9326738912485115
73d692b06f9d426ecf34645653ee7f91	d__Bacteria; p__Bacillota; c__Clostridia; o__Lachnospirales; f__Lachnospiraceae; g__Lachnospira	0.999464305331679
08011ad8c9fff7a253deffc8817d4448	d__Bacteria; p__Bacillota; c__Clostridia	0.9781184103574649
d548d217264e852a9d2f2a6662ef3289	d__Bacteria; p__Bacillota; c__Clostridia; o__Lachnospirales; f__Lachnospiraceae; g__Lachnospiraceae_UCG-010	0.945351029489686
e9c73fbac5dd73dd5e3ada5664ae95fb	d__Bacteria; p__Bacillota; c__Clostridia; o__Lachnospirales; f__Lachnospiraceae	0.9999102686610251
df71ce75392ea4f40307bc00175b25a7	d__Bacteria; p__Bacillota; c__Clostridia; o__Lachnospirales; f__Lachnospiraceae	0.9999999873557318
eb5992d011913c9ccace6017c7847d89	d__Bacteria; p__Bacillota; c__Clostridia; o__Oscillospirales; f__UCG-010; g__Incertae_Sedis	0.999999268760118
d0358b50f26b3b3651d4d101485f0976	d__Bacteria; p__Bacillota; c__Clostridia; o__Oscillospirales; f__Oscillospiraceae; g__Ruminiclostridium	0.9091476312302754
82a1a4aba10e0dd5233f5503c7f88bc0	d__Bacteria; p__Bacillota; c__Clostridia; o__Clostridia_UCG-014; f__Incertae_Sedis; g__Incertae_Sedis	0.9999998856652533
05bceb8d7a2485ff6fc5e32dc944f190	d__Eukaryota; p__Incertae_Sedis; c__Incertae_Sedis; o__Incertae_Sedis; f__Incertae_Sedis; g__Blastocystis	0.9999427255928983
a704dd4374eee70050137d2bd0e588f6	d__Bacteria; p__Bacillota; c__Clostridia; o__Lachnospirales; f__Lachnospiraceae	0.9999986736814482
b2a131c899543b528d0c43d6b40ef23a	d__Bacteria; p__Bacillota; c__Clostridia; o__Lachnospirales; f__Lachnospiraceae; g__Lachnoclostridium	0.8116628915888477
a91aabc6f98b9c01a37cb5d8bd37ef81	d__Bacteria; p__Bacillota; c__Clostridia; o__Oscillospirales; f__Oscillospiraceae; g__UCG-007	0.9435873496433603
d60a0ea1f45c262d6854b534021e5e54	d__Bacteria; p__Bacteroidota; c__Bacteroidia; o__Bacteroidales; f__Barnesiellaceae; g__Barnesiella	0.999999994982872
8135557f0762c23a37fe8683016f97e1	d__Bacteria; p__Bacteroidota; c__Bacteroidia; o__Bacteroidales; f__Muribaculaceae; g__Incertae_Sedis	0.999983841449729
6a1776adb45bb400046b6606ea8821ab	d__Bacteria; p__Bacillota; c__Clostridia; o__Oscillospirales; f__Oscillospiraceae; g__UCG-005	0.9458417571720608
f7465e5ad1ef257ebb00af035c584fb0	d__Bacteria; p__Bacillota; c__Clostridia; o__Lachnospirales; f__Lachnospiraceae; g__Lachnospiraceae_UCG-004	0.9439502804744738
9394eec407745afeb6370fb2a0ee1a98	d__Bacteria; p__Cyanobacteriota; c__Cyanobacteriia; o__Chloroplast; f__Incertae_Sedis; g__Incertae_Sedis	0.9999999975784988
1bf05d12bfd387888facafd52c07a37b	d__Bacteria; p__Bacillota; c__Bacilli; o__Lactobacillales; f__Lactobacillaceae; g__Lactobacillus	0.9999922391415509
a8a8f3c448299e522a22370c40121021	d__Bacteria; p__Fusobacteriota; c__Fusobacteriia; o__Fusobacteriales; f__Fusobacteriaceae; g__Fusobacterium	0.9999999999884466
35a49c87b845f511a2e8efefb5af699a	d__Bacteria; p__Bacillota; c__Clostridia; o__Oscillospirales; f__Ruminococcaceae; g__Ruminococcus	0.959153280878365
7ccab5689f20aa21e23c9f04df415774	d__Bacteria; p__Bacillota; c__Clostridia; o__Oscillospirales; f__Oscillospiraceae; g__NK4A214_group	0.989594628221704
69ed49bfa20ec0d8d33384c2e2c5f6e2	d__Archaea; p__Thermoplasmatota; c__Thermoplasmata; o__Methanomassiliicoccales; f__Methanomassiliicoccaceae; g__Methanomassiliicoccus	0.999994591925472
04a2504462183fac88ba880d2744059b	d__Bacteria; p__Verrucomicrobiota; c__Verrucomicrobiia; o__Opitutales; f__Puniceicoccaceae; g__Incertae_Sedis	0.999929204416644
779150dcddeea202b069cb77e1a8de80	d__Bacteria; p__Bacillota; c__Negativicutes; o__Veillonellales-Selenomonadales; f__Veillonellaceae; g__Allisonella	0.99794738778665
4375a2cb9e48f5269e425b900ff46393	d__Bacteria; p__Bacillota; c__Clostridia; o__Lachnospirales; f__Lachnospiraceae	0.9999858863869371
89a4c49ac3c0c7c5725302ef581cc3ed	d__Bacteria; p__Bacillota; c__Clostridia	0.9999267330910807
fa6aacfaa894248eae0db0fa67161c63	d__Bacteria; p__Bacillota; c__Clostridia; o__Lachnospirales; f__Lachnospiraceae; g__Sellimonas	0.9969821883739816
6d0013cae9b331ee166821cb124dbca1	d__Bacteria; p__Bacillota; c__Clostridia; o__Oscillospirales; f__Ruminococcaceae; g__Candidatus_Soleaferrea	0.9927344706212988
1af0c505e44caaab1572d6c8c9dd5f6e	d__Bacteria; p__Bacillota; c__Clostridia; o__Peptococcales; f__Peptococcaceae; g__Incertae_Sedis	0.998830902946247
4ca02973e0fbae2dd76f387864e0d473	d__Bacteria; p__Bacillota; c__Clostridia; o__Oscillospirales; f__Ruminococcaceae; g__Negativibacillus	0.9999999362853649
ad137a6bbe54246091b32a9b3d908b73	d__Bacteria; p__Bacteroidota; c__Bacteroidia; o__Bacteroidales; f__Prevotellaceae; g__Incertae_Sedis	0.9999993112521919
e4f1783821d6099217decc0c5d4cb56f	d__Bacteria; p__Bacillota; c__Clostridia; o__Oscillospirales; f__Oscillospiraceae; g__Colidextribacter	0.7358214034519336
372f60f78b3018593f05a9a6c30275af	d__Bacteria; p__Bacillota; c__Clostridia; o__Oscillospirales; f__Ethanoligenenaceae; g__Acetanaerobacterium	0.9325501541348691
42019875482bfb1e4ef010ce0cc617b8	d__Bacteria; p__Bacillota; c__Bacilli; o__Erysipelotrichales; f__Erysipelotrichaceae	0.999999996682167
32d9ab84e859d48f487b790c58e98234	d__Bacteria; p__Bacillota; c__Clostridia; o__Christensenellales; f__Christensenellaceae; g__Christensenella	0.9999997416150755
1c94105978b1aa2095e3c0096774f240	d__Bacteria; p__Actinomycetota; c__Coriobacteriia; o__Coriobacteriales; f__Eggerthellaceae; g__Gordonibacter	0.999980520191149
d7130a2536c5b200a01662b82ff93d06	d__Bacteria; p__Bacillota; c__Clostridia; o__Lachnospirales; f__Lachnospiraceae; g__Extibacter	0.8728233065872397
7fe1eb115ef2f31c25cf9e927c3ce50e	d__Bacteria; p__Bacillota; c__Bacilli; o__Erysipelotrichales; f__Erysipelotrichaceae; g__Holdemanella	0.9999999999520952
26d78617adc73ca6ec31f8a1751be4b0	d__Bacteria; p__Bacteroidota; c__Bacteroidia; o__Bacteroidales; f__Marinifilaceae; g__Butyricimonas	0.999999997172992
59602966263a251d4cdfc40256319c80	d__Bacteria; p__Bacillota; c__Clostridia; o__Oscillospirales; f__Ruminococcaceae	0.9462609379255613
c097db640a5add77968cbfc7d25a2d1b	d__Bacteria; p__Cyanobacteriota; c__Vampirivibrionia; o__Gastranaerophilales; f__Gastranaerophilaceae; g__Zag_111	0.9993984652448509
eb2e1e44f9b4b0daf471bdb27e1713b0	d__Bacteria; p__Bacillota; c__Clostridia; o__Oscillospirales; f__Oscillospiraceae	0.9991868166749567
bb6ecae249ff2c7a413e6a7ca7a18b83	d__Bacteria; p__Fusobacteriota; c__Fusobacteriia; o__Fusobacteriales; f__Fusobacteriaceae; g__Fusobacterium	0.9816318167475832
fc75330156c336d420984e33c8f10e83	d__Bacteria; p__Bacillota; c__Clostridia; o__Christensenellales; f__Christensenellaceae; g__Incertae_Sedis	0.9998241977257881
a220d7daecd7de9a9560ac2a5a64e2a5	d__Bacteria; p__Bacillota; c__Negativicutes; o__Acidaminococcales; f__Acidaminococcaceae; g__Succiniclasticum	0.9999999997160955
35a8fcf8acf6bea827734c806da9f2c9	d__Bacteria; p__Bacillota; c__Clostridia; o__Oscillospirales; f__Butyricicoccaceae; g__Agathobaculum	0.9999986858181809
e9cb4549c1be393da1edc5182aaac259	d__Bacteria; p__Bacillota; c__Bacilli; o__Lactobacillales; f__Lactobacillaceae; g__Leuconostoc	0.9999999991995168
9127ecb3c6adc4df3df5c016fe379054	d__Bacteria; p__Bacillota; c__Clostridia; o__Monoglobales; f__Monoglobaceae; g__Monoglobus	0.9524484329213606
c394ed70b67348cd56ad91ea81af9a99	d__Bacteria; p__Bacillota; c__Clostridia; o__Clostridia_vadinBB60_group; f__Incertae_Sedis; g__Incertae_Sedis	0.7656029033099835
ebdc9a03f4918de205c1d1b4e451fb6b	d__Bacteria; p__Bacillota; c__Clostridia; o__Incertae_Sedis; f__Incertae_Sedis; g__Incertae_Sedis	0.8845936908819062
030f0f852a3582c13200d6a6bff46e70	d__Bacteria; p__Bacillota; c__Clostridia; o__Oscillospirales; f__Oscillospiraceae; g__Intestinimonas	0.8092649989514397
9155480c32369f1b332d417e1872449d	d__Bacteria; p__Bacillota; c__Clostridia; o__Oscillospirales; f__Incertae_Sedis; g__Incertae_Sedis	0.8755986362973545
2be9c150355093b1962aa7567edfa598	d__Bacteria; p__Bacillota; c__Negativicutes; o__Veillonellales-Selenomonadales; f__Selenomonadaceae	0.9978832562318316
f42cbd076eb68f89959ef6ed37604704	d__Bacteria; p__Bacillota; c__Clostridia; o__Christensenellales; f__Christensenellaceae; g__Incertae_Sedis	0.999794830766691
89a9fa0ffa0d49b3e4da41bf85477215	d__Bacteria; p__Bacillota; c__Clostridia; o__Lachnospirales; f__Lachnospiraceae; g__Anaerotignum	0.9999110682383575
eb355aa09804ffb6bba4fbb8c8a96af4	d__Bacteria; p__Bacillota; c__Clostridia; o__Lachnospirales; f__Defluviitaleaceae; g__Defluviitaleaceae_UCG-011	0.9999991125873423
eb4676997ef064251d606e943357da7c	d__Bacteria; p__Bacillota; c__Clostridia; o__Lachnospirales; f__Lachnospiraceae; g__Mediterraneibacter	0.9819079660729824
54ec093cb17a781a404bdfdad95c3c9b	d__Bacteria; p__Bacillota; c__Clostridia; o__Oscillospirales; f__UCG-010; g__Incertae_Sedis	0.9999652348088612
85787fe5ccb21fddf7dd039b1ea003a5	d__Bacteria; p__Bacteroidota; c__Bacteroidia; o__Bacteroidales; f__Bacteroidaceae; g__Bacteroides	0.9761391499069184
7693eab431ff977e8b3e9ba137b3c591	d__Bacteria; p__Bacillota; c__Incertae_Sedis; o__DTU014; f__Incertae_Sedis; g__Incertae_Sedis	0.8870174011948637
2f9bf6d5b4490843a0b1ea012a10723d	d__Bacteria; p__Bacillota; c__Bacilli; o__Bacillales; f__Bacillaceae; g__Geobacillus	0.9990931043853398
2a7b5c214e5db3aedfb09949b10560a6	d__Bacteria; p__Bacillota; c__Bacilli; o__RF39; f__Incertae_Sedis; g__Incertae_Sedis	0.9999999843981727
daf26cc340ea60dd6409d3d6a8117555	d__Bacteria; p__Bacillota; c__Clostridia; o__Christensenellales; f__Christensenellaceae; g__Christensenellaceae_R-7_group	0.9474181537270107
690754306aeed53ec9ffe767151681cb	d__Bacteria; p__Campylobacterota; c__Campylobacteria; o__Campylobacterales; f__Campylobacteraceae; g__Campylobacter	0.9999999999914877
07f5c71177fcd5ec2d4221d5f822824c	d__Bacteria; p__Actinomycetota; c__Coriobacteriia; o__Coriobacteriales; f__Atopobiaceae; g__Tractidigestivibacter	0.9999999317429792
3d8cbc0072c44e3874da2999d1475ea7	d__Bacteria; p__Bacillota; c__Clostridia; o__Peptostreptococcales-Tissierellales; f__Anaerovoracaceae; g__Family_XIII_AD3011_group	0.9925917813796696
b70f5882bd0a655535cc211bc74f4710	d__Bacteria; p__Bacillota; c__Clostridia; o__Oscillospirales; f__Ruminococcaceae; g__Ruminococcus	0.8791804970557923
f45195600a3b6d382c6e460811f1ac9d	d__Bacteria; p__Bacillota; c__Clostridia; o__Lachnospirales; f__Lachnospiraceae; g__Lactonifactor	0.7099769101530135
b660a54c76638df0bb98968ff42e3d8c	d__Bacteria; p__Bacteroidota; c__Bacteroidia; o__Bacteroidales; f__Tannerellaceae; g__Parabacteroides	0.9999501939289506
a898fafd80c4c90cdcde401ca2332e05	d__Bacteria; p__Bacillota; c__Clostridia; o__Lachnospirales; f__Lachnospiraceae; g__Lachnospiraceae_FCS020_group	0.7069450071629535
c5adecb440a6bac201ab573ccd2d6dda	d__Bacteria; p__Fusobacteriota; c__Fusobacteriia; o__Fusobacteriales; f__Fusobacteriaceae; g__Fusobacterium	0.9999999999711662
68db566a60ba7167b024b4c5032d9400	d__Bacteria; p__Actinomycetota; c__Actinobacteria; o__Actinomycetales; f__Actinomycetaceae; g__Actinomyces	0.9999988444863558
71d32936afbf6c7745a6083e7b09dff3	d__Bacteria; p__Bacillota; c__Clostridia; o__Oscillospirales; f__Ruminococcaceae; g__Acutalibacter	0.9459782892070151
faf838d4ccee7426f26c8f8d77d8a669	d__Bacteria; p__Bacillota; c__Clostridia; o__Oscillospirales; f__Ruminococcaceae	0.9982515796415417
71f77ac31723edd8edd7f968d193da48	d__Bacteria; p__Bacillota; c__Clostridia; o__Lachnospirales; f__Lachnospiraceae; g__Eisenbergiella	0.9407739250036142
ba6cea5b55cfaf5d1fe95a65f4128ff6	d__Bacteria; p__Bacillota; c__Clostridia; o__Lachnospirales; f__Lachnospiraceae	0.999992728535366
6aec5246e999efbc0cd2f45474ce27d4	d__Bacteria; p__Bacillota; c__Clostridia; o__Oscillospirales; f__UCG-010; g__Incertae_Sedis	0.9999969778256366
bcd589a53e2c67439e0188a694584d96	d__Bacteria; p__Bacillota; c__Clostridia; o__Oscillospirales; f__Oscillospiraceae; g__Colidextribacter	0.7290258637411856
84ec45906145e6059b0c82d19f37197d	d__Bacteria; p__Bacillota; c__Clostridia; o__Peptococcales; f__Peptococcaceae; g__Incertae_Sedis	0.9997914665266552
e78cb60fcb9cadfa0a32ba3ac4b2e95a	d__Bacteria; p__Bacillota; c__Clostridia; o__Oscillospirales; f__[Eubacterium]_coprostanoligenes_group; g__Incertae_Sedis	0.9999918452671006
73cf864eaa63c230b8e4bc887cbde74b	d__Bacteria; p__Bacillota; c__Clostridia; o__Oscillospirales; f__UCG-010; g__Incertae_Sedis	0.9999891818827211
9c9210d344e78f933f4aa6da483f6683	d__Bacteria; p__Verrucomicrobiota; c__Kiritimatiellia; o__WCHB1-41; f__Incertae_Sedis; g__Incertae_Sedis	0.9999996096278829
e91e1bdee06266ae48ebf996fe02bcc4	d__Bacteria; p__Bacillota; c__Clostridia; o__Lachnospirales; f__Lachnospiraceae; g__Enterocloster	0.9444966034476323
3e8cc8eb86b2716073d6094dca1ddd5f	d__Bacteria; p__Bacillota; c__Clostridia; o__Oscillospirales; f__UCG-010; g__Incertae_Sedis	0.9998992493940257
d2e926e563087653a1f0930b23be43cc	d__Bacteria; p__Bacteroidota; c__Bacteroidia; o__Bacteroidales; f__Muribaculaceae; g__Incertae_Sedis	0.999977800228964
9d425c2087c04865b97a64b595598e0f	d__Bacteria; p__Bacillota; c__Clostridia; o__Peptostreptococcales-Tissierellales; f__Anaerovoracaceae	0.9999999851088561
91c7f4e86715c1d1779f70dc69378a46	d__Bacteria; p__Bacillota; c__Clostridia; o__Lachnospirales; f__Lachnospiraceae	0.9999359109136022
c7d956ccd1b1f44d8832bf31bc2783f3	d__Bacteria; p__Bacillota; c__Clostridia; o__Lachnospirales; f__Lachnospiraceae; g__Mediterraneibacter	0.8099722735078582
0630073322e7b989df37b7ed7e4ff31d	d__Bacteria; p__Bacillota; c__Clostridia; o__Clostridiales; f__Clostridiaceae; g__Clostridium	0.996922865860655
db21049c67f51b432c6564b80fc0dca7	d__Bacteria; p__Bacillota; c__Clostridia; o__Lachnospirales; f__Lachnospiraceae	0.9999946299186573
17ec7d595d60ecc32169968f1927cf99	d__Bacteria; p__Bacillota; c__Clostridia; o__Oscillospirales; f__Ruminococcaceae	0.9991834050009294
4d9e31dc68d6d5c708f70143f73f54b7	d__Bacteria; p__Bacillota; c__Clostridia; o__Lachnospirales; f__Lachnospiraceae; g__Tyzzerella	0.9999956257821226
dff08780365dd7d2d5e651e0cd5466da	d__Bacteria; p__Synergistota; c__Synergistia; o__Synergistales; f__Synergistaceae; g__Cloacibacillus	0.9999959410658429
6700772469767941a3992c3e2c65c3bb	d__Bacteria; p__Bacteroidota; c__Bacteroidia; o__Bacteroidales; f__Rikenellaceae; g__Alistipes	0.9999995860161737
86c98ea884e894ba5799c32cea3b7765	d__Bacteria; p__Bacillota; c__Clostridia; o__Lachnospirales; f__Lachnospiraceae; g__Lachnoanaerobaculum	0.999999457554258
0af39d1c0f432e52d1696da85d65a5f7	d__Bacteria; p__Bacillota; c__Clostridia; o__Lachnospirales; f__Lachnospiraceae; g__Shuttleworthia	0.7658936885725075
97136f4a5b383c1cec38fe6122abaf31	d__Bacteria; p__Bacillota; c__Clostridia; o__Oscillospirales; f__UCG-010; g__Incertae_Sedis	0.9998553099889861
eb50bdf45e9944ca372b8c05fb7f2e19	d__Bacteria; p__Bacillota; c__Bacilli; o__RF39; f__Incertae_Sedis; g__Incertae_Sedis	0.9999999990903916
6e06c699c4ee4962eeb5ad2f110be655	d__Bacteria; p__Bacteroidota; c__Bacteroidia; o__Bacteroidales; f__Bacteroidaceae; g__Bacteroides	0.9999905444328444
491b3186afff56094c2dae4d6f963970	d__Bacteria; p__Bacillota; c__Clostridia; o__Oscillospirales; f__Ruminococcaceae; g__Hydrogenoanaerobacterium	0.9905825316555118
ca0454015cf48f0f23f2cd584c9d92a6	d__Bacteria; p__Bacillota; c__Negativicutes; o__Veillonellales-Selenomonadales; f__Selenomonadaceae; g__Incertae_Sedis	0.9815605826360868
1d567135f7dc7dd884fe9157642f9fa6	d__Bacteria; p__Bacillota; c__Bacilli; o__Izemoplasmatales; f__Incertae_Sedis; g__Incertae_Sedis	0.9999999948927041
1adc2c0419028d59c85745483b45532c	d__Bacteria; p__Bacillota; c__Clostridia; o__Christensenellales; f__Christensenellaceae; g__Christensenellaceae_R-7_group	0.9190302383931742
d6bc69828ae0ef27e99c01c9e7df86b0	d__Bacteria; p__Bacillota; c__Clostridia; o__Lachnospirales; f__Lachnospiraceae; g__Blautia	0.9873386946779189
765e60e27d4f224ec1808806317992eb	d__Bacteria; p__Bacteroidota; c__Bacteroidia; o__Bacteroidales; f__Rikenellaceae; g__Alistipes	0.9999987897833127
05b2ee3a2d03e9007c7d3d1aa551ea6a	d__Bacteria; p__Bacillota; c__Clostridia; o__Oscillospirales; f__Oscillospiraceae; g__Colidextribacter	0.9551342344193576
14aa10ddcec3edcbddbd40e45958a070	d__Bacteria; p__Bacillota; c__Clostridia; o__Lachnospirales; f__Lachnospiraceae	0.9999698158071704
5ce4f69abbfc2468d4dab0e3ab45bf8f	d__Bacteria; p__Bacteroidota; c__Bacteroidia; o__Bacteroidales; f__Muribaculaceae; g__Incertae_Sedis	0.9999982033299173
eaea5d7b84c08fdef5d8ab40f707e37e	d__Bacteria; p__Bacillota; c__Bacilli; o__Lactobacillales; f__Lactobacillaceae; g__Lactobacillus	0.9738662574026599
b2a108c6b1fac8fdd5195587a714c4c6	d__Bacteria; p__Bacillota; c__Clostridia; o__Lachnospirales; f__Lachnospiraceae; g__[Ruminococcus]_gnavus_group	0.9914557584423098
eba37c3bdf25f400eba6e53ccf728183	d__Bacteria; p__Bacillota; c__Clostridia; o__Lachnospirales; f__Lachnospiraceae; g__[Bacteroides]_pectinophilus_group	0.9999995386009813
3fe82a1a42c43eb2d7a34bdcd31c1577	d__Bacteria; p__Bacillota; c__Bacilli; o__RF39; f__Incertae_Sedis; g__Incertae_Sedis	0.9999999975914591
75dce56af2d7607b9d85650a316a39d4	d__Bacteria; p__Bacillota; c__Clostridia; o__Christensenellales; f__Christensenellaceae; g__Christensenellaceae_R-7_group	0.883766866674315
416d5e0700da50d4ecf45880da57b7f6	d__Bacteria; p__Bacillota; c__Clostridia; o__Oscillospirales; f__Ethanoligenenaceae; g__Acetanaerobacterium	0.9893330494916666
cc79dbfc8549e4370f3811242e6b66cb	d__Bacteria; p__Bacillota; c__Clostridia; o__Oscillospirales; f__Oscillospiraceae	0.9988812803442949
48a5082b3f6a9455068b9248592150fc	d__Bacteria; p__Actinomycetota; c__Coriobacteriia; o__Coriobacteriales; f__Eggerthellaceae; g__Gordonibacter	0.9999575162737943
41d305a4da14f79e3e1176cede90e556	d__Bacteria; p__Bacillota; c__Clostridia; o__Peptostreptococcales-Tissierellales; f__Anaerovoracaceae; g__Family_XIII_AD3011_group	0.8794866869812711
6f3d07f48b678fd0dd8c314539a17dba	d__Bacteria; p__Bacillota; c__Clostridia; o__Lachnospirales; f__Lachnospiraceae	0.9999922314747759
424613c7d3d2daf5c715d1356a972381	d__Bacteria; p__Bacillota; c__Clostridia; o__Peptostreptococcales-Tissierellales; f__Family_XI; g__Anaerococcus	0.9999999999829043
5b2ff5ba2a0d772cdfbebcd539e8519c	d__Bacteria; p__Bacillota; c__Clostridia; o__Oscillospirales; f__Ruminococcaceae	0.9983984589027592
86c1d625be65befeb0a4e20e47a46cec	d__Bacteria; p__Bacillota; c__Clostridia; o__Clostridia_vadinBB60_group; f__Incertae_Sedis; g__Incertae_Sedis	0.9999997094896425
85c3fdc2c9586df07581da1cd58264e4	d__Bacteria; p__Bacillota; c__Clostridia; o__Monoglobales; f__Monoglobaceae; g__Monoglobus	0.9999982945901611
88ec78fc4d9d9162c57fd4131170c97f	d__Bacteria; p__Bacillota; c__Bacilli; o__Lactobacillales; f__Lactobacillaceae	0.9999999997408271
8b4ad8d6a7730c2d6924cdc58ac98765	d__Bacteria; p__Bacillota; c__Clostridia; o__Lachnospirales; f__Lachnospiraceae	0.9999998253362465
6a33af52d1176d601420c2b81f6e2181	d__Bacteria; p__Bacillota; c__Clostridia; o__Lachnospirales; f__Lachnospiraceae	0.9995628294507078
b396d4c82ea873e3f0d38aa42059509f	d__Bacteria; p__Cyanobacteriota; c__Vampirivibrionia; o__Gastranaerophilales; f__Gastranaerophilaceae; g__Zag_111	0.9984981956856587
c5c8411df6c67816edc2355223e057da	d__Bacteria; p__Bacillota; c__Clostridia; o__Oscillospirales; f__Ruminococcaceae	0.995180350537559
2a64085f651ac1bdc304ae5e2f44569f	d__Bacteria; p__Pseudomonadota; c__Alphaproteobacteria; o__Acetobacterales; f__Acetobacteraceae	0.9999999993770887
c8ae16a39fbfa227aadd2e6d5a63da7e	d__Bacteria; p__Bacillota; c__Clostridia; o__Peptostreptococcales-Tissierellales; f__Peptostreptococcaceae; g__Paeniclostridium	0.9838553816575056
447ee7f88cea9fcd1b127ab7fdaf6d47	d__Bacteria; p__Fusobacteriota; c__Fusobacteriia; o__Fusobacteriales; f__Fusobacteriaceae; g__Fusobacterium	0.9999999999961773
a7afea19e18742d1f98968e526a4d848	d__Bacteria; p__Bacillota; c__Clostridia; o__Oscillospirales; f__Ruminococcaceae	0.9999999988921411
d7b261e967cb56e94d0c71466583c2eb	d__Bacteria; p__Bacteroidota; c__Bacteroidia; o__Bacteroidales; f__Tannerellaceae; g__Parabacteroides	0.9999999608439233
82b92d7bdaa0d4ed90f869f14acf5088	d__Bacteria; p__Actinomycetota; c__Actinobacteria; o__Micrococcales; f__Micrococcaceae; g__Rothia	0.9999809518733421
38654e63e3a22c661daa14dde813710b	d__Bacteria; p__Verrucomicrobiota; c__Lentisphaeria; o__Victivallales; f__vadinBE97; g__Incertae_Sedis	0.999999998656179
fad083926a3ee4a61302bf4336a15a53	d__Bacteria; p__Pseudomonadota; c__Gammaproteobacteria; o__Burkholderiales; f__Comamonadaceae; g__Caldimonas	0.9927455959010383
59ed21958534fada11a0f069d209d1eb	d__Bacteria; p__Bacillota; c__Bacilli; o__Erysipelotrichales; f__Erysipelotrichaceae; g__Dielma	0.9998115237554954
34367c3a22dc2d87facd08c40013949e	d__Bacteria; p__Bacillota; c__Clostridia; o__Lachnospirales; f__Lachnospiraceae; g__Enterocloster	0.7379655293287238
0a2968483dec2a0cf2ac1c83866d3701	d__Bacteria; p__Bacillota; c__Clostridia; o__Lachnospirales; f__Lachnospiraceae; g__Mediterraneibacter	0.8732118664566674
b381f6129073e29326f339c26877c920	d__Bacteria; p__Bacillota; c__Clostridia; o__Oscillospirales; f__Oscillospiraceae	0.9997214269931559
84b3bfb9b9d10a8a4d1a6f9102cf6a1c	d__Bacteria; p__Bacillota; c__Clostridia; o__Lachnospirales; f__Defluviitaleaceae; g__Defluviitaleaceae_UCG-011	0.9999926596509108
9a9a64143d4a78d32446a2e93c3da785	d__Bacteria; p__Bacillota; c__Clostridia; o__Peptococcales; f__Peptococcaceae; g__Peptococcus	0.9841234311893263
d771b8f407678ab9b5cd7f48cb6d4c70	d__Bacteria; p__Bacillota; c__Clostridia; o__Oscillospirales; f__Oscillospiraceae; g__Colidextribacter	0.7158347994981725
275fbbe0d323941bf2a71979cd2b9d0b	d__Bacteria; p__Bacillota; c__Clostridia; o__Christensenellales; f__Christensenellaceae; g__Christensenellaceae_R-7_group	0.8422345826758808
ded95a38249296507b8b0cf2a168a1f4	d__Bacteria; p__Bacteroidota; c__Bacteroidia; o__Bacteroidales; f__Barnesiellaceae; g__Coprobacter	0.9999999999962057
262ed081923e09f6022661f0d4dd461e	d__Bacteria; p__Bacillota; c__Clostridia; o__Lachnospirales; f__Lachnospiraceae	0.9997633277705835
10a9a0887483597b71cffa08dcda40de	d__Bacteria; p__Pseudomonadota; c__Gammaproteobacteria; o__Enterobacterales; f__Pasteurellaceae	0.9999999999935145
7828334d4d839d77949da166b9e70326	d__Bacteria; p__Bacillota; c__Clostridia; o__Oscillospirales; f__Ruminococcaceae; g__Incertae_Sedis	0.8925034365430291
3a72f2abca3e85ba352067b5cd06c1a1	d__Bacteria; p__Actinomycetota; c__Coriobacteriia; o__Coriobacteriales; f__Eggerthellaceae; g__Berryella	0.772846176611185
2d71b50392a382395aac9661d986f04a	d__Bacteria; p__Bacillota; c__Clostridia; o__Oscillospirales; f__Oscillospiraceae; g__UCG-005	0.8138299968611578
f5dd3f079f8866010ff9e1ce86dea070	d__Bacteria; p__Bacillota; c__Clostridia; o__Lachnospirales; f__Lachnospiraceae; g__Lachnospiraceae_UCG-004	0.9946103451494385
da7b8d5af93f65aa287475cc80b9939d	d__Bacteria; p__Bacillota; c__Clostridia; o__Clostridia_vadinBB60_group; f__Incertae_Sedis; g__Incertae_Sedis	0.7513254555404226
1425bb0f3c972c3fceeda33de316fd71	d__Bacteria; p__Bacillota; c__Clostridia; o__Oscillospirales; f__Ruminococcaceae	0.9196608398068216
41cc8ae817952c6e4f65a739afa9edf8	d__Bacteria; p__Bacillota; c__Clostridia; o__Lachnospirales; f__Lachnospiraceae	0.9999790308230281
6bdd4dbfc257b963adc1fc46116fc2b4	d__Bacteria; p__Bacillota; c__Clostridia; o__Oscillospirales; f__Ruminococcaceae	0.9956235964408775
d986f618389b27c03aec5325e7e528a7	d__Bacteria; p__Bacillota; c__Clostridia; o__Oscillospirales; f__Oscillospiraceae; g__UCG-005	0.9991121498878146
8a67508d569c888f9eedd0a8c76311fb	d__Bacteria; p__Bacillota; c__Clostridia; o__Clostridia_vadinBB60_group; f__Incertae_Sedis; g__Incertae_Sedis	0.9977617429661142
24af5e8dc9971c2edad775e504a647dc	d__Bacteria; p__Pseudomonadota; c__Gammaproteobacteria; o__Enterobacterales; f__Vibrionaceae	0.9999986803623715
2f18d1b9c424a625ad7a8e7ee5675736	d__Bacteria; p__Bacillota; c__Clostridia; o__Oscillospirales; f__Ruminococcaceae; g__Acutalibacter	0.9564095201238876
8c99ca4cfdab3be730f45fc4d1fa689b	d__Bacteria; p__Bacillota; c__Clostridia; o__Oscillospirales; f__UCG-010; g__Incertae_Sedis	0.9997387946872327
28c5a40826d2df869a8fd3b6fdf047f6	d__Bacteria; p__Bacillota; c__Bacilli; o__RF39; f__Incertae_Sedis; g__Incertae_Sedis	0.9999999945639217
dda8ad5622df27b59e092da926b3b33f	d__Bacteria; p__Bacillota; c__Clostridia; o__Oscillospirales; f__Oscillospiraceae; g__Ruminiclostridium	0.8693797281753162
38eea434b6cbc60aeaa46ab7bcdc4fa3	d__Bacteria; p__Bacillota; c__Clostridia	0.973646070676825
14ceb50dffe9fa1ad31b5d83e24961cb	d__Bacteria; p__Bacillota; c__Clostridia; o__Oscillospirales; f__Oscillospiraceae; g__UCG-005	0.987531686860725
aff3bdf594a6ef652d8c84219e53fb1c	d__Bacteria; p__Bacillota; c__Clostridia; o__Oscillospirales; f__Ruminococcaceae; g__Faecalibacterium	0.8286325984969721
8b552242692b7a00da051e30e79b98ca	d__Bacteria; p__Bacillota; c__Bacilli; o__Bacillales; f__Bacillaceae; g__Parageobacillus	0.7647062663423306
662bb30dbe651a2d8b1e9d2e4d2f33d8	d__Bacteria; p__Bacillota; c__Clostridia; o__Oscillospirales; f__Oscillospiraceae	0.9999568370188684
c7caf74c28a89988e62900db338a0708	d__Bacteria; p__Bacillota; c__Bacilli; o__Erysipelotrichales; f__Erysipelotrichaceae; g__Absiella	0.9999998444609425
0d31738f736f76e24c84f379d86a7c95	d__Bacteria; p__Bacillota; c__Clostridia; o__Oscillospirales; f__[Eubacterium]_coprostanoligenes_group; g__Incertae_Sedis	0.9999770092704497
3fe1deefee3186d6a511264732516f8b	d__Bacteria; p__Bacillota; c__Clostridia; o__Lachnospirales; f__Lachnospiraceae; g__Blautia	0.833520028524932
483eee5094eecacaf07c5ec501070e22	d__Bacteria; p__Bacillota; c__Clostridia; o__Lachnospirales; f__Lachnospiraceae	0.9999679895522607
df0e7df869db4714265c73b50d0bddb0	d__Bacteria; p__Bacillota; c__Clostridia; o__Lachnospirales; f__Lachnospiraceae; g__Sellimonas	0.98014716915418
23fc74b15cd026a3f16603568d04f055	d__Bacteria; p__Bacillota; c__Clostridia; o__Oscillospirales; f__Oscillospiraceae	0.9919277226096012
0374d69a06fe46ad16ded615ae85090d	d__Bacteria; p__Pseudomonadota; c__Gammaproteobacteria; o__Burkholderiales; f__Burkholderiaceae; g__Ralstonia	0.9984004207366352
6d67c2ec6eb80a4b71dd30c36020bbfc	d__Bacteria; p__Bacillota; c__Clostridia; o__Oscillospirales; f__Oscillospiraceae	0.7121619705495594
2737308c23a60f5a30f048da3dada8bc	d__Bacteria; p__Actinomycetota; c__Actinobacteria; o__Mycobacteriales; f__Corynebacteriaceae; g__Corynebacterium	0.9999640706023222
8a127f8ea7a230cdbbaab502bc4853d4	d__Bacteria; p__Bacillota; c__Clostridia; o__Lachnospirales; f__Lachnospiraceae	0.9999994747039587
1a85692691701ad327d6b470168cd3fe	d__Bacteria; p__Bacillota; c__Clostridia; o__Lachnospirales; f__Lachnospiraceae	0.9999925316692264
4186df6f802c66c862aad042ce0ba80a	d__Bacteria; p__Bacillota; c__Clostridia; o__Lachnospirales; f__Lachnospiraceae; g__Faecalimonas	0.7326215761171259
6eb5bfb715b7dfcd5c86b9a21dbb1217	d__Bacteria; p__Bacillota; c__Clostridia; o__Oscillospirales; f__Ruminococcaceae; g__Acutalibacter	0.9991992414410402
cd2bf426efcd6176509879bc14bc7ab0	d__Bacteria; p__Bacillota; c__Clostridia; o__Peptococcales; f__Peptococcaceae; g__Incertae_Sedis	0.9999812572781233
9d413f81d2363e82fae708d0d115c628	d__Bacteria; p__Bacillota; c__Clostridia; o__Oscillospirales; f__UCG-010; g__Incertae_Sedis	0.986638250871642
3667ef5ebf4d3116cc845638c28f1a3c	d__Bacteria; p__Bacillota; c__Clostridia; o__Christensenellales; f__Christensenellaceae	0.9553752865004497
0c336b876b379dc729ffcc2a1340f670	d__Bacteria; p__Bacillota; c__Bacilli; o__Lactobacillales; f__Lactobacillaceae; g__Lactobacillus	0.9999985829034252
2692cbedde980fad3c9297970456c584	d__Bacteria; p__Bacillota; c__Clostridia; o__Oscillospirales; f__Oscillospiraceae; g__Incertae_Sedis	0.892708999708661
5f52813d7ad651e41a9aaa134d3a255c	d__Bacteria; p__Bacillota; c__Bacilli; o__Erysipelotrichales; f__Erysipelatoclostridiaceae; g__UCG-004	0.9999961607253683
65ba44626ac1859d8445597eff76b66c	d__Bacteria; p__Bacillota; c__Clostridia; o__Oscillospirales; f__UCG-011; g__Incertae_Sedis	0.7596191941620677
e8f2d4c3673e942e354956918801d28b	d__Bacteria; p__Bacillota; c__Clostridia; o__Oscillospirales; f__UCG-010; g__Incertae_Sedis	0.9956808320730809
4762cf7ec7c41cd9e42349a7e2966a10	d__Bacteria; p__Bacillota; c__Clostridia; o__Peptostreptococcales-Tissierellales; f__Anaerovoracaceae; g__Incertae_Sedis	0.9833227182880885
f6400e6c5e31c0baac2f1fa22eea1575	d__Bacteria; p__Bacillota; c__Clostridia; o__Lachnospirales; f__Lachnospiraceae; g__CHKCI001	0.9943049974060411
837731f141633cd0f557ff2feffb07e0	d__Bacteria; p__Bacillota; c__Clostridia; o__Lachnospirales; f__Lachnospiraceae; g__Anaerostipes	0.9999979322950371
855578384664954cc330d69a9b00a33f	d__Bacteria; p__Bacillota; c__Clostridia; o__Lachnospirales; f__Lachnospiraceae; g__Lachnospiraceae_NK4A136_group	0.8216974310996924
6370c2e988068810ef318e600e98e49f	d__Bacteria; p__Bacillota; c__Clostridia; o__Clostridia_UCG-014; f__Incertae_Sedis; g__Incertae_Sedis	0.9999999980300487
16eac3a6007314de9b833ca43bce90d1	d__Bacteria; p__Bacillota; c__Clostridia; o__Oscillospirales; f__Oscillospiraceae; g__Oscillibacter	0.9997759586905216
c29b6de7430636acc8d4a902bbb50792	d__Bacteria; p__Bacillota; c__Clostridia; o__Oscillospirales; f__Ruminococcaceae; g__Hydrogenoanaerobacterium	0.7866906610198363
a86ed8d6a41bc3db100332f07389fb5a	d__Bacteria; p__Bacteroidota; c__Bacteroidia	0.8508240988611419
9ce0a7a1f79d1ad9045da7eb37a9718b	d__Bacteria; p__Bacillota; c__Clostridia; o__Monoglobales; f__Monoglobaceae; g__Monoglobus	0.9925040019595684
8ff141569b4199dd1a10ef43667b7d0b	d__Bacteria; p__Bacillota; c__Clostridia; o__Oscillospirales; f__Oscillospiraceae; g__Flavonifractor	0.9576688816265062
79d6827f4edaeafe843fc4f55072fa3b	d__Bacteria; p__Bacillota; c__Clostridia; o__Oscillospirales; f__Oscillospiraceae; g__Intestinimonas	0.7324196175037736
f9428f28b6f069c83c7d4af9386157f1	d__Bacteria; p__Bacillota; c__Clostridia; o__Oscillospirales	0.9911908342929038
a1528e468c9dbda3a9d5a08cd21ea8da	d__Bacteria; p__Bacillota; c__Clostridia; o__Christensenellales; f__Christensenellaceae; g__Christensenellaceae_R-7_group	0.9646336498180693
97f2dc759ac2f32682160ab9daf0e60d	d__Bacteria; p__Bacillota; c__Clostridia; o__Oscillospirales; f__Ruminococcaceae	0.9870320701690161
e40e5f194fac8de8a249786a6a3e08fa	d__Bacteria; p__Actinomycetota; c__Coriobacteriia; o__Coriobacteriales; f__Eggerthellaceae; g__Asaccharobacter	0.8561255783238713
d107446fa3272cf09b3df72cb02993a3	d__Bacteria; p__Bacillota; c__Clostridia; o__Peptostreptococcales-Tissierellales; f__Family_XI; g__Peptoniphilus	0.9999841874431252
0ae56550f6ba380121c509a3db1bcb2c	d__Bacteria; p__Bacillota; c__Clostridia; o__Oscillospirales; f__Ruminococcaceae; g__Hydrogenoanaerobacterium	0.9994642747362058
136dd8ad5273567aa900a6cb77730b71	d__Bacteria; p__Bacillota; c__Clostridia; o__Eubacteriales; f__Anaerofustaceae; g__Anaerofustis	0.9999999954101213
510f6fbe9dc6277103f95f5687f1f47a	d__Bacteria; p__Bacillota; c__Clostridia; o__Peptostreptococcales-Tissierellales; f__Anaerovoracaceae; g__[Eubacterium]_brachy_group	0.9997676526940341
0bcbb5384c8d8dd74ec8faacd796aa4a	d__Bacteria; p__Bacillota; c__Clostridia; o__Oscillospirales; f__[Eubacterium]_coprostanoligenes_group; g__Incertae_Sedis	0.9997742978710946
3e6f34af20cfac029e9995ba784b38dd	d__Bacteria; p__Cyanobacteriota; c__Vampirivibrionia; o__Gastranaerophilales; f__Gastranaerophilaceae; g__Zag_111	0.9999988362943476
8270d26da35f123786b98d4c3b1b0bd9	d__Bacteria; p__Bacillota; c__Clostridia; o__Lachnospirales; f__Lachnospiraceae; g__Lachnospiraceae_UCG-004	0.9545453838925684
214ada9a9209966b58fc655af71c2dbb	d__Bacteria; p__Bacillota; c__Clostridia; o__Lachnospirales; f__Lachnospiraceae	0.9999998819348701
bbb94935ca91302a304524bdf85a2548	d__Bacteria; p__Bacillota; c__Clostridia; o__Lachnospirales; f__Lachnospiraceae	0.999997529127062
e376fec9da06e588813b44c3548cd563	d__Bacteria; p__Bacillota; c__Clostridia; o__Lachnospirales; f__Lachnospiraceae	0.9999992334134178
c33847856f53e09ff9e91e24e9307ed1	d__Bacteria; p__Bacillota; c__Clostridia; o__Oscillospirales; f__Ruminococcaceae; g__Candidatus_Soleaferrea	0.971908232330775
71b81a348625911cd139c0d6f21b5e3c	d__Bacteria; p__Bacillota; c__Clostridia; o__Clostridia_vadinBB60_group; f__Incertae_Sedis; g__Incertae_Sedis	0.9989677952475038
e934683ea38718cc674e8c7f2694cf1b	d__Bacteria; p__Bacillota; c__Clostridia; o__Peptostreptococcales-Tissierellales; f__Anaerovoracaceae; g__Family_XIII_AD3011_group	0.7504464040718382
a0b89cbc716f27ef61fa618ecf78fc0d	d__Bacteria; p__Bacillota; c__Negativicutes; o__Acidaminococcales; f__Acidaminococcaceae; g__Phascolarctobacterium	0.9999995670257191
4e256bf10b088bc60abc23b16a25b5e9	d__Bacteria; p__Bacillota; c__Clostridia; o__Lachnospirales; f__Lachnospiraceae	0.9993364164527312
6800173fc42c1af3ce6edea1582b8696	d__Bacteria; p__Bacillota; c__Clostridia; o__Lachnospirales; f__Lachnospiraceae; g__Mediterraneibacter	0.9387285408523695
64d1673982bddcc9dfb0db2ada3277ed	d__Bacteria; p__Bacillota; c__Clostridia; o__Lachnospirales; f__Lachnospiraceae; g__Lachnospiraceae_UCG-004	0.9983689858532266
a83aa64b8e83f128677c4a5f0f074ca8	d__Bacteria; p__Bacillota; c__Bacilli; o__Lactobacillales; f__Streptococcaceae; g__Streptococcus	0.9999994602094979
0b6fa9349db45327b285b1542fa044be	d__Bacteria; p__Bacillota; c__Bacilli; o__Lactobacillales; f__Lactobacillaceae; g__Limosilactobacillus	0.7492088297510403
b5903d1ec2f39361106ff79d4ea8ce5f	d__Bacteria; p__Bacillota; c__Bacilli; o__RF39; f__Incertae_Sedis; g__Incertae_Sedis	0.9999999952068777
3f73d89808e27af71c87aadf3a0b63d0	d__Bacteria; p__Bacillota; c__Clostridia; o__Oscillospirales; f__Ruminococcaceae; g__Acutalibacter	0.9971546187742627
b2aaf0d0ab53f285a4e661c9686c2ab8	d__Bacteria; p__Bacillota; c__Clostridia; o__Oscillospirales; f__Oscillospiraceae; g__Oscillibacter	0.9695917639917346
29568b810d7a4e985424b9037aaeab9e	d__Bacteria; p__Bacillota; c__Clostridia; o__Lachnospirales; f__Lachnospiraceae; g__CHKCI001	0.9841386862091954
ac418734c2ed0aad30a45b8c116d28e6	d__Bacteria; p__Bacillota; c__Clostridia; o__Lachnospirales; f__Lachnospiraceae	0.99999796000205
08a1598eb1ea4dca23db1135552cd5a7	d__Bacteria; p__Cyanobacteriota; c__Cyanobacteriia; o__Chloroplast; f__Incertae_Sedis; g__Incertae_Sedis	0.9999999975360083
090652a77da96a93718becb2bf5d8228	d__Bacteria; p__Bacillota; c__Bacilli; o__Erysipelotrichales; f__Erysipelotrichaceae; g__Holdemania	0.9999937306258734
a4872706f70d5c9a4bffac77cf235231	d__Bacteria; p__Bacillota; c__Clostridia; o__Oscillospirales; f__Oscillospiraceae	0.9931455302411931
a03c62f26f97754e78c19010b46ae0a5	d__Bacteria; p__Bacillota; c__Clostridia; o__Oscillospirales; f__Oscillospiraceae	0.9978610435174473
2a8a731d3d91ae149dff8d46a41e1618	d__Bacteria; p__Bacillota; c__Clostridia; o__Oscillospirales; f__Ruminococcaceae; g__Candidatus_Soleaferrea	0.9994555010127866
22127d7a776ccab1370486237c0bfe12	d__Bacteria; p__Bacillota; c__Clostridia; o__Oscillospirales; f__Butyricicoccaceae; g__UCG-009	0.9991070206549773
85a6f592e3022df84edc9d5de2cc1d50	d__Bacteria; p__Bacillota; c__Clostridia; o__Oscillospirales; f__Ruminococcaceae; g__Faecalibacterium	0.9641315584648111
97e8d76f933fd4f173a810acf385a9a9	d__Bacteria; p__Bacillota; c__Bacilli; o__Lactobacillales; f__Lactobacillaceae; g__Leuconostoc	0.9999999999056541
3c39aa8022cff36f842f25ae4efdf9a3	d__Bacteria; p__Bacillota; c__Clostridia; o__Peptococcales; f__Peptococcaceae; g__Incertae_Sedis	0.9999946730259583
ceb9cfb68bee9c1ff9c373b290c2611e	d__Bacteria; p__Bacillota; c__Clostridia; o__Oscillospirales; f__Ruminococcaceae	0.9999901030091505
6a45fb952d4f9c2216a286f84ff16b7a	d__Bacteria; p__Bacillota; c__Clostridia; o__Oscillospirales; f__Ruminococcaceae	0.937171607280863
000b26d29488ec8fcc4e36dc3187021b	d__Bacteria; p__Bacillota; c__Clostridia; o__Oscillospirales; f__Ruminococcaceae; g__Anaerofilum	0.9999958522650062
43038a3c3c36e70be41db32cceab1216	d__Bacteria; p__Bacillota; c__Bacilli; o__Paenibacillales; f__Paenibacillaceae; g__Paenibacillus	0.9999315356971916
83869bc5503fb7a00f395297a94b8e97	d__Bacteria; p__Bacillota; c__Clostridia; o__Incertae_Sedis; f__Incertae_Sedis; g__Incertae_Sedis	0.757840537095345
7eb4482d1fa75c19aee34b2de5f6b2be	d__Bacteria; p__Bacillota; c__Clostridia; o__Oscillospirales; f__Oscillospiraceae	0.918197317445334
a9c83d92789c4ad5e82376483637bf6a	d__Bacteria; p__Bacillota; c__Clostridia; o__Oscillospirales; f__Ruminococcaceae; g__Incertae_Sedis	0.9796126595570066
672e968ab1043a330dfa9a945490bcc6	d__Bacteria; p__Bacillota; c__Clostridia; o__Lachnospirales; f__Lachnospiraceae; g__Eisenbergiella	0.9970117464820253
cac55aa795998014361e14836ddae2bc	d__Bacteria; p__Bacillota; c__Clostridia; o__Oscillospirales; f__Oscillospiraceae; g__Colidextribacter	0.90327056120108
3655a0f6e79c6719e0cbd4d45cea0a97	d__Bacteria; p__Actinomycetota; c__Coriobacteriia; o__Coriobacteriales; f__Atopobiaceae; g__Parolsenella	0.9999999991977973
9976169865868de337ecc079002b0dc8	d__Bacteria; p__Bacillota; c__Clostridia; o__Oscillospirales; f__Oscillospiraceae	0.9999438988268715
5b5d98b4d98452663ed54b02e54381cd	d__Bacteria; p__Bacillota; c__Clostridia; o__Oscillospirales; f__Oscillospiraceae; g__Colidextribacter	0.9904292888140652
73616b84ffe4d98c9fe8e5092ac50f89	d__Bacteria; p__Bacteroidota; c__Bacteroidia; o__Bacteroidales; f__Prevotellaceae; g__Leyella	0.9999923753968067
ed7a767b5c636310d62d120f2add8934	d__Bacteria; p__Bacteroidota; c__Bacteroidia; o__Bacteroidales; f__Muribaculaceae; g__Incertae_Sedis	0.9999879503620632
2f04ef8af6a79e9c7f8a0df5ac1f3575	d__Bacteria; p__Bacillota; c__Clostridia; o__Lachnospirales; f__Lachnospiraceae; g__Tyzzerella	0.9999755771612363
35490fc3f1df00616b36406ee1c5e413	d__Bacteria; p__Bacillota; c__Clostridia; o__Lachnospirales; f__Lachnospiraceae; g__Lachnoclostridium	0.8944876182790945
6acff346c844355a864e97745f270a71	d__Bacteria; p__Bacillota; c__Clostridia; o__Oscillospirales; f__Ruminococcaceae	0.991234137401842
8d129be36bda999df5aab1045cbca909	d__Bacteria; p__Bacillota; c__Clostridia; o__Oscillospirales; f__Ruminococcaceae; g__Incertae_Sedis	0.9371209111165727
eb76b395215c22c667832d735f45d7f0	d__Bacteria; p__Bacteroidota; c__Bacteroidia; o__Bacteroidales; f__Prevotellaceae; g__Hoylesella	0.999982381937389
169572881d1215094a9863aaca32a2b1	d__Bacteria; p__Bacillota; c__Clostridia; o__Oscillospirales; f__Oscillospiraceae	0.9928804115803006
6b6a7a14ebf4842dbb156a6a7f50d661	d__Bacteria; p__Bacteroidota; c__Bacteroidia; o__Bacteroidales; f__Muribaculaceae; g__Incertae_Sedis	0.9999991799428708
138165ba5377328baade37806c9a49b2	d__Bacteria; p__Thermodesulfobacteriota; c__Desulfovibrionia; o__Desulfovibrionales; f__Desulfovibrionaceae; g__Desulfovibrio	0.9999042906478801
0e704ca1483262b7adb6d13e3bdfc1ee	d__Bacteria; p__Bacillota; c__Clostridia; o__Lachnospirales; f__Lachnospiraceae	0.9999970513160663
d20789434f7209284dec11656c4baba2	d__Bacteria; p__Bacillota; c__Clostridia; o__Oscillospirales; f__Oscillospiraceae; g__Flavonifractor	0.9995868902260848
9ad9ae0965064d37e0b4edb9d7f8774a	d__Bacteria; p__Bacillota; c__Clostridia; o__Lachnospirales; f__Lachnospiraceae	0.9999983602500443
fc0fcf3d67de5ae4f247cddcb3716384	d__Bacteria; p__Bacillota; c__Clostridia; o__Lachnospirales; f__Lachnospiraceae	0.9999971012258303
ec1ba68b5b991bb1794bc6bb09a9b999	d__Bacteria; p__Bacillota; c__Clostridia; o__Lachnospirales; f__Lachnospiraceae	0.9999844198505125
140f7c3e4408a3c212714b69b8c3bf08	d__Bacteria; p__Bacillota; c__Bacilli; o__Lactobacillales; f__Streptococcaceae; g__Streptococcus	0.999962442576758
44416843b3b613c31885d9ed044c7e67	d__Bacteria; p__Bacillota; c__Clostridia; o__Peptostreptococcales-Tissierellales; f__Family_XI; g__Sporanaerobacter	0.9546869117626726
1e6aa68b2525267ac979411d27f54a74	d__Bacteria; p__Bacillota; c__Clostridia; o__Lachnospirales; f__Lachnospiraceae	0.99981155972786
3dcab4f793d02cf3579ab096b2fa70fb	d__Bacteria; p__Bacillota; c__Clostridia; o__Oscillospirales; f__Oscillospiraceae; g__Incertae_Sedis	0.7427001077240077
0ba7d65175d46e9b69d716bbcbe9ce13	d__Bacteria; p__Bacillota; c__Clostridia; o__Lachnospirales; f__Lachnospiraceae	0.9999962303333383
0c5c4d2e136d749fb22cd699ba44f9f3	d__Bacteria; p__Bacillota; c__Clostridia; o__Oscillospirales	0.812354448490034
062765c2c058aba3e7b5f1fee1e92165	d__Bacteria; p__Bacillota; c__Clostridia; o__Christensenellales; f__Christensenellaceae; g__Christensenella	0.9999902564170545
97173fc2da14e9f24fcaca8a9d27b575	d__Bacteria; p__Bacillota; c__Clostridia; o__Oscillospirales; f__Butyricicoccaceae; g__UCG-009	0.9996679657969335
900add3cced8b0263112a0cee2a338c1	d__Bacteria; p__Bacillota; c__Clostridia; o__Oscillospirales; f__Ruminococcaceae	0.9989750910885455
9fc2e6bf9d6bc1b189ba40710302dd16	d__Bacteria; p__Bacillota; c__Clostridia; o__Oscillospirales; f__Oscillospiraceae; g__V9D2013_group	0.7769309368139564
c7252174b34bb4147e47bb6ca64771d9	d__Bacteria; p__Bacillota; c__Clostridia; o__Lachnospirales; f__Lachnospiraceae	0.9999931770837064
74b7dc5aa537fcaf4d0046dc7715b9bf	d__Bacteria; p__Pseudomonadota; c__Gammaproteobacteria; o__Lysobacterales; f__Lysobacteraceae	0.9999976292011903
a6469841f9490c4ea6326ce26a76a8ed	d__Bacteria; p__Bacillota; c__Clostridia; o__Oscillospirales; f__Oscillospiraceae; g__UCG-007	0.8142921177329092
ffab668a42ae37a05cc014d13e9958a5	d__Bacteria; p__Bacillota; c__Clostridia	0.9719283730957327
77100d879a476755ffc754e8f9257901	d__Bacteria; p__Actinomycetota; c__Coriobacteriia; o__Coriobacteriales; f__Coriobacteriales_Incertae_Sedis; g__Incertae_Sedis	0.9999999912006388
08a62d972f6bf2ca4dd9291bc2cc9f63	d__Bacteria; p__Bacillota; c__Bacilli; o__Lactobacillales; f__Streptococcaceae; g__Lactococcus	0.9993337582564555
90dd37137cfac54abcaebc7048fe77c9	d__Bacteria; p__Bacillota; c__Clostridia; o__Christensenellales; f__Christensenellaceae; g__Christensenellaceae_R-7_group	0.8262790402643653
f79e6cfe675543a42443c4428fa484c8	d__Bacteria; p__Deinococcota; c__Deinococci; o__Thermales; f__Thermaceae; g__Allomeiothermus	0.9999999999816254
cdd2af34702c62618a9427bcd14c876b	d__Bacteria; p__Thermodesulfobacteriota; c__Desulfovibrionia; o__Desulfovibrionales; f__Desulfovibrionaceae; g__Bilophila	0.9996880657904704
d6aed24bf1c3400fb63db53792f1d411	d__Bacteria; p__Bacillota; c__Clostridia; o__Lachnospirales; f__Lachnospiraceae	0.999997264430206
072e34a84d91434872c86621fbbbb533	d__Bacteria; p__Bacillota; c__Clostridia; o__Oscillospirales	0.9999634369580905
f5eeebc67e28fc2cf0b75e4e8ea38647	d__Bacteria; p__Bacillota; c__Clostridia; o__Oscillospirales; f__Ruminococcaceae; g__Ruminococcus	0.9980374180358624
395c9a662af32273194ed36563bcbdea	d__Bacteria; p__Pseudomonadota; c__Alphaproteobacteria; o__Rhodospirillales; f__Incertae_Sedis; g__Incertae_Sedis	0.9999976597909308
114a7f460c9588b33a50b33b99c78bd0	d__Bacteria; p__Bacillota; c__Clostridia; o__Lachnospirales; f__Lachnospiraceae; g__Anaerostipes	0.9701170082628613
b530b7e30201ef8c36dc97e999e01c74	d__Bacteria; p__Bacillota; c__Clostridia	0.9997682299151103
5a864f8978bcc3e0f04679edddea9136	d__Bacteria; p__Bacillota; c__Clostridia; o__Oscillospirales; f__UCG-010; g__Incertae_Sedis	0.9999984655276655
49e44d44345b69030ff458ce6214366e	d__Bacteria; p__Bacillota; c__Clostridia; o__Clostridia_UCG-014; f__Incertae_Sedis; g__Incertae_Sedis	0.9998533767052084
9cd7e4fee155fc79cf175803356e1638	d__Bacteria; p__Bacillota; c__Clostridia; o__Oscillospirales; f__UCG-010; g__Incertae_Sedis	0.9999999230243078
0f47b17b9b4fb563dc989ad10d5ee11f	d__Bacteria; p__Bacillota; c__Clostridia; o__Christensenellales; f__Christensenellaceae; g__Christensenellaceae_R-7_group	0.8446071014072654
620900b3bc72419ec76ac5f8077f3c0b	d__Bacteria; p__Bacillota; c__Clostridia; o__Oscillospirales; f__Oscillospiraceae; g__Incertae_Sedis	0.9358319336096831
c492de42a100746b833a7d4b69cff7ca	d__Bacteria; p__Bacillota; c__Clostridia; o__Clostridia_UCG-014; f__Incertae_Sedis; g__Incertae_Sedis	0.9999999992232489
32e37483d3ada660a01faeeb7b8e8db9	d__Bacteria; p__Actinomycetota; c__Actinobacteria; o__Actinomycetales; f__Actinomycetaceae; g__Actinomyces	0.9999912294784745
0c64fcb96c9bd4a46605c89ea7987fec	d__Bacteria; p__Fusobacteriota; c__Fusobacteriia; o__Fusobacteriales; f__Fusobacteriaceae; g__Fusobacterium	0.9998931813494091
196f1174b9f242c98137b97a34bdc779	d__Bacteria; p__Bacillota; c__Clostridia; o__Lachnospirales; f__Lachnospiraceae; g__Frisingicoccus	0.9875257002492903
ca5b38f92987671538ac4f8f5b4ee95d	d__Bacteria; p__Bacillota; c__Clostridia; o__Lachnospirales; f__Lachnospiraceae	0.9999980404698947
4b8beb12f304c067989abe56b7b6761a	Unassigned	0.3396379115121233
343d4e4b59958246af7eae4672111b76	d__Bacteria; p__Pseudomonadota; c__Gammaproteobacteria; o__Enterobacterales; f__Enterobacteriaceae; g__Escherichia-Shigella	0.9995299420334066
07a19f027e7c746d94785ce4613b55e5	d__Bacteria; p__Bacillota; c__Negativicutes; o__Veillonellales-Selenomonadales; f__Veillonellaceae; g__Dialister	0.9943102880672314
08ce7c6b46d75f3533cbdfd76c17141d	d__Bacteria; p__Bacillota; c__Clostridia; o__Lachnospirales; f__Lachnospiraceae; g__Marvinbryantia	0.8869047075622849
b63c4b9daf2190d9bbcf13906956fcdb	d__Bacteria; p__Bacillota; c__Clostridia; o__Lachnospirales; f__Lachnospiraceae; g__Mediterraneibacter	0.8183718348456603
67880eac57da0852be13d011ab2cc7bf	d__Bacteria; p__Bacteroidota; c__Bacteroidia; o__Bacteroidales; f__Bacteroidaceae; g__Bacteroides	0.9999923433482631
5689af09e4296d972cfc15f46f29b541	d__Bacteria; p__Bacillota; c__Clostridia; o__Clostridiales; f__Clostridiaceae; g__Clostridium	0.9947929984680508
60a5c381d19db6db016bdbba00631762	Unassigned	0.7323111809863972
349597e93aa4fe5089eeda8e09392f83	d__Bacteria; p__Bacillota; c__Clostridia; o__Lachnospirales; f__Lachnospiraceae; g__Anaerobutyricum	0.9999878253529053
4fd1b92e9814b1bc6d1f7b1117daf660	d__Bacteria; p__Bacillota; c__Clostridia; o__Oscillospirales; f__Ruminococcaceae; g__Paludicola	0.9966230205141761
228ac5252e6a762ac7ae2ca4e32b0670	d__Bacteria; p__Bacillota; c__Clostridia; o__Oscillospirales; f__Oscillospiraceae; g__NK4A214_group	0.9944016698662317
219fadfac2adffa9242b1b12db0c4b00	d__Bacteria; p__Bacteroidota; c__Bacteroidia; o__Bacteroidales; f__Bacteroidaceae; g__Bacteroides	0.9478873912217106
1d0ba6c2681cdf19839f7f447593259a	d__Bacteria; p__Bacillota; c__Clostridia; o__Oscillospirales; f__Oscillospiraceae; g__Incertae_Sedis	0.9211166496557632
539c656b9710b0099a96a678b3023299	d__Bacteria; p__Bacillota; c__Bacilli; o__Lactobacillales	0.9990845835557755
15d4527c5e27f5aa80849a0a6db04fbc	d__Bacteria; p__Bacillota; c__Clostridia; o__Clostridia_UCG-014; f__Incertae_Sedis; g__Incertae_Sedis	0.9999999999378133
33e582f3554ceb75a3bce1033752d9fb	d__Bacteria; p__Bacillota; c__Clostridia; o__Oscillospirales; f__Ruminococcaceae; g__Incertae_Sedis	0.9563076604790064
7f2117221a5152f27167be2f5bc4a37f	d__Bacteria; p__Bacillota; c__Clostridia; o__Lachnospirales; f__Lachnospiraceae; g__Marvinbryantia	0.7458995556765149
a42ad1956d801cce5e0109dc0e987ceb	d__Bacteria; p__Bacillota; c__Clostridia; o__Oscillospirales; f__Ruminococcaceae	0.9967275432440932
87d32d8e72856c4336c536bbf79dc1e5	d__Bacteria; p__Bacillota; c__Clostridia; o__Peptococcales; f__Peptococcaceae; g__Incertae_Sedis	0.9863332556563623
a1eb6910cc7112a32a0f3b75a12f6b5f	d__Bacteria; p__Bacillota; c__Clostridia; o__Christensenellales; f__Christensenellaceae; g__Christensenellaceae_R-7_group	0.9879074427051969
958f8285ff62233161256f4470635820	d__Bacteria; p__Bacillota; c__Clostridia; o__Oscillospirales; f__Butyricicoccaceae; g__UCG-009	0.9932519727945348
73992e0739cb18bfd5553889167af43b	d__Bacteria; p__Bacillota; c__Clostridia; o__Clostridiales; f__Clostridiaceae; g__Sarcina	0.9995073736227904
95de6a551d81436a060292b1815dc4b6	d__Bacteria; p__Bacillota; c__Clostridia; o__Lachnospirales; f__Lachnospiraceae	0.9996931455115439
beb7dfbc5e90f9bc68d63262f2fb4c07	d__Bacteria; p__Pseudomonadota; c__Gammaproteobacteria; o__Enterobacterales; f__Enterobacteriaceae; g__Escherichia-Shigella	0.8052685828988047
95365395d3c0653efe1de45f53a06e2e	d__Bacteria; p__Bacillota; c__Clostridia; o__Oscillospirales; f__Ruminococcaceae; g__Incertae_Sedis	0.9915397708065268
395a2988fd642800b09969d5f1ac67c7	d__Bacteria; p__Pseudomonadota; c__Gammaproteobacteria; o__Burkholderiales; f__Burkholderiaceae; g__Limnobacter	0.993109355547541
d68c5fa769321d444a9e661ef0ee7ffa	d__Bacteria; p__Bacillota; c__Clostridia; o__Oscillospirales; f__Ruminococcaceae	0.9964293271595852
f201008c3b43c1ddb6065beca1500557	d__Bacteria; p__Bacillota; c__Clostridia; o__Lachnospirales; f__Lachnospiraceae; g__Lachnospiraceae_FCS020_group	0.7380301326474866
dc756b30df34a1f3ea3d2436eebf08b9	d__Bacteria; p__Bacillota; c__Bacilli; o__Erysipelotrichales; f__Erysipelotrichaceae; g__Merdibacter	0.9999681698810154
70d64bb0a16e3e22721779f2a27bfc90	d__Archaea; p__Thermoplasmatota; c__Thermoplasmata; o__Methanomassiliicoccales; f__Methanomethylophilaceae; g__Candidatus_Methanogranum	0.8655725000125369
41adbacd25dd2d947091b63a91bc93b6	d__Bacteria; p__Bacillota; c__Clostridia; o__Oscillospirales; f__Oscillospiraceae; g__Ruminiclostridium	0.9165110903401534
99bc99dab9060ec3fa96c3caa63a3ee6	d__Bacteria; p__Bacillota; c__Clostridia; o__Oscillospirales; f__UCG-010; g__Incertae_Sedis	0.9835285692585107
3685ac05998b06e6031824028df14d08	d__Bacteria; p__Bacillota; c__Clostridia; o__Oscillospirales; f__Oscillospiraceae; g__Intestinimonas	0.713440363892814
f4dbdbad28369592b5502b71865ad1d0	d__Bacteria; p__Bacillota; c__Clostridia; o__Oscillospirales; f__UCG-010; g__Incertae_Sedis	0.9999875533455875
f45817c283127902ac2cddbe1388071f	d__Bacteria; p__Bacillota; c__Clostridia; o__Oscillospirales	0.9948022890537846
0a9c7fbf08c98d69c9d311f8bfb1fe3e	d__Bacteria; p__Bacillota; c__Clostridia; o__Christensenellales; f__Christensenellaceae; g__Christensenellaceae_R-7_group	0.9683545082124635
3875aa7beeb743d77104eecfcda458d6	d__Bacteria; p__Bacillota; c__Clostridia; o__Oscillospirales; f__UCG-010; g__Incertae_Sedis	0.9999949527343449
1e1923bc075e526d7f2cf334d9fb6afb	d__Bacteria; p__Pseudomonadota; c__Alphaproteobacteria; o__Sphingomonadales; f__Sphingomonadaceae; g__Zymomonas	0.9999999999580922
b7a041d2927c03859714fcdd60b9dc7e	d__Bacteria; p__Campylobacterota; c__Campylobacteria; o__Campylobacterales; f__Campylobacteraceae; g__Campylobacter	0.9999999286647946
59048453e98b38d720ec36055e75497a	d__Bacteria; p__Bacillota; c__Clostridia; o__Oscillospirales; f__Ruminococcaceae; g__Acutalibacter	0.9913282576532177
f583f5fd312df124bfe45b93af795812	d__Bacteria; p__Bacillota; c__Bacilli; o__RF39; f__Incertae_Sedis; g__Incertae_Sedis	0.9999999993520419
9e25a5c2eb21f17ed74d9d5b36941197	d__Bacteria; p__Bacillota; c__Clostridia; o__Oscillospirales; f__Oscillospiraceae; g__Oscillibacter	0.7697789751450582
e1636d6adca75b7459629ae7c24821b3	d__Bacteria; p__Bacillota; c__Bacilli; o__Erysipelotrichales; f__Erysipelotrichaceae; g__Dielma	0.897312002040316
b62f080ade8840c31a0f3e594ceba7be	d__Bacteria; p__Bacillota; c__Clostridia; o__Oscillospirales; f__Ruminococcaceae; g__Faecalibacterium	0.9917690263624275
e2ae1fd6f670acbba95b87f456693e56	d__Bacteria; p__Pseudomonadota; c__Gammaproteobacteria; o__Burkholderiales; f__Sutterellaceae; g__Parasutterella	0.9933696818176857
c08735c68e426b5d9df3a2d4b8cc6d80	d__Bacteria; p__Bacillota; c__Clostridia; o__Oscillospirales; f__Ruminococcaceae; g__Ruminococcus	0.9868088028098592
94ea82a4cee8483d67bd2918e770fdda	d__Bacteria; p__Bacillota; c__Clostridia; o__Lachnospirales; f__Lachnospiraceae; g__CHKCI001	0.9999950869109611
3f8a88065dc39967d9936f8d7350094a	d__Bacteria; p__Bacillota; c__Bacilli; o__RF39; f__Incertae_Sedis; g__Incertae_Sedis	0.999999998908649
ab6f3445f7eef7ae2af0127ac9ab1983	d__Bacteria; p__Bacteroidota; c__Bacteroidia; o__Bacteroidales; f__Barnesiellaceae; g__Barnesiella	0.9518513715192504
8a530a644fd45ed9ef2ad4a624eb837d	d__Bacteria; p__Bacillota; c__Clostridia; o__Oscillospirales; f__Ruminococcaceae; g__Candidatus_Soleaferrea	0.9380107361615754
36247932c78308738fce8e71bb563ca0	d__Bacteria; p__Bacillota; c__Clostridia; o__Oscillospirales; f__Ruminococcaceae; g__Pygmaiobacter	0.708879314035606
64618afa3a07dcab19ba87629333ab84	d__Bacteria; p__Bacillota; c__Clostridia; o__Oscillospirales; f__Ruminococcaceae; g__Acutalibacter	0.9998263538403024
0d69754929eb3dd1a5b256b43f1c05d7	d__Bacteria; p__Actinomycetota; c__Coriobacteriia; o__Coriobacteriales; f__Eggerthellaceae; g__Gordonibacter	0.9999121897407828
46ea04b432b579a1623829d5cbf4021f	d__Bacteria; p__Bacteroidota; c__Bacteroidia	0.7784472379081424
5e00c8e62bd2693c0b18680e141a4f56	d__Bacteria; p__Bacillota; c__Bacilli; o__Lactobacillales	0.999202210452591
c209e659b2c04616c0ebf4fdfb1412a5	d__Bacteria; p__Bacillota; c__Clostridia; o__Christensenellales; f__Christensenellaceae; g__Christensenellaceae_R-7_group	0.9435398096522226
16ebe38ce23158278e79088abf0a7672	d__Bacteria; p__Bacillota; c__Bacilli; o__Erysipelotrichales; f__Erysipelatoclostridiaceae; g__UCG-004	0.9999987199538601
29838c83868b657d93ec9beef223b324	d__Bacteria; p__Actinomycetota; c__Actinobacteria; o__Actinomycetales; f__Actinomycetaceae; g__F0332	0.9996530634295219
9cc14be7da0aa5f754291ee27c71e7b8	d__Bacteria; p__Bacillota; c__Clostridia; o__Oscillospirales	0.9203451717863098
54d1e5c5b11b31957c6e09adfff851a5	d__Bacteria; p__Bacillota; c__Clostridia; o__Lachnospirales; f__Lachnospiraceae; g__Lachnospiraceae_UCG-010	0.998750964916738
31cfe8c1486cf04e9a7ac7e6cb3179cb	d__Bacteria; p__Bacteroidota; c__Bacteroidia; o__Bacteroidales; f__Muribaculaceae; g__Incertae_Sedis	0.9999999781031905
3f11f9f226ab63cc1ff6bfeee9699b79	d__Bacteria; p__Pseudomonadota; c__Gammaproteobacteria; o__Burkholderiales; f__Sutterellaceae; g__Sutterella	0.9999998127415812
5b0efd160edf27aad70cbef234197a56	d__Bacteria; p__Bacillota; c__Clostridia; o__Christensenellales; f__Christensenellaceae; g__Christensenellaceae_R-7_group	0.9604526660444572
c18980cd339acb8eb177825442bd53af	d__Bacteria; p__Bacillota; c__Clostridia; o__Lachnospirales; f__Lachnospiraceae	0.9999988118554415
0597559adde9f062f79b2b6b7d791896	d__Bacteria; p__Bacillota; c__Clostridia; o__Christensenellales; f__Christensenellaceae; g__Incertae_Sedis	0.9818522881444902
2558eb65ecd76e7935ea591b1da56f0c	d__Bacteria; p__Bacillota; c__Clostridia; o__Monoglobales; f__Monoglobaceae; g__Monoglobus	0.99334099858097
b4baded0452a79af534afc2842a5f9e7	d__Bacteria; p__Bacillota; c__Clostridia; o__Lachnospirales; f__Lachnospiraceae	0.9999775631925389
5b7acac2654c84dd88adfaea6c576660	d__Bacteria; p__Actinomycetota; c__Actinobacteria; o__Micrococcales; f__Micrococcaceae; g__Rothia	0.9999295701822365
fd8751f72ef041731d4bef036edc2046	d__Bacteria; p__Actinomycetota; c__Actinobacteria; o__Actinomycetales; f__Actinomycetaceae; g__Actinomyces	0.999999535060718
5e69d50b5a886d1b222f36de84a9dc98	d__Bacteria; p__Bacillota; c__Clostridia; o__Lachnospirales; f__Lachnospiraceae	0.999953085794073
9acc238746a1f2aa7745a0b5720c4eac	d__Bacteria; p__Pseudomonadota; c__Gammaproteobacteria; o__Pseudomonadales; f__Moraxellaceae; g__Acinetobacter	0.9999997135333969
d26dded305818ce9a1664421274eb54f	d__Bacteria; p__Bacillota; c__Clostridia; o__Oscillospirales; f__Oscillospiraceae; g__UCG-005	0.9894669965836032
d8ee1e4e2ae61d4a29382e3fbc1cd96f	d__Bacteria; p__Actinomycetota; c__Coriobacteriia; o__Coriobacteriales; f__Eggerthellaceae; g__Adlercreutzia	0.9956500303005177
dcf52c5353356ac76fbbb4222773b040	d__Bacteria; p__Bacillota; c__Clostridia; o__Oscillospirales; f__Ruminococcaceae; g__Incertae_Sedis	0.8011355384573683
3df6f0588112543834ed22830f2c47d8	d__Bacteria; p__Pseudomonadota; c__Alphaproteobacteria; o__Rickettsiales; f__Mitochondria; g__Incertae_Sedis	0.9974073550318824
eebf65807464dda846c3e49053c8acac	d__Bacteria; p__Bacillota; c__Clostridia; o__Oscillospirales; f__Ruminococcaceae; g__Fournierella	0.9900864634660205
09ef3e3135121f7fc27ffbd20cecba7e	d__Bacteria; p__Bacillota; c__Clostridia; o__Christensenellales; f__Christensenellaceae; g__Christensenellaceae_R-7_group	0.9790799662894624
6a43f2a198f022c1c4d5647524b95b48	d__Bacteria; p__Bacillota; c__Clostridia; o__Lachnospirales; f__Lachnospiraceae	0.9999581747874937
347ef11abd23a0bc29642b133f46ca86	d__Bacteria; p__Bacteroidota; c__Bacteroidia; o__Bacteroidales; f__Marinifilaceae; g__Butyricimonas	0.9999999961894588
cbf6a06153a111085311f6fc837b46a9	d__Bacteria; p__Bacillota; c__Bacilli; o__Erysipelotrichales; f__Erysipelatoclostridiaceae; g__Asteroleplasma	0.999999999998721
d23d9a1b28a0247cd9507b35610ae703	d__Bacteria; p__Pseudomonadota; c__Alphaproteobacteria; o__Sphingomonadales; f__Sphingomonadaceae; g__Zymomonas	0.9999999995909121
d765eafaf77325179c424a9c7ee7920b	d__Bacteria; p__Bacteroidota; c__Bacteroidia; o__Bacteroidales; f__Prevotellaceae	0.9999999661071165
4a23f2ac748f05cfc3e38dadc04f5f1a	d__Bacteria; p__Actinomycetota; c__Coriobacteriia; o__Coriobacteriales; f__Eggerthellaceae; g__Slackia	0.9999655317509324
f95daccc7c507e37800de5207028b992	d__Bacteria; p__Bacillota; c__Clostridia; o__Peptostreptococcales-Tissierellales; f__Family_XI; g__Anaerococcus	0.9999999999999858
24d0dccf8e31237cd9587b16d760f298	d__Bacteria; p__Bacteroidota; c__Bacteroidia; o__Bacteroidales; f__Rikenellaceae; g__Alistipes	0.999999837385288
acf81557dd9dd77f07941a72e88536af	d__Bacteria; p__Bacillota; c__Clostridia; o__Christensenellales; f__Christensenellaceae	0.7465539109143452
ace82e3c04198dccd1ef8c720c2937a1	d__Bacteria; p__Bacillota; c__Clostridia; o__Lachnospirales; f__Lachnospiraceae; g__Lachnospiraceae_UCG-010	0.9618754378866946
3b17bc4edbddbe11a9a573e5eebf8d66	d__Bacteria; p__Bacillota; c__Bacilli; o__RF39; f__Incertae_Sedis; g__Incertae_Sedis	0.9999999315888767
859b75cc55f500e81159b63f333443b7	d__Bacteria; p__Bacillota; c__Clostridia; o__Oscillospirales; f__Ruminococcaceae; g__Candidatus_Soleaferrea	0.9999958051867157
64ee0653bc97fe1b6a1fef7315dcc1c1	d__Bacteria; p__Bacillota; c__Clostridia; o__Monoglobales; f__Monoglobaceae; g__Monoglobus	0.9923818241275697
dce9eb2efa6c40d688d52c17c4d96498	d__Bacteria; p__Bacillota; c__Clostridia; o__Oscillospirales; f__Oscillospiraceae; g__UCG-003	0.9998728872700839
f4845188bf43b972563126cab0e9803c	Unassigned	0.46158489506859124
1cf454def1eb7872b4894e66ebd2b756	d__Bacteria; p__Bacillota; c__Clostridia; o__Oscillospirales; f__Oscillospiraceae; g__NK4A214_group	0.9943602340565088
c1320fa933dda522384fa670977f881b	d__Bacteria; p__Pseudomonadota; c__Gammaproteobacteria; o__Enterobacterales; f__Enterobacteriaceae; g__Escherichia-Shigella	0.9759665102671663
e0e27377803e1af27125197effd9892a	d__Bacteria; p__Bacillota; c__Clostridia; o__Lachnospirales; f__Lachnospiraceae; g__Frisingicoccus	0.9998833454912106
87c7d5ec889363165a7e8a8ecb1e9944	d__Bacteria; p__Bacillota; c__Clostridia; o__Lachnospirales; f__Lachnospiraceae	0.999998993851868
6a5080935b7f20ab38813c443d681bd3	d__Bacteria; p__Bacillota; c__Clostridia; o__Clostridiales; f__Clostridiaceae; g__Clostridium	0.9980533283533256
d94eed3360a05e19e20491a21f63addf	d__Bacteria; p__Bacillota; c__Clostridia; o__Lachnospirales; f__Lachnospiraceae; g__CHKCI001	0.935773765302209
59c0709f5eeaf7718d2fe480d59cdd5e	d__Bacteria; p__Bacteroidota; c__Bacteroidia; o__Bacteroidales; f__Incertae_Sedis; g__Phocaeicola	0.9999999999992042
ff0ad11230c950c29604ad0168261f85	d__Bacteria; p__Bacillota; c__Clostridia; o__Lachnospirales; f__Lachnospiraceae; g__Mediterraneibacter	0.9927349564362336
b4aaa531507d8a4b3ebf62a8a8a99f16	d__Bacteria; p__Pseudomonadota; c__Gammaproteobacteria; o__Burkholderiales; f__Sutterellaceae; g__Sutterella	0.9776367455281374
b8c685d6d691d57d63a05b0eaf5a669b	d__Bacteria; p__Bacillota; c__Clostridia; o__Lachnospirales; f__Lachnospiraceae; g__Lachnospiraceae_UCG-010	0.9903129271357222
3017b131d99a3ccd2da30dd4dffd68d3	d__Bacteria; p__Bacillota; c__Clostridia; o__Christensenellales; f__Christensenellaceae; g__Christensenellaceae_R-7_group	0.7640788808422198
c99c4c951e6f4745973043285ccf486b	d__Bacteria; p__Pseudomonadota; c__Gammaproteobacteria; o__Burkholderiales; f__Hydrogenophilaceae; g__Tepidiphilus	0.9999999979884109
d036347fa41117a4e47d81f7b953ebb4	d__Bacteria; p__Bacillota; c__Clostridia; o__Lachnospirales; f__Lachnospiraceae; g__Lachnospiraceae_UCG-010	0.9999398552913242
fe9e26ec6a9f6ca383b92f65599f3265	d__Bacteria; p__Bacillota; c__Clostridia; o__Oscillospirales	0.9904256433921195
d2e9a3be0214d540bd75b2fc6f790253	d__Bacteria; p__Bacillota; c__Clostridia; o__Christensenellales; f__Christensenellaceae; g__Incertae_Sedis	0.7087785208395244
1c327918c33f17fa39df7dddc5d78ceb	d__Bacteria; p__Bacteroidota; c__Bacteroidia; o__Bacteroidales; f__Prevotellaceae; g__Leyella	0.9999997970847466
61b37aeb7fda56d1730c420f698c44c9	d__Bacteria; p__Bacillota; c__Clostridia; o__Lachnospirales; f__Lachnospiraceae	0.9998951183606828
0c9baf281d7e9b3710e7899c792c2586	d__Bacteria; p__Bacillota; c__Clostridia; o__Clostridia_vadinBB60_group; f__Incertae_Sedis; g__Incertae_Sedis	0.9994962949032719
86cb3a37f04b910ecf3a5d00849874a7	d__Bacteria; p__Bacillota; c__Clostridia; o__Oscillospirales; f__Ruminococcaceae	0.9999999950947116
1db407bfd1aa3f406f79114b02e1f26a	d__Bacteria; p__Bacillota; c__Clostridia; o__Lachnospirales; f__Lachnospiraceae; g__Howardella	0.9999999594951284
b2903101d66358a3ea8c249a6f1c2be3	d__Bacteria; p__Bacteroidota; c__Bacteroidia; o__Bacteroidales; f__Prevotellaceae	0.9999415240722248
86b6c01ce757084b0e5d11c8ab7f129e	d__Bacteria; p__Bacillota; c__Clostridia; o__Clostridia_vadinBB60_group; f__Incertae_Sedis; g__Incertae_Sedis	0.9999995149147805
cf432223165fe71b69c83731d94595e1	d__Bacteria; p__Thermodesulfobacteriota; c__Desulfovibrionia; o__Desulfovibrionales; f__Desulfovibrionaceae; g__Desulfovibrio	0.9966803797791564
a374ea82a2cd9112b79a492d2d440eae	d__Bacteria; p__Bacillota; c__Clostridia; o__Oscillospirales; f__Ruminococcaceae; g__Fournierella	0.997874873758361
27d11ce79b1b1031b8d791f1436468b2	d__Bacteria; p__Bacteroidota; c__Bacteroidia; o__Bacteroidales; f__Barnesiellaceae; g__Barnesiella	0.9999999988820747
c5cca53d2022dddec474f71f69bddb0c	d__Bacteria; p__Bacillota; c__Clostridia; o__Monoglobales; f__Monoglobaceae; g__Monoglobus	0.8199580952921958
9c689d68d20b142234cea9f7b294893c	d__Bacteria; p__Bacillota; c__Clostridia; o__Oscillospirales; f__UCG-010; g__Incertae_Sedis	0.9930372608692488
43c5a83688e3fa6e1e9ef920c11a09e4	d__Bacteria; p__Bacillota; c__Clostridia; o__Oscillospirales; f__UCG-010; g__Incertae_Sedis	0.9254470978927729
d780f9d98701c8ab19b4488869bd5be6	d__Bacteria; p__Bacillota; c__Clostridia; o__Clostridia_UCG-014; f__Incertae_Sedis; g__Incertae_Sedis	0.9999999988265245
cbab6ce87908bf848c5ddd31db7a9d1b	d__Bacteria; p__Bacillota; c__Negativicutes; o__Veillonellales-Selenomonadales; f__Selenomonadaceae; g__Incertae_Sedis	0.9907880552461592
6c20f0675ad266906a6d03c46fa85d29	d__Bacteria; p__Bacillota; c__Clostridia; o__Oscillospirales; f__Ruminococcaceae	0.8559338227197121
e8408cc8dc256cfba8fbe554b23d4be1	d__Bacteria; p__Bacteroidota; c__Bacteroidia; o__Bacteroidales; f__Bacteroidaceae; g__Bacteroides	0.9992991117218595
2be494047bf4d212bfaccb2d753ea894	d__Bacteria; p__Bacillota; c__Clostridia; o__Oscillospirales; f__Ruminococcaceae; g__Acutalibacter	0.9490451122696824
740c97e7b2eddae8044cf27859a86b7b	d__Bacteria; p__Bacillota; c__Clostridia; o__Oscillospirales; f__Oscillospiraceae; g__Oscillibacter	0.9579997796512516
7e5615d4e8a5102625c4add32e9ebd09	d__Bacteria; p__Bacteroidota; c__Bacteroidia; o__Bacteroidales; f__Bacteroidaceae; g__Bacteroides	0.9999998602160742
4827483584682474bfca637deef84569	d__Bacteria; p__Bacillota; c__Negativicutes; o__Veillonellales-Selenomonadales; f__Veillonellaceae; g__Megasphaera	0.9999998039892454
6a526c8ad49a6f579e56a1224bb2c921	d__Bacteria; p__Bacillota; c__Clostridia	0.9999999906835956
9886d89016c5dfd08cdb3aed3c966cb6	d__Bacteria; p__Bacillota; c__Bacilli; o__Lactobacillales; f__Aerococcaceae; g__Abiotrophia	0.9999950281089234
a9688344646ec4590e844ade5ec7ca50	d__Bacteria; p__Bacillota; c__Clostridia; o__Oscillospirales; f__Oscillospiraceae	0.9077324303744604
907ceab78e867d765fa360527608efa1	d__Bacteria; p__Bacillota; c__Clostridia; o__Peptostreptococcales-Tissierellales; f__Anaerovoracaceae; g__Incertae_Sedis	0.9972212399468695
4447992230d486413d3e8c594ad7262d	d__Bacteria; p__Bacillota; c__Clostridia; o__Lachnospirales; f__Lachnospiraceae; g__Lachnoclostridium	0.8792073443521287
a2a12927a30167e8311699b96a61da1e	d__Bacteria; p__Pseudomonadota; c__Gammaproteobacteria; o__Enterobacterales; f__Pasteurellaceae; g__Aggregatibacter	0.9983383074052309
63c6bd2355d27051b78c02f5cd423328	d__Bacteria; p__Bacillota; c__Clostridia; o__Lachnospirales; f__Lachnospiraceae	0.7548251636422758
a8ffb54b3d3441e28dec519deaa5617f	d__Bacteria; p__Actinomycetota; c__Coriobacteriia; o__Coriobacteriales; f__Eggerthellaceae; g__Adlercreutzia	0.8417656572174491
f3f7d0c5d1afcfdb0adefabad8a5d404	d__Bacteria; p__Bacteroidota; c__Bacteroidia; o__Bacteroidales; f__Marinifilaceae; g__Butyricimonas	0.9999999997233999
1966b7c159a932b2ffc7dde2f0d66d73	d__Bacteria; p__Bacillota; c__Clostridia	0.9952169901364755
f1d7057780176a4f9f9e6e3c00bde66d	d__Bacteria; p__Bacillota; c__Clostridia	0.9132540736509281
703933a42a91ad681567a8cc37f1ad12	d__Bacteria; p__Bacillota; c__Clostridia; o__Christensenellales; f__Christensenellaceae; g__Christensenellaceae_R-7_group	0.8824742042293087
11a03a3baaed210d2297e87d4d113e0b	d__Bacteria; p__Bacteroidota; c__Bacteroidia; o__Bacteroidales; f__Marinifilaceae; g__Butyricimonas	0.9999999995277449
ecc898c56d604ac76ff0f122e33d684d	d__Bacteria; p__Bacillota; c__Clostridia; o__Oscillospirales; f__Oscillospiraceae; g__Flavonifractor	0.9997331810720517
47d13adb18b4507f34353bd1f6c5855b	d__Bacteria; p__Bacillota; c__Clostridia; o__Clostridia_UCG-014; f__Incertae_Sedis; g__Incertae_Sedis	0.9999999997377387
353a658baf9540db4cfc277c846b72c3	d__Bacteria; p__Bacillota; c__Clostridia; o__Lachnospirales; f__Lachnospiraceae; g__Anaerostipes	0.7342911731886667
76fbc92c7e70d5bc495f678b9a40a828	d__Bacteria; p__Bacillota; c__Bacilli; o__Lactobacillales; f__Lactobacillaceae; g__Ligilactobacillus	0.9640634603779753
2c472f9ab8a037f4dd9223680d22f6e6	d__Bacteria; p__Bacillota; c__Clostridia; o__Peptostreptococcales-Tissierellales; f__Anaerovoracaceae; g__[Eubacterium]_brachy_group	0.9648859683372213
9c29a1a9e0c8023152ec70729620b523	d__Bacteria; p__Bacillota; c__Clostridia; o__Oscillospirales; f__Oscillospiraceae; g__Colidextribacter	0.7544444170442942
7166adf55d07da436e6bc8b07a6eb5b9	d__Bacteria; p__Bacillota; c__Clostridia; o__Oscillospirales; f__Ruminococcaceae; g__Incertae_Sedis	0.9955628063327232
e8cff5dd9314935749206c1d83214d77	d__Bacteria; p__Bacillota; c__Bacilli; o__Lactobacillales	0.9999992453755596
0267a70440a397581552481352e28791	d__Bacteria; p__Bacillota; c__Clostridia; o__Lachnospirales; f__Lachnospiraceae; g__Faecalicatena	0.9894598045074555
34e21a623fbdf09376735eb1e3edd37e	d__Bacteria; p__Bacillota; c__Clostridia; o__Peptostreptococcales-Tissierellales; f__Anaerovoracaceae	0.9999999977971138
dc557ffdbd738f512919ebef99ee050d	d__Bacteria; p__Bacillota; c__Bacilli; o__Lactobacillales	0.9991360340499615
457e4a3381edb683e1cfeb933c9c8c82	d__Bacteria; p__Bacillota; c__Clostridia; o__Oscillospirales; f__Ruminococcaceae; g__Acutalibacter	0.9911782234304667
c04d6cd18f0324eaac8a4ca50139d47b	d__Bacteria; p__Bacillota; c__Clostridia; o__Oscillospirales; f__Ruminococcaceae; g__Incertae_Sedis	0.9773541259121619
375d2c8c7da80ac6a8fc54e6e4c5b1fd	d__Bacteria; p__Bacillota; c__Clostridia; o__Clostridia_UCG-014; f__Incertae_Sedis; g__Incertae_Sedis	0.9999999989336317
895e2a92adfc198ba9a902e5ef16d4f2	d__Bacteria; p__Bacillota; c__Clostridia; o__Oscillospirales; f__[Eubacterium]_coprostanoligenes_group; g__Incertae_Sedis	0.7628179347463985
fa6a8cceb3dd139b0c3d2cde675677c4	d__Bacteria; p__Bacillota; c__Clostridia; o__Peptococcales; f__Peptococcaceae; g__Incertae_Sedis	0.9516866814648917
c28ea8c2564c3a2788117fc158aa1059	d__Bacteria; p__Bacillota; c__Clostridia; o__Lachnospirales; f__Defluviitaleaceae; g__Defluviitaleaceae_UCG-011	0.999878789549067
0c7bf1c370e62a7d2ca7e161e71beff1	d__Bacteria; p__Bacillota; c__Clostridia; o__Lachnospirales; f__Lachnospiraceae; g__Lachnospira	0.9990481421278482
0b0d195638fdfabee044231292ff86ac	d__Bacteria; p__Bacillota; c__Incertae_Sedis; o__Incertae_Sedis; f__Incertae_Sedis; g__Incertae_Sedis	0.9999987875017201
dc92897ae65716d40ff3b2746a2a6527	d__Bacteria; p__Bacteroidota; c__Bacteroidia; o__Bacteroidales; f__Prevotellaceae; g__Hoylesella	0.9999902214638232
d1b7d3ea1db807e9352522d92e403246	d__Bacteria; p__Bacillota; c__Clostridia; o__Clostridiales; f__Clostridiaceae; g__Clostridium	0.9990731140515585
fc3664d7aa0780872f8028c2acdc18a1	d__Bacteria; p__Bacteroidota; c__Bacteroidia; o__Bacteroidales; f__Prevotellaceae; g__Prevotellaceae_NK3B31_group	0.8973485864720753
c49c401f3d8c9dc8d5d8c705fcf2abb6	d__Bacteria; p__Bacillota; c__Clostridia; o__Lachnospirales; f__Lachnospiraceae	0.9999105314256272
23533498384da1e7c20885a6a2446b79	d__Bacteria; p__Bacillota; c__Clostridia; o__Oscillospirales; f__Ruminococcaceae	0.9008074047470799
d5159b678857b50d11344eeb8b5aef11	d__Bacteria; p__Bacillota; c__Clostridia; o__Lachnospirales; f__Lachnospiraceae; g__[Eubacterium]_xylanophilum_group	0.9996949953045755
f7f2cea1e0c0bd317de3ae516a7994a7	d__Bacteria; p__Bacillota; c__Bacilli; o__Lactobacillales; f__Streptococcaceae; g__Streptococcus	0.9999709090097413
62ed3cf300c71fbc996645ab1ba64e99	d__Bacteria; p__Bacillota; c__Clostridia; o__Oscillospirales; f__Oscillospiraceae; g__NK4A214_group	0.9999187767514212
d2f7cf8b68d9b5c37366f75e232e3363	d__Bacteria; p__Bacteroidota; c__Bacteroidia; o__Bacteroidales; f__Bacteroidaceae; g__Bacteroides	0.9999821862652447
8a1f10bf22b335801bc43e1d243a0fb6	d__Bacteria; p__Bacillota; c__Clostridia; o__Oscillospirales; f__Ruminococcaceae; g__Acutalibacter	0.9961710811221076
ad4d38bdc7a3646f610e5dfc4ff5f38c	d__Bacteria; p__Bacillota; c__Clostridia; o__Lachnospirales; f__Lachnospiraceae	0.9999917061008472
ed357aeb266ad9c9ad52b8cecbba30cc	d__Bacteria; p__Bacillota; c__Bacilli; o__Lactobacillales; f__Streptococcaceae; g__Lactococcus	0.9666397193074404
a119d19cc200aa721dd29508e81abf31	d__Bacteria; p__Bacillota; c__Clostridia; o__Oscillospirales; f__Ruminococcaceae; g__Incertae_Sedis	0.9685960848204486
8c86331ff2332a54197057bd3a9f27d6	d__Bacteria; p__Bacteroidota; c__Bacteroidia; o__Bacteroidales; f__Bacteroidaceae; g__Bacteroides	0.9999962718162726
6a644670d9d112d91e179d3afeb73678	d__Bacteria; p__Pseudomonadota; c__Gammaproteobacteria; o__Burkholderiales; f__Neisseriaceae; g__Neisseria	0.9980009615610193
07f82c6e20727966832f2db88994cb97	d__Bacteria; p__Cyanobacteriota; c__Vampirivibrionia; o__Gastranaerophilales; f__Gastranaerophilaceae; g__Zag_111	0.9997851796596278
7769cac4c6bfbe7e3cddd33636c22519	d__Bacteria; p__Pseudomonadota; c__Alphaproteobacteria; o__Hyphomicrobiales; f__Beijerinckiaceae; g__Methylorubrum	0.999574249437496
864cd6d99ed42c8e0ec468e55b5884a9	d__Bacteria; p__Bacillota; c__Clostridia; o__Clostridia_UCG-014; f__Incertae_Sedis; g__Incertae_Sedis	0.9999999644527129
2a14c40f7f9b1c4d378bba88a794b7ee	d__Bacteria; p__Bacillota; c__Clostridia; o__Lachnospirales; f__Lachnospiraceae	0.9999818568123824
ebffd3eeea25c628b99e233a84fbbe18	d__Bacteria; p__Bacillota; c__Clostridia; o__Oscillospirales; f__Ruminococcaceae	0.7678862848443779
94cbe1a4c874ed06029d9ff25043401a	d__Bacteria; p__Bacillota; c__Clostridia; o__Peptococcales; f__Peptococcaceae; g__Incertae_Sedis	0.9999979298015488
2f04e6f5b7c88ae0c8a694a68b4c0350	d__Bacteria; p__Actinomycetota; c__Coriobacteriia; o__Coriobacteriales; f__Coriobacteriales_Incertae_Sedis; g__Raoultibacter	0.9999946010044397
f80a17436037d706dc728dd265b7c21e	d__Bacteria; p__Bacteroidota; c__Bacteroidia; o__Bacteroidales; f__Muribaculaceae; g__Incertae_Sedis	0.9999999596674919
233a139eec5d247603995a1012698f0a	Unassigned	0.7028797126298819
c93651ba28ebfd832c0ec0d3281bf100	d__Bacteria; p__Bacillota; c__Clostridia; o__Oscillospirales; f__Ruminococcaceae; g__Paludicola	0.9446544989707522
be9eb1777013fd57069f6cfd38ba2d14	d__Bacteria; p__Bacillota; c__Clostridia; o__Oscillospirales; f__Oscillospiraceae; g__Incertae_Sedis	0.9195363194040772
0ec461d27bba49c23470ace3ea94980d	d__Bacteria; p__Bacillota; c__Clostridia; o__Lachnospirales; f__Defluviitaleaceae; g__Defluviitaleaceae_UCG-011	0.9999949157760922
2f297c39eca8f71d1bdba4ac397e6971	d__Bacteria; p__Bacillota; c__Clostridia; o__Peptostreptococcales-Tissierellales; f__Family_XI; g__Parvimonas	0.9999985186134127
43c708c639ba16409ab15c89699d46f4	d__Bacteria; p__Pseudomonadota; c__Gammaproteobacteria; o__Enterobacterales	0.7062124681883271
fa4580177f6fbb6d227755a9dc8807cf	d__Bacteria; p__Bacillota; c__Clostridia; o__Peptococcales; f__Peptococcaceae; g__Incertae_Sedis	0.9862755619968249
2ab472bac18d486469666c2204b70a7f	d__Bacteria; p__Bacillota; c__Clostridia; o__Oscillospirales; f__Butyricicoccaceae; g__Agathobaculum	0.9678577200006282
3fa2b485407a7a2782afb804d877b3fa	d__Bacteria; p__Bacillota; c__Clostridia; o__Christensenellales; f__Christensenellaceae; g__Christensenellaceae_R-7_group	0.9353896598395166
73e68fc3f1abbc9b1995080613c25af2	d__Bacteria; p__Bacillota; c__Clostridia; o__Oscillospirales; f__Oscillospiraceae; g__UCG-005	0.7026281145617386
c98ea813f96e96f25ba321f74703bf6b	d__Bacteria; p__Bacteroidota; c__Bacteroidia; o__Bacteroidales; f__Porphyromonadaceae; g__Porphyromonas	0.9998208182488202
8a461d8255872c5fc08e48e225d42bb9	d__Bacteria; p__Bacteroidota; c__Bacteroidia	0.993284302829189
4309f5a246428444ae6b8e51f715d518	d__Bacteria; p__Pseudomonadota; c__Gammaproteobacteria; o__Enterobacterales; f__Pasteurellaceae; g__Conservatibacter	0.9726260343687332
a3874912ed098242b2224fc86ce20221	Unassigned	0.4972280208705032
1e40521110c80acb0eafe1a8b4f27021	d__Bacteria; p__Bacillota; c__Clostridia; o__Peptococcales; f__Peptococcaceae; g__Incertae_Sedis	0.9999954752744221
37924c539223d9f85a0cbbecaff01f3f	d__Bacteria; p__Bacillota; c__Bacilli; o__Erysipelotrichales; f__Erysipelotrichaceae; g__Dielma	0.999992398513485
917fd371d6de2aead4e7d8258eb3f2e9	d__Bacteria; p__Bacillota; c__Bacilli; o__Erysipelotrichales; f__Erysipelotrichaceae; g__Faecalitalea	0.9887368994597767
9493a32852f5a3777fddacbcd876dc00	d__Bacteria; p__Bacillota; c__Clostridia; o__Monoglobales; f__Monoglobaceae; g__Monoglobus	0.9816425984796873
e2a46b845ea47704636334cbe2771fc0	d__Bacteria; p__Bacillota; c__Clostridia; o__Peptostreptococcales-Tissierellales; f__Anaerovoracaceae; g__Family_XIII_AD3011_group	0.9338122989856473
48089818046d330ae05651622b309897	d__Bacteria; p__Bacteroidota; c__Bacteroidia; o__Bacteroidales	0.9994590348595533
058ed3f9b3464dcd2af7145b3b9c9026	d__Bacteria; p__Bacillota; c__Clostridia; o__Peptostreptococcales-Tissierellales; f__Family_XI; g__Ezakiella	0.9999999999999147
c971e6c6b4a196e75bf37bd3c196ee55	d__Bacteria; p__Bacillota; c__Bacilli; o__RF39; f__Incertae_Sedis; g__Incertae_Sedis	0.9999998654537257
3ecaf3fcc6c61e8634c802cb9fb9eea6	d__Bacteria; p__Pseudomonadota; c__Gammaproteobacteria; o__Burkholderiales; f__Sutterellaceae; g__Incertae_Sedis	0.7585153528589972
fe74365dbce3cf68d3f85a3a7d7b1750	d__Bacteria; p__Bacillota; c__Bacilli; o__RF39; f__Incertae_Sedis; g__Incertae_Sedis	0.9999999996033466
b9e1df39f3d1a33fd40d4f1eb9222d90	d__Bacteria; p__Bacillota; c__Clostridia	0.962145248238263
84e988b7866df8ac1dcb507a13157566	d__Bacteria; p__Bacillota; c__Clostridia; o__Oscillospirales; f__Ruminococcaceae; g__Incertae_Sedis	0.9811417309512486
d20aeeed6faee17406b529378c6a2f7f	d__Bacteria; p__Bacillota; c__Bacilli; o__Erysipelotrichales; f__Erysipelotrichaceae	0.9999999999967581
a8ba9a79b2223baa5ea30f25d556d141	d__Bacteria; p__Bacillota; c__Clostridia; o__Oscillospirales; f__Oscillospiraceae	0.9797855425543036
b98dca49c4b6b4d26bed9708bce7010b	d__Bacteria; p__Bacillota; c__Clostridia; o__Oscillospirales; f__UCG-010; g__Incertae_Sedis	0.9999998050881137
a457478d817dd4351bdd7e8a758b3d30	d__Bacteria; p__Bacillota; c__Clostridia; o__Oscillospirales; f__Ruminococcaceae; g__Incertae_Sedis	0.8936774316775128
674c919cced23d4bb699cd01fe6152d9	d__Bacteria; p__Bacillota; c__Bacilli; o__Erysipelotrichales; f__Erysipelatoclostridiaceae; g__Massiliomicrobiota	0.9985631240693281
e796676dcb0da73da1c3fc365b4ffc8b	d__Bacteria; p__Actinomycetota; c__Coriobacteriia; o__Coriobacteriales; f__Atopobiaceae; g__Lancefieldella	0.9993734007797483
beca235526bf7395a1d97961b9f17557	d__Bacteria; p__Pseudomonadota; c__Gammaproteobacteria; o__Burkholderiales; f__Sutterellaceae; g__Sutterella	0.9999623646902901
24a1ba0256dd913fcf1f39cc9436a279	d__Bacteria; p__Bacillota; c__Clostridia; o__Christensenellales; f__Christensenellaceae; g__Christensenella	0.9999995549511449
eb75144b5cd093dd3be1e730f814a420	d__Bacteria; p__Bacillota; c__Clostridia; o__Lachnospirales; f__Lachnospiraceae	0.9999883547562901
26791fb439628c5456dc94ea3bed3df7	d__Bacteria; p__Bacillota; c__Clostridia; o__Lachnospirales; f__Lachnospiraceae; g__[Eubacterium]_oxidoreducens_group	0.7093358873720862
9cb1cfaea33aafcffe7c261eb104ca56	d__Bacteria; p__Actinomycetota; c__Coriobacteriia; o__Coriobacteriales; f__Coriobacteriales_Incertae_Sedis; g__Incertae_Sedis	0.9999999958334911
bd67e98e7c5bb710469494a47ebc9937	d__Bacteria; p__Bacillota; c__Clostridia; o__Lachnospirales; f__Lachnospiraceae; g__Lachnospiraceae_UCG-010	0.8843181962483957
6af0fce4c42e4d44b9ece923629ad996	d__Bacteria; p__Bacillota; c__Clostridia; o__Oscillospirales; f__Ruminococcaceae; g__Negativibacillus	0.746941842825218
6f945c688d270bff4e13ad769618f892	d__Bacteria; p__Bacillota; c__Clostridia; o__Christensenellales; f__Christensenellaceae; g__Christensenellaceae_R-7_group	0.9906969168388207
c6e9efd653858e34e41e17568f082a79	d__Bacteria; p__Bacillota; c__Clostridia; o__Eubacteriales; f__Anaerofustaceae; g__Anaerofustis	0.9999965460279547
22e0eb6fc521ce891a0417fd6041bbfc	d__Eukaryota; p__Incertae_Sedis; c__Incertae_Sedis; o__Incertae_Sedis; f__Incertae_Sedis; g__Blastocystis	0.9999991819848268
e9d1af7a1a064d9610110b35a02eb86f	d__Bacteria; p__Bacillota; c__Clostridia; o__Oscillospirales; f__Ruminococcaceae	0.9989276107765468
38f059a2fd869e4b0524ae94b072b0cb	d__Bacteria; p__Bacillota; c__Negativicutes; o__Veillonellales-Selenomonadales; f__Veillonellaceae; g__Veillonella	0.9999999992026432
17254a1071e1e8ef3208bfd6a88461eb	d__Bacteria; p__Bacillota; c__Clostridia; o__Oscillospirales; f__UCG-010; g__Incertae_Sedis	0.9998158057967366
71f8db3ba41385b236c5271a5e8df756	d__Bacteria; p__Bacillota; c__Clostridia; o__Lachnospirales; f__Lachnospiraceae	0.9999997666971576
2f7df7ffcaced8c75e7f6023fecf39de	d__Bacteria; p__Bacillota; c__Clostridia; o__Clostridia_vadinBB60_group; f__Incertae_Sedis; g__Incertae_Sedis	0.9987790127669617
e283600aa25564d8236aa94b1ee1174d	d__Bacteria; p__Actinomycetota; c__Coriobacteriia; o__Coriobacteriales; f__Coriobacteriaceae; g__Collinsella	0.9999037667524202
9d2176c908640e85287b95f9cd17bf64	d__Bacteria; p__Bacillota; c__Clostridia; o__Oscillospirales; f__[Eubacterium]_coprostanoligenes_group; g__Incertae_Sedis	0.9214496801164958
57d0be5e8225509ccdb6e14cfea1474a	d__Bacteria; p__Bacillota; c__Clostridia; o__Lachnospirales; f__Lachnospiraceae; g__Blautia	0.8268597376932648
0d7c3e325c2f91dd9acc29c18cb1ccae	d__Bacteria; p__Pseudomonadota; c__Gammaproteobacteria; o__Pseudomonadales; f__Pseudomonadaceae; g__Pseudomonas	0.9999367582197981
b5cbd459a7a6115c11c8e4216684559b	d__Bacteria; p__Bacillota; c__Clostridia; o__Oscillospirales; f__Ruminococcaceae; g__Ruthenibacterium	0.9999906965382391
1c749c0f97e438a36a036ec1a022b960	d__Bacteria; p__Bacillota; c__Clostridia; o__Lachnospirales; f__Lachnospiraceae; g__Marvinbryantia	0.9743009430509801
6e0adb64e054404f08fb1ccf2effd35f	d__Bacteria; p__Bacillota; c__Clostridia; o__Christensenellales; f__Christensenellaceae; g__Christensenellaceae_R-7_group	0.9883964031254107
8953b3a0eeed756008e7ddb55683c29b	d__Bacteria; p__Bacillota; c__Clostridia; o__Peptococcales; f__Peptococcaceae; g__Incertae_Sedis	0.9999988029642909
65f0dfd03bc27e28782cecae024f935c	d__Bacteria; p__Bacillota; c__Clostridia; o__Oscillospirales; f__Ruminococcaceae	0.7900415807164352
e55b00aa66d99831104b84c88a4eed27	d__Bacteria; p__Bacillota; c__Clostridia; o__Peptostreptococcales-Tissierellales; f__Anaerovoracaceae; g__[Eubacterium]_brachy_group	0.9998587494703426
a5050c299a26598b5952abedd6101a1c	d__Bacteria; p__Bacillota; c__Clostridia; o__Oscillospirales; f__Ruminococcaceae	0.9999529694832299
6149425122479193129bb5d11326ab32	d__Bacteria; p__Bacillota; c__Clostridia; o__Monoglobales; f__Monoglobaceae; g__Monoglobus	0.9978467489988222
fd2add809dda466e31e079b2424ad390	d__Bacteria; p__Bacillota; c__Clostridia; o__Oscillospirales; f__UCG-010; g__Incertae_Sedis	0.999995025936265
244319667bff811fff8cf84b135fc6c6	d__Bacteria; p__Bacillota; c__Clostridia; o__Oscillospirales; f__Oscillospiraceae	0.9998183838752371
33dc920900d1eb4047fdda3a7e7c4f91	d__Bacteria; p__Bacillota; c__Clostridia; o__Oscillospirales; f__Oscillospiraceae; g__UCG-005	0.999314264435109
68b09ada020278ddbf1cbdf2f93797bc	d__Bacteria; p__Bacillota; c__Limnochordia; o__MBA03; f__Incertae_Sedis; g__Incertae_Sedis	0.9940150811063841
9d74b6c2399c160079d489c21b1cece7	d__Bacteria; p__Bacillota; c__Clostridia; o__Peptococcales; f__Peptococcaceae; g__Incertae_Sedis	0.9999983450336652
6cc7ec9aeb8efb0f6c75dad8904fae7f	d__Bacteria; p__Pseudomonadota; c__Gammaproteobacteria; o__Pseudomonadales; f__Pseudomonadaceae; g__Pseudomonas	0.9991693752903807
c7408e951d6050a4ea360aa404050896	d__Bacteria; p__Bacillota; c__Clostridia; o__Lachnospirales; f__Lachnospiraceae; g__Sellimonas	0.9942285126483041
7496bfac950f8ddc9cbf7ddaa28d6156	d__Bacteria; p__Bacillota; c__Clostridia; o__Peptostreptococcales-Tissierellales; f__Anaerovoracaceae; g__Family_XIII_AD3011_group	0.7122384184420004
58464ec27209abed9698e88ab974e84f	d__Bacteria; p__Bacillota; c__Clostridia; o__Lachnospirales; f__Lachnospiraceae	0.9999981533835354
ba73c305d6d599af8e9b33d539a586ac	d__Bacteria; p__Bacillota; c__Clostridia; o__Oscillospirales	0.974338013323715
6eae4abe8ca792c41f9038072a9095fb	d__Bacteria; p__Bacillota; c__Clostridia; o__Lachnospirales; f__Lachnospiraceae; g__Shuttleworthia	0.9212275399868463
fb77697e4fcca924c8f53189bc7c8587	d__Bacteria; p__Bacillota; c__Clostridia; o__Oscillospirales; f__Oscillospiraceae	0.9990982280494857
c10fcda7a03601e6247264845927b88b	d__Bacteria; p__Bacillota; c__Clostridia; o__Oscillospirales; f__[Eubacterium]_coprostanoligenes_group; g__Incertae_Sedis	0.9983477153178131
931c2abeb944436b014ed99088e06bad	d__Bacteria; p__Thermodesulfobacteriota; c__Desulfovibrionia; o__Desulfovibrionales; f__Desulfovibrionaceae; g__Desulfovibrio	0.9999188281818134
ac2a35850227c33656577eb03b3176ba	d__Bacteria; p__Bacillota; c__Bacilli; o__RF39; f__Incertae_Sedis; g__Incertae_Sedis	0.999999996147011
8d576cfdbf0766b97ca514afb0ec1464	d__Bacteria; p__Bacillota; c__Clostridia; o__Oscillospirales; f__Butyricicoccaceae; g__UCG-009	0.9969384673492934
4a1795421da9861cdf986a8fb354e360	d__Bacteria; p__Bacillota; c__Clostridia; o__Clostridia_UCG-014; f__Incertae_Sedis; g__Incertae_Sedis	0.999999999936378
478ee9a8626b10a57774b81c443cdacd	d__Bacteria; p__Bacillota; c__Bacilli; o__RF39; f__Incertae_Sedis; g__Incertae_Sedis	0.9999999962215469
ae7272f7144db0d72faa477610b1a327	d__Bacteria; p__Bacillota; c__Clostridia; o__Lachnospirales; f__Lachnospiraceae; g__Howardella	0.9999999311919675
09205d140d0dbe741091ca2271be31b5	d__Bacteria; p__Bacillota; c__Bacilli; o__Erysipelotrichales; f__Erysipelotrichaceae; g__Dielma	0.9976672416579182
c4a644de9f10c66fc5787c0e2d7be1c3	d__Bacteria; p__Pseudomonadota; c__Gammaproteobacteria; o__Burkholderiales; f__Sutterellaceae; g__Incertae_Sedis	0.9559917097847994
57fe94fc1f95632c8ebba55ccb964aab	d__Bacteria; p__Bacillota; c__Clostridia; o__Lachnospirales; f__Lachnospiraceae; g__Hungatella	0.9956981430559249
35fe9494e21be059211ff08f5c3e3d7a	d__Bacteria; p__Bacillota; c__Negativicutes; o__Veillonellales-Selenomonadales; f__Veillonellaceae; g__Veillonella	0.9999999893460229
536afbb030d8b7a8061c3b26907621d7	d__Bacteria; p__Bacillota; c__Clostridia; o__Lachnospirales; f__Lachnospiraceae; g__Lachnospiraceae_UCG-004	0.9891453885397974
f7978d649e68771aa522b1d44a0827d8	d__Bacteria; p__Bacillota; c__Clostridia; o__Clostridia_vadinBB60_group; f__Incertae_Sedis; g__Incertae_Sedis	0.9974258167967383
5a783f40ba296a84171e409d5a76f016	d__Bacteria; p__Bacillota; c__Clostridia; o__Lachnospirales; f__Lachnospiraceae; g__Catenibacillus	0.9997636710777396
ad0c19f5400f7f83c48cc915bedddabe	d__Bacteria; p__Bacillota; c__Clostridia; o__Monoglobales; f__Monoglobaceae; g__Monoglobus	0.9989971983599006
f52d64404284b1757861890ff13b9c28	d__Bacteria; p__Bacillota; c__Clostridia; o__Oscillospirales; f__Oscillospiraceae; g__Incertae_Sedis	0.8836672881641326
074727eae78f5f003ccd4a7979e730d0	d__Bacteria; p__Actinomycetota; c__Coriobacteriia; o__Coriobacteriales; f__Atopobiaceae; g__Incertae_Sedis	0.9389342503151735
e0f64c7eb3cc43a117dd9401a054d015	d__Bacteria; p__Bacillota; c__Clostridia; o__Peptostreptococcales-Tissierellales; f__Anaerovoracaceae; g__Hornefia	0.9999999999098321
711ba7e597a54069bfdcc73fb787359d	d__Bacteria; p__Bacillota; c__Clostridia; o__Christensenellales; f__Christensenellaceae; g__Christensenellaceae_R-7_group	0.8636919026065185
e3cf2805500143c86e22be81f9c14820	d__Bacteria; p__Bacillota; c__Clostridia; o__Christensenellales; f__Christensenellaceae; g__Christensenellaceae_R-7_group	0.9252822074955404
7fe54dfcd634c587d619d55f63ec6e24	d__Bacteria; p__Bacillota; c__Clostridia; o__Lachnospirales; f__Lachnospiraceae	0.9999814519388499
6884ae3ca69734907eb12ae664578a3c	d__Bacteria; p__Bacteroidota; c__Bacteroidia; o__Bacteroidales	0.989699245532361
515808420cf3bb340cbcefc403070e8b	d__Bacteria; p__Bacillota; c__Clostridia; o__Peptostreptococcales-Tissierellales; f__Anaerovoracaceae; g__Family_XIII_AD3011_group	0.9992474723994573
0703923d2801426e002e86711682966f	d__Bacteria; p__Bacillota; c__Clostridia; o__Lachnospirales; f__Lachnospiraceae	0.9996620493989998
c3e85f243577dfabe53528f7dc61baf7	d__Bacteria; p__Bacillota; c__Clostridia; o__Lachnospirales; f__Lachnospiraceae; g__Incertae_Sedis	0.9370174508889538
d3f521069d82d1128b8949a13a8f7833	d__Bacteria; p__Bacillota; c__Bacilli; o__Lactobacillales; f__Lactobacillaceae; g__Latilactobacillus	0.9297952509328739
4d27e375d03eba07beb5e20ed14e1979	d__Bacteria; p__Bacillota; c__Clostridia; o__Lachnospirales; f__Lachnospiraceae; g__Lachnospiraceae_FE2018_group	0.9169793114921627
90ea0463daacdd843465edd0e1555496	d__Bacteria; p__Bacillota; c__Clostridia; o__Oscillospirales; f__[Eubacterium]_coprostanoligenes_group; g__Incertae_Sedis	0.9993061657430052
67d8c1e98b6ed8814e70220298c3eb67	d__Bacteria; p__Bacillota; c__Clostridia; o__Peptostreptococcales-Tissierellales; f__Anaerovoracaceae; g__Family_XIII_AD3011_group	0.9696837274185003
9a0947ca966798c1d5de9d864772c633	d__Bacteria; p__Bacillota; c__Clostridia; o__Oscillospirales; f__Oscillospiraceae	0.9231461732114512
f52cf7be5d013561abd09f86b0003681	d__Bacteria; p__Cyanobacteriota; c__Cyanobacteriia; o__Chloroplast; f__Incertae_Sedis; g__Incertae_Sedis	0.9999999793385828
9865f7d8747c940795f37d48e31f25f0	d__Bacteria; p__Bacillota; c__Clostridia; o__Peptococcales; f__Peptococcaceae; g__Incertae_Sedis	0.999999445628359
29563c7286b7e6fb2a04a80236aa28b0	d__Bacteria; p__Bacillota; c__Clostridia; o__Lachnospirales; f__Lachnospiraceae; g__Lachnospiraceae_UCG-010	0.9999808517064219
55993950ca597b6dc821765327bbf3b9	d__Bacteria; p__Bacillota; c__Clostridia; o__Peptostreptococcales-Tissierellales; f__Anaerovoracaceae; g__Incertae_Sedis	0.8870064023990331
ce206a231e2e66ca380de7e4f2dc7e09	d__Bacteria; p__Bacillota; c__Clostridia; o__Oscillospirales; f__Oscillospiraceae	0.9601163473408233
9d1b71ccaf869ca15a53299b1b58eb2a	d__Bacteria; p__Bacillota; c__Clostridia; o__Lachnospirales; f__Lachnospiraceae; g__Anaerostipes	0.8282946873304432
fcab01e402145abc9e946d12aad1cde5	d__Bacteria; p__Bacillota; c__Clostridia; o__Peptostreptococcales-Tissierellales; f__Family_XI; g__Peptoniphilus	0.9999969460349001
6932af924e3788f73d16c9942ab12e15	d__Bacteria; p__Bacillota; c__Clostridia; o__Lachnospirales; f__Lachnospiraceae	0.9999622771075237
da940aaf86716e3d4c1393c6241af1a6	d__Bacteria; p__Bacillota; c__Negativicutes; o__Acidaminococcales; f__Acidaminococcaceae; g__Phascolarctobacterium	0.9999999861160235
a5759df66e98bcb812ee4e87d05a2a9a	d__Bacteria; p__Bacillota; c__Clostridia; o__Christensenellales; f__Christensenellaceae; g__Christensenellaceae_R-7_group	0.9752046605225333
48a9dce1e45242e76091ce3e7a2978fc	d__Bacteria; p__Bacillota; c__Clostridia	0.9999998495513694
02a6a0d52a380ba5aa6db5d06564b9f3	d__Bacteria; p__Bacillota; c__Clostridia; o__Christensenellales; f__Christensenellaceae; g__Christensenellaceae_R-7_group	0.9884853807956708
1db962cca6fbac68fde3d50f74fe5237	d__Bacteria; p__Bacillota; c__Clostridia; o__Oscillospirales	0.8899474673993152
bd2050a518f50aefdc2c982223856d34	d__Bacteria; p__Bacillota; c__Clostridia; o__Peptostreptococcales-Tissierellales; f__Anaerovoracaceae	0.9999940453478517
015596109d908868624f451b704a8bf5	d__Bacteria; p__Bacillota; c__Clostridia; o__Oscillospirales; f__Ruminococcaceae; g__Acutalibacter	0.9501480542517822
98948b9cfefcde0d0784f86780de6a7c	d__Bacteria; p__Pseudomonadota; c__Gammaproteobacteria; o__Enterobacterales; f__Enterobacteriaceae; g__Escherichia-Shigella	0.9482774875225364
2adb68c431d470be9da0bccf6df62345	d__Bacteria; p__Bacillota; c__Clostridia; o__Oscillospirales; f__Oscillospiraceae; g__UCG-007	0.9959771856944023
b641c57e74f78d44ac24fc91fbed4338	d__Bacteria; p__Bacillota; c__Bacilli; o__Erysipelotrichales; f__Erysipelotrichaceae; g__Holdemanella	0.9999990881900693
27e91db0328f42f90f70d801cf02cf25	d__Bacteria; p__Bacillota; c__Clostridia; o__Lachnospirales; f__Lachnospiraceae	0.9999985856090248
a78485e8e5399789d5808f03845030b1	d__Bacteria; p__Bacillota; c__Bacilli; o__Lactobacillales; f__Lactobacillaceae; g__Latilactobacillus	0.9317217335658753
bc7005adfc71fc8ee1f245624fe79b46	d__Bacteria; p__Actinomycetota; c__Actinobacteria; o__Micrococcales; f__Micrococcaceae; g__Kocuria	0.746153450069364
f25ae3a1853de3aa75116c84b35f3035	d__Bacteria; p__Bacillota; c__Clostridia; o__Lachnospirales; f__Lachnospiraceae	0.999999627750555
fc6fa5639a9b5c9a39dacef7dc65043e	d__Bacteria; p__Actinomycetota; c__Coriobacteriia; o__Coriobacteriales; f__Atopobiaceae; g__Lancefieldella	0.9741953323104157
3bf41114d004b707a847fd464eaa1262	d__Bacteria; p__Bacillota; c__Bacilli; o__Erysipelotrichales; f__Erysipelotrichaceae; g__Holdemanella	0.9993448265493449
adc16a642a89aa0b844bd28f737fa0fc	d__Bacteria; p__Bacillota; c__Clostridia; o__Monoglobales; f__Monoglobaceae; g__Monoglobus	0.9707189079274013
3e6697739e2c1360a0cccbab4008fe7c	d__Bacteria; p__Bacillota; c__Clostridia; o__Oscillospirales; f__Ruminococcaceae; g__Angelakisella	0.8696090730197715
f5d5ec6db207b20f8f6110d0f0a4953c	d__Bacteria; p__Bacillota; c__Clostridia; o__Oscillospirales; f__Butyricicoccaceae; g__UCG-008	0.8285509188084409
845a3bf2a8d5da3627a20add15aa286e	d__Bacteria; p__Bacillota; c__Clostridia; o__Oscillospirales; f__Ruminococcaceae; g__Faecalibacterium	0.9640052263174651
da558c970beb9aa18718fc915803b541	d__Bacteria; p__Bacillota; c__Clostridia; o__Oscillospirales; f__Ruminococcaceae; g__Acutalibacter	0.9891364324076055
0b63d71f50f2c17ce1857ec289d5aa77	d__Bacteria; p__Bacillota; c__Clostridia; o__Oscillospirales; f__Ruminococcaceae; g__Ruminococcus	0.9704954305979461
92b935cfeccc0bcbe471a965c3204146	d__Bacteria; p__Bacillota; c__Clostridia; o__Christensenellales; f__Christensenellaceae; g__Christensenellaceae_R-7_group	0.9880922391969956
0d68f49816ba0df3fa963468f8daaac0	d__Bacteria; p__Bacillota; c__Clostridia; o__Clostridia_UCG-014; f__Incertae_Sedis; g__Incertae_Sedis	0.9999999992112549
e91a17b5a29181fcbffa17aa1d0f4217	d__Bacteria; p__Bacillota; c__Clostridia; o__Peptostreptococcales-Tissierellales; f__Peptostreptococcaceae; g__Romboutsia	0.9929308983696947
99c69423137713ae33519a2a587e3817	d__Bacteria; p__Bacillota; c__Clostridia; o__Clostridia_vadinBB60_group; f__Incertae_Sedis; g__Incertae_Sedis	0.9999981314533932
113a7a3464466142584957c403e58352	d__Bacteria; p__Bacillota; c__Clostridia; o__Oscillospirales; f__Ruminococcaceae; g__Incertae_Sedis	0.7960526737324044
91a2107421c8a978032766f5963cbe97	d__Bacteria; p__Bacillota; c__Clostridia; o__Clostridia_vadinBB60_group; f__Incertae_Sedis; g__Incertae_Sedis	0.9978949129522828
f4187b352581abcdcee7778ac5c911fc	d__Bacteria; p__Bacillota; c__Clostridia; o__Christensenellales; f__Christensenellaceae; g__Christensenellaceae_R-7_group	0.7888418186101533
012737172567ad4e4b194ae3728270fd	d__Bacteria; p__Bacillota; c__Clostridia; o__Christensenellales; f__Christensenellaceae; g__Christensenellaceae_R-7_group	0.9055913934294666
009a4919860d6d1fddec5d3771d37351	d__Bacteria; p__Bacillota; c__Bacilli; o__Lactobacillales; f__Lactobacillaceae; g__Lactiplantibacillus	0.7583701905453419
4a1038c00552a236389f1c0b23f9d155	d__Bacteria; p__Bacillota; c__Clostridia; o__Oscillospirales; f__Ruminococcaceae; g__Acutalibacter	0.9997587491894195
82762a73af89a91e857c67492eed03d7	d__Bacteria; p__Bacillota; c__Clostridia; o__Christensenellales; f__Christensenellaceae; g__Christensenellaceae_R-7_group	0.8937304405793284
16955ab69fc9c13bd4ced784f075877a	d__Bacteria; p__Bacillota; c__Clostridia; o__Oscillospirales; f__Ruminococcaceae; g__Incertae_Sedis	0.8394925981858786
15c25306012f3ca1a0b0f4ced43c1da4	d__Bacteria; p__Pseudomonadota; c__Gammaproteobacteria; o__Burkholderiales	0.9999820804662019
2159bc245faf881252bc23678aa69150	d__Bacteria; p__Bacillota; c__Clostridia; o__Oscillospirales; f__Oscillospiraceae; g__UCG-002	0.9529154063628347
aaea445754b1c0f4f35c87679d5e60ea	d__Bacteria; p__Bacillota; c__Negativicutes; o__Veillonellales-Selenomonadales; f__Veillonellaceae; g__Megasphaera	0.9999983186718916
affd592773e397fa7c893caa79bb46ff	d__Bacteria; p__Bacillota; c__Clostridia; o__Oscillospirales; f__Ruminococcaceae; g__Ruminococcus	0.9907732845634977
90a812a74e72fcd0907be05ff54dba1f	d__Bacteria; p__Bacillota; c__Clostridia; o__Oscillospirales; f__Butyricicoccaceae; g__Agathobaculum	0.9999891463194336
221586f6d1159d6c4e986d2a80da954b	d__Bacteria; p__Bacillota; c__Clostridia; o__Oscillospirales; f__Ruminococcaceae; g__Anaerofilum	0.9999943517252418
fa484bfe3c3a250942fe3d584111ac98	d__Bacteria; p__Bacillota; c__Clostridia; o__Oscillospirales; f__Oscillospiraceae; g__Incertae_Sedis	0.7797454772876001
0d7eb7829957d53939c2b9878243ffc7	d__Bacteria; p__Bacillota; c__Bacilli; o__RF39; f__Incertae_Sedis; g__Incertae_Sedis	0.9999998811336539
c815a84811f39b451579525489ee8943	d__Bacteria; p__Bacteroidota; c__Bacteroidia; o__Bacteroidales; f__Marinifilaceae; g__Odoribacter	0.9999999975358804
393ff06b974098844db6b2f5e0ec11f1	d__Bacteria; p__Bacillota; c__Clostridia; o__Oscillospirales; f__Ruminococcaceae; g__Incertae_Sedis	0.9906812664452426
7f584e2884b8829ef6597f194080d8c4	d__Bacteria; p__Bacillota; c__Clostridia; o__Oscillospirales; f__Oscillospiraceae; g__Oscillibacter	0.9984577599560909
deb0bb40632821c74a1e55c8137d235c	d__Bacteria; p__Bacillota; c__Clostridia; o__Oscillospirales	0.9835915875715732
e20c6cbbc5aefd7785248dec24393460	d__Bacteria; p__Bacillota; c__Clostridia; o__Clostridia_vadinBB60_group; f__Incertae_Sedis; g__Incertae_Sedis	0.9999983074135173
3d0c466b56e41f4132e3554f1845eb98	d__Bacteria; p__Bacillota; c__Clostridia; o__Peptostreptococcales-Tissierellales; f__Peptostreptococcaceae; g__Romboutsia	0.9767666113325334
efa24763c9c317ca6df8f0f84c077316	d__Bacteria; p__Bacteroidota; c__Bacteroidia; o__Bacteroidales; f__Marinifilaceae; g__Odoribacter	0.9999999998169642
2230c0cb27cf00d70074718cec446123	d__Bacteria; p__Bacillota; c__Clostridia; o__Oscillospirales; f__Ruminococcaceae; g__Ruminococcus	0.9960950063235755
0ea0608ac660a171e531040fa4966334	d__Bacteria; p__Bacillota; c__Clostridia; o__Lachnospirales; f__Lachnospiraceae	0.9999997611817819
722aa4fe0f462baf4b0c1e4bcb1e8557	d__Bacteria; p__Bacillota; c__Clostridia; o__Lachnospirales; f__Lachnospiraceae	0.9999999219882647
29b81e62f7dc124ae838a1a200878c49	d__Bacteria; p__Bacteroidota; c__Bacteroidia; o__Bacteroidales; f__Rikenellaceae; g__Alistipes	0.9982929994349797
5ef871ed60f8170b0ace07b17e1cb12e	d__Bacteria; p__Bacillota; c__Clostridia; o__Oscillospirales; f__[Eubacterium]_coprostanoligenes_group; g__Incertae_Sedis	0.9995498457737039
1bd653b5503cc579cff5ebe1cf010e06	d__Bacteria; p__Bacillota; c__Clostridia; o__Christensenellales; f__Christensenellaceae	0.9665016509393679
a63e6ca20ad1a7ec9e329f1f99e9f062	d__Bacteria; p__Actinomycetota; c__Actinobacteria; o__Mycobacteriales; f__Corynebacteriaceae; g__Corynebacterium	0.9997744476381072
8432fcc9ff5d3906e74f79b804787a92	d__Bacteria; p__Bacillota; c__Clostridia; o__Oscillospirales; f__Oscillospiraceae; g__Oscillospira	0.9112849256347206
001a1e8e6ab370a1c3a841b5915e48cc	d__Bacteria; p__Bacillota; c__Clostridia; o__Oscillospirales; f__Ruminococcaceae; g__Incertae_Sedis	0.9787600441372954
d52a7d7fc519e421b499c964174e1322	d__Bacteria; p__Bacillota; c__Clostridia; o__Oscillospirales; f__Oscillospiraceae	0.9998942041418803
456482acbe9839f5ed9b70b2b5f04be8	d__Bacteria; p__Pseudomonadota; c__Gammaproteobacteria; o__Enterobacterales; f__Pasteurellaceae; g__Haemophilus	0.7900939728962162
44bcc3f2359c9fddd2cefaa298b48012	d__Bacteria; p__Bacillota; c__Bacilli; o__RF39; f__Incertae_Sedis; g__Incertae_Sedis	0.9999999996388027
e4a1cd6334e42f5ba33a8a7d0002b9a6	d__Bacteria; p__Verrucomicrobiota; c__Verrucomicrobiia; o__Opitutales; f__Puniceicoccaceae; g__Incertae_Sedis	0.9802598344519535
016fbbd81c4ba426d733dda050763c7b	d__Bacteria; p__Actinomycetota; c__Actinobacteria; o__Actinomycetales; f__Actinomycetaceae; g__Actinomyces	0.9871267267749563
075eb451ed18cc7fa554e88c2726e7ed	d__Bacteria; p__Bacillota; c__Bacilli; o__RF39; f__Incertae_Sedis; g__Incertae_Sedis	0.9999999820062443
bcc77b89acb5022c648dc4fba0245f55	d__Bacteria; p__Bacillota; c__Negativicutes; o__Veillonellales-Selenomonadales; f__Veillonellaceae; g__Dialister	0.9999888649564996
44ad5abc52a30f609b97d8e29d398a84	d__Bacteria; p__Bacillota; c__Clostridia; o__Oscillospirales; f__Ruminococcaceae	0.9994742966018999
a57d5685d55fcb8345afcf7da921f997	d__Bacteria; p__Bacteroidota; c__Bacteroidia; o__Bacteroidales; f__Prevotellaceae; g__Segatella	0.9997212122002217
da9fc130ff8ad8952f2ec10beb3022e6	d__Bacteria; p__Bacillota; c__Clostridia; o__Lachnospirales; f__Lachnospiraceae; g__[Eubacterium]_oxidoreducens_group	0.7886345714940989
975fa66222127aa875b485c766722346	d__Bacteria; p__Bacillota; c__Clostridia; o__Oscillospirales; f__UCG-010; g__Incertae_Sedis	0.7181547712893472
ed184ef02011daa7a50ff095b0cae4bf	d__Bacteria; p__Bacillota; c__Clostridia; o__Oscillospirales; f__Oscillospiraceae; g__NK4A214_group	0.8919971624408768
6d623591063f7b516984ffd5604d7cff	d__Bacteria; p__Bacillota; c__Clostridia; o__Peptostreptococcales-Tissierellales; f__Anaerovoracaceae; g__Mogibacterium	0.9999999419966786
eedebf31f8c4d996ffee20585e0274ba	Unassigned	0.5797743288127505
667ab9ff8a9e27add4823cacf5f1aed1	d__Bacteria; p__Bacteroidota; c__Bacteroidia; o__Bacteroidales; f__Bacteroidaceae; g__Bacteroides	0.999425514322823
828606da66be6dc1cc0bcd6a80338331	d__Bacteria; p__Bacillota; c__Clostridia; o__Oscillospirales; f__Oscillospiraceae; g__Incertae_Sedis	0.9381237089312261
dc05e1cdc796f67a42be7bcf0a5d3a33	d__Bacteria; p__Bacillota; c__Clostridia; o__Lachnospirales; f__Lachnospiraceae; g__Lachnobacterium	0.7333011714621162
7b1ab3b2a43488876ee2ea4d71eafe95	d__Bacteria; p__Bacillota; c__Clostridia; o__Oscillospirales; f__Ruminococcaceae; g__Anaerotruncus	0.9998414743732112
3cc53c481fdae6358e4d2d5c9f95a1f0	d__Bacteria; p__Bacillota; c__Bacilli; o__Lactobacillales; f__Lactobacillaceae; g__Lactobacillus	0.9999950134056078
917c458a48e8cfc160fc0bafa23be1a5	d__Bacteria; p__Bacteroidota; c__Bacteroidia; o__Bacteroidales; f__Bacteroidaceae; g__Bacteroides	0.9956927340850469
2d61aa5e6f63245f488b8c5224e01de8	d__Bacteria; p__Bacillota; c__Clostridia; o__Oscillospirales; f__Ruminococcaceae; g__Acutalibacter	0.9720063124536337
bf552ee703d39ee9aabb09688de13312	d__Bacteria; p__Bacillota; c__Clostridia; o__Peptostreptococcales-Tissierellales; f__Anaerovoracaceae; g__Family_XIII_UCG-001	0.9670526797141868
111e4e7b9b2ebb263c51ed16335b12b9	d__Bacteria; p__Bacteroidota; c__Bacteroidia; o__Bacteroidales	0.7516511513530628
63d3d168b03774c289e98dee7ec7be9c	d__Bacteria; p__Bacillota; c__Bacilli; o__Lactobacillales; f__Streptococcaceae; g__Lactococcus	0.9999418786369557
690df543c97f2394f67f7374003b9dfd	d__Bacteria; p__Bacillota; c__Bacilli; o__Erysipelotrichales; f__Erysipelotrichaceae; g__[Clostridium]_innocuum_group	0.9999991037574782
64a58201846f36a4bd97953290431329	d__Bacteria; p__Bacillota; c__Clostridia; o__Oscillospirales; f__UCG-010; g__Incertae_Sedis	0.999833373848078
e4f13cc818e3e04670ec080ce578cbf2	d__Bacteria; p__Bacillota; c__Clostridia; o__Oscillospirales; f__Ruminococcaceae; g__Pygmaiobacter	0.9163559115035469
cce5d6bfa7dc8ffcbccabf8be350a424	d__Bacteria; p__Thermodesulfobacteriota; c__Desulfovibrionia; o__Desulfovibrionales; f__Desulfovibrionaceae; g__Incertae_Sedis	0.9997525966271383
f2e120f843b8b6ba94216fcf580becf3	d__Bacteria; p__Bacillota; c__Clostridia; o__Oscillospirales	0.8243682752693839
6844b2b6a8f3581070840087cc7280a0	d__Bacteria; p__Bacillota; c__Clostridia; o__Lachnospirales; f__Lachnospiraceae	0.9999927690667416
30fc8af207d17abc37394fbf3d1793f7	d__Bacteria; p__Pseudomonadota; c__Gammaproteobacteria; o__Enterobacterales; f__Morganellaceae; g__Proteus	0.7848416005320494
c4422563587a906c1e8726c12f94e3c6	d__Bacteria; p__Bacteroidota; c__Bacteroidia; o__Bacteroidales; f__Muribaculaceae; g__Incertae_Sedis	0.999969544554096
1be414798be0e356f5055a6822d325e7	d__Bacteria; p__Bacillota; c__Clostridia; o__Clostridia_UCG-014; f__Incertae_Sedis; g__Incertae_Sedis	0.9999999368757975
e459236dfda422f24e34b9b22087f22c	d__Bacteria; p__Bacillota; c__Clostridia; o__Peptostreptococcales-Tissierellales; f__Anaerovoracaceae; g__S5-A14a	0.941909861993341
5d7513191ae6171697a21a208910737f	d__Bacteria; p__Bacillota; c__Clostridia; o__Oscillospirales; f__[Eubacterium]_coprostanoligenes_group; g__Incertae_Sedis	0.9541780727744186
fefd75cc358bbdeec744412ac2373c92	d__Bacteria; p__Bacillota; c__Clostridia; o__Peptostreptococcales-Tissierellales; f__Anaerovoracaceae	0.9999999994389216
1f5b6d55250b6a75c232155d672518df	d__Bacteria	0.9999999457299955
0e880fe83ef5b58324ebd745926b5f83	d__Bacteria; p__Bacillota; c__Clostridia	0.8072439177411546
2f75cb2a93b027fd56a37f8e1db86fef	d__Bacteria; p__Bacillota; c__Clostridia; o__Christensenellales; f__Christensenellaceae; g__Christensenellaceae_R-7_group	0.7120408825583571
4b3d13f13816302b793e354e30610a6c	d__Bacteria; p__Bacillota; c__Clostridia; o__Christensenellales; f__Christensenellaceae; g__Christensenellaceae_R-7_group	0.9823299518475571
b53de4343f3fcf1e4e1ec9dc70f6546b	d__Bacteria; p__Bacillota; c__Clostridia; o__Oscillospirales; f__Oscillospiraceae; g__Incertae_Sedis	0.8089185845442929
5cc75e53a75e67de4437c03c31258e18	d__Bacteria; p__Bacillota; c__Clostridia; o__Oscillospirales; f__Oscillospiraceae	0.8806424961223824
a5a48a5341ce2533a601ca747b9c94e4	d__Bacteria; p__Bacillota; c__Clostridia; o__Oscillospirales; f__Oscillospiraceae; g__Incertae_Sedis	0.9504053875699996
30518d68de113eaf45cdb3061f166cdc	d__Bacteria; p__Bacillota; c__Clostridia; o__Lachnospirales; f__Lachnospiraceae; g__Catenibacillus	0.9999318700009582
9ea700186358aa6ea07ab6baa7b35eb4	d__Bacteria; p__Bacillota; c__Clostridia; o__Christensenellales; f__Christensenellaceae; g__Christensenellaceae_R-7_group	0.8855509931114978
4f46dcfc54a443a4f4bee97c868de710	d__Bacteria; p__Bacillota; c__Clostridia; o__Oscillospirales; f__Oscillospiraceae	0.9932461879459922
1f504e289ddbb5684e7721796453e8ad	d__Bacteria; p__Actinomycetota; c__Actinobacteria; o__Bifidobacteriales; f__Bifidobacteriaceae; g__Parascardovia	0.9948613176576468
28d6d934a2765d2f9d13a4fa0f1cfc52	d__Bacteria; p__Bacillota; c__Clostridia; o__Peptococcales; f__Peptococcaceae; g__Incertae_Sedis	0.9935363134453954
5998817582bb4517a9bfddd153c199c5	d__Bacteria; p__Bacillota; c__Clostridia; o__Oscillospirales	0.9999855108650223
a25ef62a886bc2f308700f99d8da04c4	d__Bacteria; p__Bacillota; c__Clostridia; o__Lachnospirales; f__Lachnospiraceae	0.9999910364464681
fe658874e83f6d0e8b5c6eaab33ac0f7	d__Bacteria; p__Bacillota; c__Clostridia; o__Lachnospirales; f__Lachnospiraceae	0.9999987627953661
6f03cdaca7cfece0d1f731675bc22f57	d__Bacteria; p__Bacillota; c__Clostridia; o__Oscillospirales; f__Oscillospiraceae; g__Intestinimonas	0.946327887510223
15dd83460074717cb57171578115cb49	d__Bacteria; p__Pseudomonadota; c__Gammaproteobacteria; o__Enterobacterales; f__Pasteurellaceae; g__Aggregatibacter	0.9946869367897115
252d0fd6601d9776290e142e5bfd744b	d__Bacteria; p__Actinomycetota; c__Actinobacteria; o__Bifidobacteriales; f__Bifidobacteriaceae; g__Scardovia	0.9999997235362441
bc208a850a76dffc39ddc8ccfce89fa3	d__Bacteria; p__Bacillota; c__Clostridia; o__Lachnospirales; f__Lachnospiraceae; g__Lachnospiraceae_NC2004_group	0.9739029200893253
1ac78a465fa1769d2cd108a68bb9e7da	d__Bacteria; p__Bacillota; c__Clostridia; o__Oscillospirales; f__Butyricicoccaceae; g__Agathobaculum	0.9478458429676705
ee0883a4b81dd6134cae1600998960f8	d__Bacteria; p__Bacillota; c__Clostridia; o__Oscillospirales; f__Ruminococcaceae; g__Phocea	0.9999996779194568
759ec1bbc69620a61075d889beac99ce	d__Bacteria; p__Bacillota; c__Clostridia; o__Lachnospirales; f__Defluviitaleaceae; g__Defluviitaleaceae_UCG-011	0.995474159480704
20ef3da0f1b3ea96aa9d1d6f11194ede	d__Bacteria; p__Bacillota; c__Clostridia; o__Christensenellales; f__Christensenellaceae; g__Incertae_Sedis	0.9997896804126943
1cb55f66c0006f20a00037e3e92c238d	d__Bacteria; p__Bacillota; c__Clostridia; o__Lachnospirales; f__Lachnospiraceae; g__Marvinbryantia	0.7428714389681534
a8996ec725cbe1ed14670b7e8724e631	d__Bacteria; p__Campylobacterota; c__Campylobacteria; o__Campylobacterales; f__Campylobacteraceae; g__Campylobacter	0.9999999998875921
ed97694cdf418179efdb6b79a12ff254	d__Bacteria; p__Bacillota; c__Clostridia; o__Oscillospirales; f__Ruminococcaceae; g__Candidatus_Soleaferrea	0.9430953492068997
e188a072d518758d5ecee793f2d82679	d__Bacteria; p__Pseudomonadota; c__Alphaproteobacteria; o__Caulobacterales; f__Caulobacteraceae; g__Caulobacter	0.9999971436069909
9ebb4c2e887b3aa0f637f4a1c3963d5c	d__Bacteria; p__Deinococcota; c__Deinococci; o__Deinococcales; f__Deinococcaceae; g__Deinococcus	0.999999976245164
07c2ff03234ec120ed8d95fe2a33ded3	d__Bacteria; p__Bacillota; c__Clostridia; o__Oscillospirales; f__Oscillospiraceae; g__Colidextribacter	0.978711252148353
644c7e41a634b2284f57f1b2d0ccaceb	d__Bacteria; p__Verrucomicrobiota; c__Lentisphaeria; o__Victivallales; f__Victivallaceae; g__Incertae_Sedis	0.9999996994203312
7ead39abbaa90f90242247c455393162	d__Bacteria; p__Fusobacteriota; c__Fusobacteriia; o__Fusobacteriales; f__Leptotrichiaceae; g__Sneathia	0.9999999921995624
37bdb470cfb64ad4594c5968cd95e312	d__Bacteria; p__Bacteroidota; c__Bacteroidia; o__Bacteroidales; f__Dysgonomonadaceae; g__Dysgonomonas	0.9995874521052258
f234875d7996e9d93d5cedc262420b6a	d__Bacteria; p__Bacillota; c__Clostridia; o__Lachnospirales; f__Lachnospiraceae; g__[Bacteroides]_pectinophilus_group	0.9999974904609216
0bbcf36e1b853ce8253779d1226291d7	d__Bacteria; p__Pseudomonadota; c__Gammaproteobacteria; o__Enterobacterales; f__Pasteurellaceae	0.9999999999629053
71992ae714e765d0f62f3ee861d8116e	d__Bacteria; p__Bacteroidota; c__Bacteroidia; o__Bacteroidales; f__Rikenellaceae; g__Rikenellaceae_RC9_gut_group	0.9957425893466586
e427491a0189599f8edaf10fda929dcc	d__Bacteria; p__Bacillota; c__Bacilli; o__Erysipelotrichales; f__Erysipelotrichaceae; g__Holdemania	0.9999999100489885
7c810eb8739390ca29eed4472e3434da	d__Bacteria; p__Bacillota; c__Clostridia; o__Oscillospirales; f__Butyricicoccaceae; g__Agathobaculum	0.9570615484705542
a4e01e28a0f5935d2644e18f17d7f623	d__Bacteria; p__Cyanobacteriota; c__Vampirivibrionia; o__Gastranaerophilales; f__Gastranaerophilaceae; g__Zag_111	0.9819381667998736
4a7979e3cea852a1207908f88f3ce9fd	d__Bacteria; p__Bacillota; c__Clostridia	0.9925060973565067
b42cd01c00229f3dada72870c8a4ca34	d__Bacteria; p__Bacillota; c__Clostridia; o__Lachnospirales; f__Lachnospiraceae; g__Coprococcus	0.7097281197473445
eed4e3f22c0dba9b1264b19f591c3435	d__Bacteria; p__Bacillota; c__Clostridia; o__Lachnospirales; f__Lachnospiraceae	0.9999125967342009
70b24580fcb7b03e063004cae319d8c1	d__Bacteria; p__Actinomycetota; c__Coriobacteriia; o__Coriobacteriales; f__Coriobacteriales_Incertae_Sedis; g__Incertae_Sedis	0.9999993463260215
bcc7b9a9ef02d8511b579e9d62e9b6fa	d__Bacteria; p__Pseudomonadota; c__Alphaproteobacteria; o__Hyphomicrobiales; f__Beijerinckiaceae; g__Methylorubrum	0.9998470554259067
b4f0b49f15f0f88bc65789d782bfbf8b	d__Bacteria; p__Bacillota; c__Clostridia; o__Lachnospirales; f__Lachnospiraceae; g__Roseburia	0.7672233622908987
9634249b39d36c20b7c0f39662b6867f	d__Bacteria; p__Bacillota; c__Clostridia	0.9999996098720263
e0be8818a9e4f4dcfb1a28139e7e1571	d__Bacteria; p__Pseudomonadota; c__Gammaproteobacteria; o__Enterobacterales; f__Enterobacteriaceae; g__Escherichia-Shigella	0.737416927204846
6ea402d64e087fce514fb91c81124500	d__Bacteria; p__Bacillota; c__Clostridia; o__Oscillospirales; f__Oscillospiraceae; g__Intestinimonas	0.7841458792826271
4e1a459f6554719e237aa4f13a1759c7	d__Bacteria; p__Bacillota; c__Clostridia; o__Oscillospirales; f__Ruminococcaceae; g__Anaerofilum	0.9999996494481042
495d54a5368074bbebd89eb6180bdb8d	d__Bacteria; p__Bacillota; c__Clostridia; o__Oscillospirales; f__Oscillospiraceae; g__Incertae_Sedis	0.8566552323452046
f4470bd8607f29e0878bd15b327b11b8	d__Bacteria; p__Bacteroidota; c__Bacteroidia; o__Bacteroidales; f__Rikenellaceae; g__Alistipes	0.9999945456437408
7cc4d6533c1f8aad209aca7dabbc1612	d__Bacteria; p__Bacteroidota; c__Bacteroidia; o__Bacteroidales; f__Rikenellaceae; g__Alistipes	0.9980558561125417
1ea35f229918b90c6e5b36e649013acb	d__Bacteria; p__Bacillota; c__Clostridia; o__Oscillospirales; f__Ruminococcaceae	0.9997810556829233
4602a5be07c7e7e6011376b06ad31fe6	d__Bacteria; p__Bacillota; c__Clostridia; o__Oscillospirales; f__Oscillospiraceae; g__Colidextribacter	0.9776236612311417
97005ff8ebed0d14a217b98c4d28acea	d__Bacteria; p__Pseudomonadota; c__Alphaproteobacteria; o__Rhodospirillales; f__Incertae_Sedis; g__Incertae_Sedis	0.9999910999993342
43a9e097e1b918a29ab54ff16e09dbf6	d__Bacteria; p__Bacillota; c__Clostridia; o__Oscillospirales; f__Ruminococcaceae; g__Angelakisella	0.7194470865026735
9645548ffb90a6547fcdf54b638fe71e	d__Bacteria; p__Bacillota; c__Bacilli	0.7581914952525322
9309e20e4e6c8df41208cc1c72c69088	d__Bacteria; p__Bacillota; c__Clostridia; o__Monoglobales; f__Monoglobaceae; g__Monoglobus	0.7411304001505524
71be2072656cc20c8cc62fa2697c107c	d__Bacteria; p__Bacillota; c__Clostridia; o__Oscillospirales; f__Ruminococcaceae; g__Paludicola	0.7868092923972198
052a3f2bf8671798f6f0dd10d581f641	d__Bacteria; p__Verrucomicrobiota; c__Verrucomicrobiia; o__Opitutales; f__Puniceicoccaceae; g__Incertae_Sedis	0.9926312765964117
4992a040c0d34a11bce231c17ae54763	d__Bacteria; p__Pseudomonadota; c__Gammaproteobacteria; o__Burkholderiales; f__Comamonadaceae	0.9999883606330685
10f909a9610c543b9b26ecb52280b268	d__Bacteria; p__Bacillota; c__Clostridia; o__Oscillospirales; f__[Eubacterium]_coprostanoligenes_group; g__Incertae_Sedis	0.7410075046133728
097d91d6c0431bac9875ab7ee3b81803	d__Bacteria; p__Bacillota; c__Clostridia; o__Oscillospirales; f__Butyricicoccaceae; g__Agathobaculum	0.9782976828937333
577bf0f0310114efea561def5f133268	d__Bacteria; p__Bacillota; c__Clostridia; o__Lachnospirales; f__Lachnospiraceae; g__GCA-900066575	0.9978137219656522
32afbeb5f76a69e47f6cf6a1870e95d6	d__Bacteria; p__Actinomycetota; c__Actinobacteria; o__Bifidobacteriales; f__Bifidobacteriaceae; g__Bifidobacterium	0.9995959550604824
1c690157218810b3c987ae5883c65c1c	d__Bacteria; p__Bacillota; c__Clostridia; o__Monoglobales; f__Monoglobaceae; g__Monoglobus	0.9909842112361853
381adc6379f2bf0907d9d7a12aaaf37b	d__Bacteria; p__Bacillota; c__Clostridia; o__Oscillospirales; f__Oscillospiraceae	0.9990376794591671
28d22a7a724445cdb297618367c4359b	d__Bacteria; p__Bacillota; c__Bacilli; o__Erysipelotrichales; f__Erysipelotrichaceae; g__[Clostridium]_innocuum_group	0.9999969977881182
9e82bd4703bb768b16f9834147fe432f	d__Bacteria; p__Actinomycetota; c__Coriobacteriia; o__Coriobacteriales; f__Eggerthellaceae; g__Eggerthella	0.9999999270175151
befec82c692fe6786d2ef827cbc6cba2	d__Bacteria	0.9998387769466135
f15d9a9b5bbb82c5092e368c444caa76	d__Bacteria; p__Bacillota; c__Clostridia; o__Oscillospirales; f__Ruminococcaceae	0.9938739353550099
a8ba67e382788abe5ae30463112ff320	Unassigned	0.410512886798889
5ed61a153b9a6d0dca484cc5ba696382	d__Bacteria; p__Bacillota; c__Clostridia; o__Lachnospirales; f__Defluviitaleaceae; g__Defluviitaleaceae_UCG-011	0.9999994918781437
ae713f29e529b2c43acecc6f9c648fc7	d__Bacteria; p__Bacillota	0.7179273189981815
457cf18afd36a49a82ffb6718806a4da	d__Bacteria; p__Bacteroidota; c__Bacteroidia; o__Bacteroidales; f__Bacteroidaceae; g__Bacteroides	0.9999535150805404
7a68631d428496c354d337552990f13a	d__Bacteria; p__Bacillota; c__Clostridia; o__Oscillospirales; f__Oscillospiraceae; g__V9D2013_group	0.9380144040520619
ac31f84dd0b668baa1e719e6358d67ca	d__Bacteria; p__Bacillota; c__Clostridia; o__Christensenellales; f__Christensenellaceae; g__Christensenellaceae_R-7_group	0.971720207490863
9d83cf5079601496374127ed04132fe2	d__Bacteria; p__Bacillota; c__Clostridia; o__Oscillospirales; f__UCG-010; g__Incertae_Sedis	0.9999845656234883
d13a7d17dccf7f4994190bc3705ed893	d__Bacteria; p__Bacillota; c__Clostridia; o__Peptococcales; f__Peptococcaceae; g__Incertae_Sedis	0.9593268911957704
0c7ad54e2024a41c5e413dd917e11071	d__Bacteria; p__Bacillota; c__Clostridia; o__Peptostreptococcales-Tissierellales; f__Anaerovoracaceae; g__Anaerovorax	0.7832116570411544
6ae1530efd751ffa64e347cc190add79	d__Bacteria; p__Bacillota; c__Clostridia; o__Lachnospirales; f__Lachnospiraceae; g__GCA-900066575	0.9999679868250729
ef05446b34f331fa192e102be3032489	d__Bacteria; p__Bacillota; c__Clostridia; o__Oscillospirales; f__Ruminococcaceae; g__Ruminococcus	0.8339576033168066
f07b35f6a72d485742a5e1c09e3841f1	d__Bacteria; p__Bacillota; c__Bacilli; o__Erysipelotrichales; f__Erysipelotrichaceae; g__Faecalibaculum	0.9999996775906035
01d5fd2c7b859d968ea22012a7923808	d__Bacteria; p__Bacillota; c__Clostridia; o__Oscillospirales; f__Ruminococcaceae; g__Anaerotruncus	0.9998980317367244
946a88baf033f2d4a49dd817bd411e65	d__Bacteria; p__Bacillota; c__Clostridia; o__Peptostreptococcales-Tissierellales; f__Anaerovoracaceae; g__Family_XIII_AD3011_group	0.8982313211817453
2863c4fba9d26d58b824dd605fc9e236	d__Bacteria; p__Bacteroidota; c__Bacteroidia; o__Bacteroidales; f__Bacteroidaceae; g__Bacteroides	0.9999738072261133
860358b0c88b6f7be38970bcc76f518a	d__Bacteria; p__Pseudomonadota; c__Gammaproteobacteria	0.7064888837836479
8c976cd26cbfdd723747e444e00616f9	d__Bacteria; p__Fusobacteriota; c__Fusobacteriia; o__Fusobacteriales; f__Fusobacteriaceae; g__Incertae_Sedis	0.9691995909625538
6bc890a2012bca332b9d5c43905d1aae	d__Bacteria; p__Bacteroidota; c__Bacteroidia; o__Bacteroidales; f__Muribaculaceae; g__Incertae_Sedis	0.9999998363605008
277dfd2eed79811acc603d369e671f9e	d__Bacteria; p__Fusobacteriota; c__Fusobacteriia; o__Fusobacteriales; f__Fusobacteriaceae; g__Fusobacterium	0.999999999708578
64324a92208df55063439b71a30271e9	d__Bacteria; p__Bacillota; c__Bacilli; o__Erysipelotrichales; f__Erysipelatoclostridiaceae; g__Eggerthia	0.9999999999954952
54e247bee093ef545be9feeb39e22c92	d__Bacteria; p__Bacillota; c__Bacilli; o__Lactobacillales; f__Lactobacillaceae; g__Lactobacillus	0.9999970301782258
874e5ec688c5cff62d2b0d192fdece5c	d__Bacteria; p__Bacillota; c__Clostridia; o__Lachnospirales; f__Lachnospiraceae	0.9999699555606716
90194fb329f05cb761e035b815e707b6	d__Bacteria; p__Bacillota; c__Clostridia; o__Oscillospirales; f__Ruminococcaceae; g__Ruminococcus	0.7785299036503754
f2e51319276d0155ae60d8044acc4fc2	d__Bacteria; p__Bacillota; c__Clostridia; o__Lachnospirales; f__Lachnospiraceae; g__Lachnoclostridium	0.862016183566897
cabf613b54127d98befbe25d0c724133	d__Bacteria; p__Bacillota; c__Clostridia; o__Oscillospirales; f__[Eubacterium]_coprostanoligenes_group; g__Incertae_Sedis	0.9928514683072706
c8c2dc3b828273ad1e1125471788a7b9	d__Bacteria; p__Bacteroidota; c__Bacteroidia; o__Bacteroidales; f__Muribaculaceae; g__Incertae_Sedis	0.9999996455921749
b99d9fdefbdf2bb54aea80452ba65db4	d__Bacteria; p__Bacillota; c__Clostridia; o__Lachnospirales; f__Defluviitaleaceae; g__Defluviitaleaceae_UCG-011	0.9999981854584639
2bdf9e3f76181b5e37e3a17c949d989b	d__Bacteria; p__Bacillota; c__Clostridia; o__Peptostreptococcales-Tissierellales; f__Anaerovoracaceae; g__Incertae_Sedis	0.784163098044424
f849fceb111f8ea18f5ab81a13ac880d	d__Bacteria; p__Bacillota; c__Clostridia; o__Clostridia_vadinBB60_group; f__Incertae_Sedis; g__Incertae_Sedis	0.9999977998042812
3bbe917938c1c1f90f6f5e168a2bc8ba	d__Bacteria; p__Pseudomonadota; c__Gammaproteobacteria; o__Enterobacterales; f__Enterobacteriaceae	0.8569833908173684
5cc9206af107527c22f882035cf37800	d__Bacteria; p__Pseudomonadota; c__Gammaproteobacteria; o__Cardiobacteriales; f__Cardiobacteriaceae; g__Cardiobacterium	0.9999953434787573
3050301366e264c5eb759a56eb258b9e	d__Bacteria; p__Bacillota; c__Clostridia; o__Christensenellales; f__Christensenellaceae; g__Incertae_Sedis	0.9990371045228756
601fe5fc33e639696f3b3d17954316a9	d__Bacteria; p__Actinomycetota; c__Coriobacteriia; o__Coriobacteriales; f__Eggerthellaceae; g__Gordonibacter	0.9990560765385912
0bac8a8e8ff726bc10093851ace94264	d__Bacteria; p__Pseudomonadota; c__Gammaproteobacteria; o__Burkholderiales; f__Sutterellaceae; g__Parasutterella	0.999984748181214
8fbc1e3fdf021421a313d7cd08f22e76	d__Bacteria; p__Bacillota; c__Clostridia; o__Lachnospirales; f__Lachnospiraceae	0.9998896079070222
5df7faa1551bde7e6a27e4e7d2337ef1	d__Bacteria; p__Bacillota; c__Clostridia	0.995230502271109
50c72a2f399c4a9db00d35ba3680ba7f	d__Bacteria; p__Verrucomicrobiota; c__Verrucomicrobiia; o__Verrucomicrobiales; f__Akkermansiaceae; g__Akkermansia	0.9979055165484882
4a133869b8ac3448f3e3928f0e29e9e0	d__Bacteria; p__Bacillota; c__Clostridia; o__Christensenellales; f__Christensenellaceae	0.7491666661337302
9018504a569bdf7b419d7d57053f8877	d__Bacteria; p__Bacillota; c__Clostridia; o__Incertae_Sedis; f__Incertae_Sedis; g__Incertae_Sedis	0.944410532516808
30c666a8c5d216f1850347cddfa2d4f9	d__Bacteria; p__Bacteroidota; c__Bacteroidia; o__Bacteroidales; f__Barnesiellaceae; g__Coprobacter	0.9999999999593712
a419cea726d302b8c9091c81bf3f58f2	d__Bacteria; p__Bacillota; c__Clostridia; o__Oscillospirales; f__Oscillospiraceae; g__Incertae_Sedis	0.8851328172897582
afc176a347e41ae6a8354da7ddc71175	d__Bacteria; p__Cyanobacteriota; c__Vampirivibrionia; o__Gastranaerophilales; f__Gastranaerophilaceae; g__CAG-196	0.9960746940184609
b2deeed0c0879aa5871ccdf60c2d7f61	d__Bacteria; p__Actinomycetota; c__Actinobacteria; o__Actinomycetales; f__Actinomycetaceae; g__Schaalia	0.829037083126769
842f9c8fc0d58e926c2855a6d748c1c7	d__Bacteria; p__Actinomycetota; c__Actinobacteria; o__Bifidobacteriales; f__Bifidobacteriaceae; g__Bifidobacterium	0.7979950897702603
605fd51779661bce33f042f5cdfae31e	d__Bacteria; p__Bacillota; c__Clostridia; o__Oscillospirales; f__Oscillospiraceae; g__Incertae_Sedis	0.9333457149167459
957a16edeead7722188be53d05fbf001	d__Bacteria; p__Pseudomonadota; c__Gammaproteobacteria; o__Enterobacterales; f__Morganellaceae; g__Providencia	0.9980807084747368
4f6f2afb7adf1bb487b6a86b13022445	d__Bacteria; p__Bacillota; c__Clostridia; o__Eubacteriales; f__Anaerofustaceae; g__Anaerofustis	0.9999999939691122
58aaad678c03666040b90eb2fe8459fb	d__Bacteria; p__Bacillota; c__Clostridia; o__Lachnospirales; f__Defluviitaleaceae; g__Defluviitaleaceae_UCG-011	0.9999166444243024
ae92f7ff4fd72c3487edf00ceb501ba9	d__Bacteria; p__Bacillota; c__Clostridia; o__Lachnospirales; f__Lachnospiraceae; g__Stomatobaculum	0.9999998144836043
d9a4fd5f7177e26b6c71ebdae59e392e	d__Bacteria; p__Bacillota; c__Bacilli; o__Lactobacillales; f__Lactobacillaceae; g__Leuconostoc	0.9999999997343849
7da3fb4984ee76aca32f2d6e583088c1	d__Bacteria; p__Bacillota; c__Bacilli; o__Erysipelotrichales; f__Erysipelatoclostridiaceae; g__UCG-004	0.9999999789259564
01b2dde722277792aeda34088f5ad1da	d__Bacteria; p__Bacteroidota; c__Bacteroidia; o__Bacteroidales; f__Prevotellaceae; g__Incertae_Sedis	0.9999987428047434
60fba52e52749745914ffea38126f75d	d__Bacteria; p__Bacillota; c__Bacilli; o__Erysipelotrichales; f__Erysipelotrichaceae; g__[Clostridium]_innocuum_group	0.9999997946858128
549f172448e5fd873dc551c85c015e59	d__Bacteria; p__Bacillota; c__Clostridia; o__Oscillospirales; f__Ruminococcaceae; g__Candidatus_Soleaferrea	0.8610108477491691
f435b65133927b84e4cdfa701883f7a2	d__Bacteria; p__Bacillota; c__Clostridia; o__Oscillospirales	0.8789398803768473
2d218e2444c3feacbdf1e21be6b5a612	d__Bacteria; p__Bacillota; c__Clostridia; o__Oscillospirales; f__Ruminococcaceae	0.9527914893666751
566fe05553efbf5490ec56b222afa4b4	d__Bacteria; p__Bacillota; c__Clostridia	0.9495033407714886
00ec5b6125c2e3726fe4be41ca37a765	d__Bacteria; p__Bacillota; c__Clostridia; o__Oscillospirales; f__Ruminococcaceae; g__Candidatus_Soleaferrea	0.9249480324830411
612e3f408a261c2f66d982db7ea8dc15	d__Bacteria; p__Bacillota; c__Clostridia; o__Christensenellales; f__Christensenellaceae; g__Incertae_Sedis	0.8422137973724286
39ce92af9f1565043c783c9dd8fe4bd9	d__Bacteria; p__Bacillota; c__Clostridia; o__Christensenellales; f__Christensenellaceae; g__Christensenellaceae_R-7_group	0.9970629333673248
f8aff5289c4284d78158b7c951a05b6a	d__Bacteria; p__Bacillota; c__Bacilli; o__Erysipelotrichales; f__Erysipelotrichaceae; g__[Clostridium]_innocuum_group	0.9999996794639346
1ab4560015e4160632a5bdfc6f8bca25	d__Bacteria; p__Bacillota; c__Clostridia; o__Oscillospirales; f__Ruminococcaceae; g__Incertae_Sedis	0.9205932594779772
6ef25a089e21d78ca7c2e839cb6602fa	d__Bacteria; p__Bacillota; c__Clostridia; o__Incertae_Sedis; f__Incertae_Sedis; g__Incertae_Sedis	0.9375928571358674
1963317f43190f11d17baf21f2299d65	d__Bacteria; p__Bacillota; c__Clostridia; o__Lachnospirales; f__Lachnospiraceae	0.9999890739827779
4e2d8f9cdacca102b6b6422a71a54d83	d__Bacteria; p__Bacillota; c__Clostridia; o__Oscillospirales; f__Ruminococcaceae	0.9983510123003217
22fff2071bb6487763f5ad73650bf346	d__Bacteria; p__Bacteroidota; c__Bacteroidia; o__Bacteroidales; f__Bacteroidaceae; g__Bacteroides	0.9999784386039783
183260604674f852baf77282219ea612	d__Bacteria; p__Bacteroidota; c__Bacteroidia; o__Bacteroidales; f__Muribaculaceae; g__Incertae_Sedis	0.9997348453090406
81e00d9718d7324ab540d28c2a20208a	d__Bacteria; p__Bacillota; c__Clostridia; o__Oscillospirales; f__Oscillospiraceae; g__UCG-002	0.9851171005106194
2a24a2b68d44143c182ccb8144921fd4	d__Bacteria; p__Bacillota; c__Clostridia; o__Lachnospirales; f__Lachnospiraceae; g__Lachnospira	0.9482927677093836
8e244ea93a4f4bb0e48de8aca531e827	d__Bacteria; p__Bacillota; c__Clostridia; o__Clostridiales; f__Clostridiaceae; g__Clostridium	0.9993256547543022
87e0917b60427488a712ab1cfe90fc05	d__Bacteria; p__Thermodesulfobacteriota; c__Desulfovibrionia; o__Desulfovibrionales; f__Desulfovibrionaceae; g__Mailhella	0.9999999954769976
82238167b55a4e51c78dedca07ead492	d__Bacteria; p__Bacillota; c__Clostridia; o__Oscillospirales; f__UCG-010; g__Incertae_Sedis	0.963153808207634
4657df0f31d8dc13afe330f683a54647	d__Bacteria; p__Bacillota; c__Clostridia; o__Oscillospirales	0.8752768298598009
7a6affa402103903ef88f5312eb5a093	d__Bacteria; p__Bacteroidota; c__Bacteroidia; o__Bacteroidales; f__Bacteroidaceae; g__Bacteroides	0.999999916030152
76fa934e00951391e305e7e9086c0c26	d__Bacteria; p__Bacillota; c__Bacilli; o__Izemoplasmatales; f__Incertae_Sedis; g__Incertae_Sedis	0.9999999407378386
e91d9f04bfcd054b04b6f04363ab8590	d__Bacteria; p__Synergistota; c__Synergistia; o__Synergistales; f__Synergistaceae; g__Pyramidobacter	0.9999999998508144
662c3e14242e90ec5a56ff6fb2a28243	d__Bacteria; p__Bacillota; c__Clostridia; o__Lachnospirales; f__Lachnospiraceae	0.9995230503817214
9b699d25e5890ee118a1c443bfff7ae4	d__Bacteria; p__Bacillota; c__Clostridia; o__Lachnospirales; f__Lachnospiraceae	0.9999961287393223
157ff48f3a070db80064cc187f7637d9	d__Bacteria; p__Bacteroidota; c__Bacteroidia; o__Bacteroidales; f__Porphyromonadaceae; g__Porphyromonas	0.999719783747061
529e086c57a3c3a27eb502ff3216623a	d__Bacteria; p__Fusobacteriota; c__Fusobacteriia; o__Fusobacteriales; f__Fusobacteriaceae; g__Fusobacterium	0.9663665110871084
aec75486276908ca32a571d13e5231ab	d__Bacteria; p__Bacillota; c__Clostridia; o__Oscillospirales; f__Ruminococcaceae; g__Subdoligranulum	0.7321403254740176
bd151b0ebe162edf87830afb2edbba4b	d__Bacteria; p__Bacillota; c__Clostridia; o__Lachnospirales; f__Lachnospiraceae; g__Lachnospiraceae_NC2004_group	0.946386717840815
d1eb195fb3dedaa1ef6805194fc73566	d__Bacteria; p__Bacillota; c__Clostridia; o__Oscillospirales; f__Oscillospiraceae	0.9997248499258846
2bf7b4fd03e0360dd7226a1c4c7bf107	d__Bacteria; p__Bacillota; c__Clostridia; o__Lachnospirales; f__Lachnospiraceae	0.9997065968156853
8d36a3ca77c8d3c27ace89fbbcf32d8f	d__Bacteria; p__Bacillota; c__Clostridia; o__Oscillospirales; f__UCG-010; g__Incertae_Sedis	0.9999904089204049
9f4ad4e81740b085f8d0fe54c4fceb51	d__Bacteria; p__Bacillota; c__Clostridia; o__Oscillospirales; f__Ruminococcaceae; g__Candidatus_Soleaferrea	0.9635132514104965
a67f377ddc67ba15e22fe96be1a35763	d__Bacteria; p__Synergistota; c__Synergistia; o__Synergistales; f__Synergistaceae; g__Fretibacterium	0.9999999859322061
48dd549abc3633c4aa9e7212c7f6e8cd	d__Bacteria; p__Bacillota; c__Clostridia; o__Oscillospirales; f__Ruminococcaceae	0.9993836896624675
1615c1198c09f438c119f7150905cc5c	d__Bacteria; p__Bacillota; c__Clostridia; o__Oscillospirales; f__Oscillospiraceae; g__UCG-002	0.7511973649732416
cc8a4e2ee43f019a85f8bc2209812c31	d__Bacteria; p__Bacillota; c__Clostridia	0.997111201695819
ba65a58bfbee2e80eb5db8e7aec28917	d__Bacteria; p__Bacillota; c__Clostridia; o__Oscillospirales; f__UCG-010; g__Incertae_Sedis	0.9988824780591967
9482162e7c6da15016bb3ab11f9ca498	d__Bacteria; p__Bacillota; c__Clostridia; o__Oscillospirales; f__Oscillospiraceae; g__NK4A214_group	0.9036777272110486
23294ace6112b6a93dad8224c5130770	d__Bacteria; p__Bacillota; c__Bacilli; o__Bacillales; f__Bacillaceae; g__Parageobacillus	0.8210475663072778
3ecbbb3e81182d962ae1ed11ba570271	d__Bacteria; p__Bacillota; c__Clostridia; o__Lachnospirales; f__Lachnospiraceae; g__GCA-900066575	0.998718950101709
13885d9de0f3abeb9b48c00db9870b88	d__Bacteria; p__Bacteroidota; c__Bacteroidia; o__Bacteroidales; f__Prevotellaceae; g__Prevotella	0.9992295941831266
2b96aedad554d4c3586527f8cf1f0db2	d__Bacteria; p__Bacillota; c__Clostridia; o__Lachnospirales; f__Lachnospiraceae; g__Coprococcus	0.9689036005389317
6d53e97528996dea4313ee8fcf739872	d__Bacteria; p__Bacillota; c__Negativicutes; o__Veillonellales-Selenomonadales; f__Veillonellaceae; g__Megasphaera	0.9775670948301606
2584105ced9012b1bf46ff51a4b72b47	d__Bacteria; p__Bacillota; c__Clostridia; o__Peptococcales; f__Peptococcaceae; g__Peptococcus	0.9999996650108606
df179fab316cb5aee8563349492c5d92	d__Bacteria; p__Pseudomonadota; c__Gammaproteobacteria; o__Enterobacterales; f__Shewanellaceae; g__Shewanella	0.9999996162526966
da0a9f2c500ce0875aea95749a61cc17	d__Bacteria; p__Bacillota	0.9056727321565493
673d0f304959ab7f6dad3885c3dc0569	d__Bacteria; p__Actinomycetota; c__Coriobacteriia; o__Coriobacteriales; f__Eggerthellaceae; g__CHKCI002	0.9999906683111972
79cf1afcade8ccdb51868d725dbf6128	d__Bacteria; p__Bacillota; c__Clostridia; o__Lachnospirales; f__Lachnospiraceae; g__Lachnospiraceae_UCG-010	0.9815939030170935
74d17806b0ce10624686bf902cbadcaf	d__Bacteria; p__Bacteroidota; c__Bacteroidia; o__Bacteroidales; f__Muribaculaceae; g__Incertae_Sedis	0.9903190150758407
e0e6e258d22bc3e3e1dcd02ca734a86b	d__Bacteria; p__Pseudomonadota; c__Alphaproteobacteria; o__Rickettsiales; f__Mitochondria; g__Incertae_Sedis	0.9999999999919993
b8f31d76338abf2cf6930534a537920b	d__Bacteria; p__Synergistota; c__Synergistia; o__Synergistales; f__Synergistaceae; g__Synergistes	0.999999996239751
4f58366640d22a2981f6d75287220166	d__Bacteria; p__Bacillota; c__Clostridia; o__Oscillospirales; f__Butyricicoccaceae; g__UCG-009	0.9998339779113642
74a6bacdf0fb3a6e34ef1c2baad96ae4	d__Bacteria; p__Bacteroidota; c__Bacteroidia; o__Bacteroidales; f__Prevotellaceae; g__Prevotella	0.9993716434381956
53bc90e1c93440a53d0bf5ae8b456b1a	d__Bacteria; p__Pseudomonadota; c__Gammaproteobacteria; o__Lysobacterales; f__Lysobacteraceae; g__Pseudoxanthomonas	0.9985851907131117
a4e6d59890acd78c5729a4f495e2e352	d__Bacteria; p__Bacillota; c__Clostridia; o__Lachnospirales; f__Lachnospiraceae	0.9999998501624769
912062f6c3b7f95b6932e9bd3148c165	d__Bacteria; p__Bacillota; c__Clostridia; o__Peptostreptococcales-Tissierellales; f__Family_XI; g__Parvimonas	0.999999778158777
0ceeb6a7e96acbdc26cec6a7baef9676	d__Bacteria; p__Bacillota; c__Clostridia; o__Oscillospirales; f__Ruminococcaceae; g__Incertae_Sedis	0.999075077289738
cfc0ddf4133b0945b08e04ad49e97e29	d__Bacteria; p__Bacillota; c__Clostridia; o__Lachnospirales; f__Lachnospiraceae; g__Lachnospiraceae_ND3007_group	0.9999997498488142
ca19e43d25ff4cf5c3bddded6404d046	d__Bacteria; p__Bacteroidota; c__Bacteroidia; o__Bacteroidales; f__Rikenellaceae; g__Alistipes	0.9999958399893087
2886ef9daf0979282cb5294d2cb7762e	d__Bacteria; p__Bacillota; c__Bacilli; o__Erysipelotrichales; f__Erysipelatoclostridiaceae; g__Coprobacillus	0.8846807611410143
695d0c8073a9934c5d52cd7a21521f20	d__Bacteria; p__Bacillota; c__Clostridia; o__Oscillospirales; f__Oscillospiraceae; g__Oscillibacter	0.9995662861884478
ec3cda9cc695e6887b92c7d195f1bbbe	d__Bacteria; p__Bacillota; c__Clostridia; o__Oscillospirales; f__Ruminococcaceae; g__Anaerofilum	0.9999988937972127
88e8e06dfc5a56f03f4c9f604e0c1770	d__Bacteria; p__Bacillota; c__Clostridia; o__Lachnospirales; f__Lachnospiraceae	0.9337092587178832
d7f07beed6e71c7018d1a93bcf87cd6a	d__Bacteria; p__Bacillota; c__Clostridia; o__Oscillospirales; f__Ruminococcaceae; g__Caproiciproducens	0.9731281478491035
b98f6cd499c3eed2ddf57d3cfa695a32	d__Bacteria; p__Bacillota; c__Clostridia; o__Lachnospirales; f__Lachnospiraceae	0.9994253258589118
decc605998237af43ea4981645bc0784	d__Bacteria; p__Bacillota; c__Clostridia; o__Lachnospirales; f__Lachnospiraceae; g__Incertae_Sedis	0.7095989382800316
624685503ba4b44e82739bec81518636	d__Bacteria; p__Bacillota; c__Clostridia; o__Lachnospirales; f__Lachnospiraceae	0.9999988409473584
9cd0841ad390c1dffe42330eee6ce81c	d__Bacteria; p__Bacillota; c__Clostridia; o__Oscillospirales; f__Ruminococcaceae; g__Ruminococcus	0.9731448927612166
49bcee61ef71195157c8d427a8fc7ee0	d__Bacteria; p__Bacillota; c__Clostridia; o__Clostridia_UCG-014; f__Incertae_Sedis; g__Incertae_Sedis	0.9897072947405305
f01936d60a1cd7c819e42dc15e57e4a6	d__Bacteria; p__Bacillota; c__Clostridia; o__Lachnospirales; f__Lachnospiraceae; g__[Ruminococcus]_gauvreauii_group	0.7548196186251679
1723fd99281be01c2f739cad05e5ee67	d__Bacteria; p__Bacillota; c__Clostridia; o__Oscillospirales; f__Ruminococcaceae	0.9035629261194302
06b676098ecbd54b4fefb27c8e0fba4e	Unassigned	0.3385903427680724
bd558e3335c7dd8946a57eafab113a7b	d__Bacteria; p__Bacillota; c__Clostridia	0.9998402834151783
2d4ab78b9027aceb7e609665bb3e8dd2	d__Bacteria; p__Bacillota; c__Clostridia; o__Oscillospirales; f__Oscillospiraceae; g__Papillibacter	0.8694058185511239
f9ec589e36dbdec454f5d9fd1d1da835	d__Bacteria; p__Bacillota; c__Clostridia; o__Oscillospirales; f__Ruminococcaceae; g__Incertae_Sedis	0.9525404589427231
65d765be7a0cedf129dca903f35b0dba	d__Bacteria; p__Bacillota; c__Clostridia; o__Christensenellales; f__Christensenellaceae; g__Christensenellaceae_R-7_group	0.8007467214171343
9332e00d10a35dad99492937b75922e9	d__Bacteria; p__Bacillota; c__Bacilli; o__Erysipelotrichales; f__Erysipelotrichaceae; g__[Clostridium]_innocuum_group	0.9999942266328612
3088c81090dca3182cdec45d7b4af9e0	d__Bacteria; p__Bacillota; c__Clostridia; o__Lachnospirales; f__Lachnospiraceae; g__[Eubacterium]_eligens_group	0.9190442125314386
973de476c7912936c0fc93a009b478ed	d__Bacteria; p__Bacillota; c__Clostridia; o__Oscillospirales; f__[Eubacterium]_coprostanoligenes_group; g__Incertae_Sedis	0.9999984890937031
d2ddfa8b6c80aabef597786c08466b0f	d__Bacteria; p__Bacteroidota; c__Bacteroidia; o__Flavobacteriales; f__Flavobacteriaceae	0.7440624133665718
78de9b3b1064787e06f29138034d1cd4	Unassigned	0.41452373116958696
54544227cc8aa9b8364b707efc7eec30	d__Bacteria; p__Bacillota; c__Clostridia; o__Peptococcales; f__Peptococcaceae; g__Incertae_Sedis	0.9973691358378615
3817123c6fe4ba351112abb4716ff4b0	d__Bacteria; p__Actinomycetota; c__Actinobacteria; o__Actinomycetales; f__Actinomycetaceae; g__Schaalia	0.9999286386352961
8e8ee3b25d57f56a90600e709e0a5909	d__Bacteria; p__Bacillota; c__Clostridia; o__Peptostreptococcales-Tissierellales; f__Family_XI; g__Fenollaria	0.9999998910425406
5f32a3f2a467d0ac688ec669fe88c31d	d__Bacteria; p__Bacillota; c__Clostridia; o__Oscillospirales; f__Ruminococcaceae; g__Faecalibacterium	0.9990918845882697
e877bbb9673d822452852068833e8a91	d__Bacteria; p__Bacillota; c__Clostridia; o__Lachnospirales; f__Lachnospiraceae; g__Lachnospiraceae_UCG-004	0.9870159367267687
e71aa159b890d7bf0fb72b2336b42b4e	d__Bacteria; p__Bacillota; c__Bacilli; o__Erysipelotrichales; f__Erysipelotrichaceae; g__Dielma	0.9999992805388332
985bb281fbd7b847e6a26019f973cea3	d__Bacteria; p__Bacteroidota; c__Bacteroidia; o__Bacteroidales; f__Porphyromonadaceae; g__Porphyromonas	0.9989607176886331
b232014595ac419bc33ce80fed98cfee	d__Bacteria; p__Bacillota; c__Clostridia; o__Oscillospirales; f__UCG-010; g__Incertae_Sedis	0.9973588325636347
45e1d67d5d27120906b2cac23464ea97	d__Bacteria; p__Bacteroidota; c__Bacteroidia; o__Bacteroidales; f__Prevotellaceae; g__Prevotella	0.9998573088853747
6961f5b80452e8cba4668b2bb0de55a0	Unassigned	0.4157815374334244
697c35cde449e4a38152a1bf62021bfe	d__Bacteria; p__Bacillota; c__Bacilli; o__Bacillales; f__Bacillaceae; g__Weizmannia	0.999195805156345
68b3e07cd35941ffb91ebc736214866d	d__Bacteria; p__Bacteroidota; c__Bacteroidia; o__Bacteroidales; f__Prevotellaceae; g__Leyella	0.9999999931757344
52046303227589271a21ad26eb418b5c	Unassigned	0.3370706004617907
0a10be94a059c037efcef28dd263bdc5	d__Bacteria; p__Bacteroidota; c__Bacteroidia; o__Bacteroidales; f__Prevotellaceae; g__Segatella	0.9637396050588378
dd3729bd76e4bfbe1e386f7367dbde3c	d__Bacteria; p__Bacillota; c__Clostridia; o__Oscillospirales; f__Ruminococcaceae; g__CAG-352	0.9479694972539462
6737b718fecba9e18b26b50bf21ab54e	d__Bacteria; p__Bacillota; c__Clostridia; o__Christensenellales; f__Christensenellaceae	0.9800121318630641
d7ef0bfd3b83e638c01b0b21c7431c6c	d__Bacteria; p__Bacillota; c__Clostridia; o__Peptococcales; f__Peptococcaceae; g__Peptococcus	0.999998967378396
5c76509cb1fd04c0e672eab950b4ec83	d__Bacteria; p__Bacillota; c__Clostridia; o__Oscillospirales	0.9999839764656122
79ad13574bf4e81a9d6fdc216e5e2a3c	d__Bacteria; p__Bacillota; c__Bacilli; o__Lactobacillales; f__Lactobacillaceae; g__Ligilactobacillus	0.9997536831918378
bb2560c854c5608824ec5bb0aff789cb	d__Bacteria; p__Bacillota; c__Clostridia; o__Clostridiales; f__Clostridiaceae; g__Clostridium	0.8925450648705886
df3f8cdac76c62baa98469c33b82d8df	d__Bacteria; p__Pseudomonadota; c__Gammaproteobacteria; o__Enterobacterales; f__Morganellaceae; g__Morganella	0.9999995432543805
dcd68d8dbd3079c537dd403bc014b263	d__Bacteria; p__Bacillota; c__Clostridia; o__Oscillospirales; f__Ruminococcaceae; g__Incertae_Sedis	0.9824198543255613
cca22a273fa140d50cc3cdce9f539f73	d__Bacteria; p__Bacillota; c__Negativicutes; o__Veillonellales-Selenomonadales; f__Veillonellaceae; g__Megasphaera	0.9865130368551612
7fc9a30d3635acaabdf24b996567c83f	d__Bacteria; p__Bacillota; c__Clostridia; o__Lachnospirales; f__Lachnospiraceae; g__Lachnospiraceae_NK4A136_group	0.7911960345433301
689d2f46a8f26c3d0f93bbf041cddcdc	d__Bacteria; p__Bacillota; c__Bacilli; o__Lactobacillales; f__Lactobacillaceae; g__Weissella	0.9999999926432395
ed464f407264f6397c4496f5b3c4f867	d__Bacteria; p__Pseudomonadota; c__Gammaproteobacteria; o__Enterobacterales; f__Pasteurellaceae; g__Conservatibacter	0.8704289560086926
09e9a15b25b898fed336181257e7f98d	d__Bacteria; p__Pseudomonadota; c__Gammaproteobacteria; o__Enterobacterales; f__Enterobacteriaceae; g__Aquamonas	0.7602403769749837
4dd6ff3db4e8891de782c5105cd05501	d__Bacteria; p__Acidobacteriota; c__Vicinamibacteria; o__Vicinamibacterales; f__Incertae_Sedis; g__Incertae_Sedis	0.999831508158493
61f64d8de28f0bfcc9d62cb9698089aa	d__Bacteria; p__Bacillota; c__Clostridia; o__Lachnospirales; f__Lachnospiraceae; g__Anaerobutyricum	0.9998843871805572
62a24ce0a5caec02de67cfc9fdb5536a	d__Bacteria; p__Bacillota; c__Clostridia; o__Oscillospirales; f__Ruminococcaceae	0.9999693980217318
75f3c3c6bb288d58c28786cbd0d57e78	d__Bacteria; p__Bacillota; c__Clostridia; o__Oscillospirales; f__Ruminococcaceae; g__Incertae_Sedis	0.937508163845114
cd701184e4d4d5e3814fb98f52f7a80a	d__Bacteria; p__Bacillota; c__Bacilli; o__Erysipelotrichales; f__Erysipelotrichaceae; g__Dielma	0.9996499704000404
d35c978a5d8780ae9eead2774e38c1ae	d__Bacteria; p__Actinomycetota; c__Coriobacteriia; o__Coriobacteriales; f__Atopobiaceae; g__Coriobacteriaceae_UCG-002	0.9999998759482841
d740f9d5f7da96e3bb28cbd81298e0e3	d__Bacteria; p__Bacillota; c__Clostridia	0.8989065401477011
ebe303d53e6e6315cfaef3c569a12086	d__Bacteria; p__Bacillota; c__Clostridia	0.986541577989891
ad3f6b4072fd4f2284028b3eb8734115	d__Bacteria; p__Bacillota; c__Clostridia; o__Christensenellales; f__Christensenellaceae; g__Incertae_Sedis	0.9580597330929018
93651b1ee5aaf51f9cffed71ef509fd4	d__Bacteria; p__Bacillota; c__Clostridia; o__Monoglobales; f__Monoglobaceae; g__Monoglobus	0.9970597256112689
cc6548dbd37caa61e872dcf140658aaf	d__Bacteria; p__Bacillota; c__Clostridia; o__Peptostreptococcales-Tissierellales; f__Anaerovoracaceae	0.9999994004818471
48e537eafb87fc4de5d87b022bc3fa66	d__Bacteria; p__Bacteroidota; c__Bacteroidia; o__Bacteroidales; f__Porphyromonadaceae; g__Porphyromonas	0.9999977865584581
bce10daa820fcf4445794939e327b267	d__Bacteria; p__Bacillota; c__Bacilli; o__Erysipelotrichales; f__Erysipelotrichaceae; g__Amedibacillus	0.9993004018241403
cf8ae98023c40594699df21685a0244f	d__Bacteria; p__Bacillota; c__Clostridia; o__Oscillospirales; f__Ruminococcaceae; g__Caproiciproducens	0.8502287297640242
fc165433dccdc85d297df5c9ecee15aa	d__Bacteria; p__Bacillota; c__Clostridia; o__Clostridia_vadinBB60_group; f__Incertae_Sedis; g__Incertae_Sedis	0.9999994756065671
d37b268f622bff7f03ccedc5c1a9bd95	d__Bacteria; p__Bacillota; c__Bacilli; o__RF39; f__Incertae_Sedis; g__Incertae_Sedis	0.9999999827804374
96a317e0851dda6d26aef0287ff64290	d__Bacteria; p__Bacillota; c__Clostridia; o__Oscillospirales; f__Butyricicoccaceae; g__UCG-009	0.9025105932340577
9ecc87b753cbff99f87d07d3aaedf91d	d__Bacteria; p__Actinomycetota; c__Coriobacteriia; o__Coriobacteriales; f__Eggerthellaceae; g__Incertae_Sedis	0.9999999308614089
441c8f23acf14b848c9dea93e3b99b62	d__Bacteria; p__Bacillota; c__Clostridia; o__Oscillospirales; f__UCG-010; g__Incertae_Sedis	0.9937093732256466
149deda37fc6aacaa1aed9ce1bcb7f34	d__Bacteria; p__Bacillota; c__Clostridia; o__Christensenellales; f__Christensenellaceae; g__Christensenella	0.9993443846631279
446ec4331e4894b14be920825fc962a5	d__Bacteria; p__Bacillota; c__Clostridia; o__Peptostreptococcales-Tissierellales; f__Family_XI; g__Murdochiella	0.999999999998991
f4619130d639bc0b2b8722e675a3844e	d__Bacteria; p__Bacteroidota; c__Bacteroidia; o__Bacteroidales; f__Porphyromonadaceae; g__Porphyromonas	0.999996697336027
63b065370d2daae62e029d3e21a685d9	d__Bacteria; p__Bacillota; c__Clostridia; o__Oscillospirales; f__Oscillospiraceae; g__Papillibacter	0.8896516485191984
5609814ffcc467327beed8aeec2e9427	d__Bacteria; p__Bacillota; c__Clostridia; o__Lachnospirales; f__Lachnospiraceae; g__Lachnospiraceae_UCG-004	0.9241684994843574
4691d6a0fb74e31cff78636ddeff1c1e	d__Bacteria; p__Bacillota; c__Clostridia; o__Lachnospirales; f__Lachnospiraceae	0.9999663573663471
f00b4a27ae8203729dd1c469df800c86	d__Bacteria; p__Actinomycetota; c__Coriobacteriia; o__Coriobacteriales; f__Eggerthellaceae; g__Eggerthella	0.9999857773297451
46aaf5ecb5d9af62f4e7a2f881dc9b2e	d__Bacteria; p__Bacillota; c__Clostridia; o__Lachnospirales; f__Lachnospiraceae; g__Oribacterium	0.9989101102272061
c6cba56844220c2d02e3232cc26bad63	d__Bacteria; p__Bacillota; c__Clostridia; o__Lachnospirales; f__Defluviitaleaceae; g__Defluviitaleaceae_UCG-011	0.9999956629448522
3df77157a242066dfb4eb9c19062436a	d__Bacteria; p__Actinomycetota; c__Actinobacteria; o__Mycobacteriales; f__Corynebacteriaceae; g__Lawsonella	0.999999878351112
00e8bef7a9993fac9cc968915745ba50	d__Bacteria; p__Bacillota; c__Clostridia; o__Oscillospirales; f__UCG-010; g__Incertae_Sedis	0.9997060314177653
6e717057472dc8e2483bf6dff78a9cc3	d__Bacteria; p__Bacillota; c__Clostridia; o__Oscillospirales	0.9999995558010916
7b15c3bd0f23cb652c8f96bb85fbc464	d__Bacteria; p__Bacteroidota; c__Bacteroidia; o__Bacteroidales; f__Muribaculaceae; g__Incertae_Sedis	0.9999969565630792
6f76adcf335b92ace69da291512a6394	d__Bacteria; p__Bacillota; c__Clostridia; o__Lachnospirales; f__Lachnospiraceae; g__Blautia	0.731259332529549
01d629d8949bac2ab6ecd20a0ddabda2	d__Bacteria; p__Bacillota; c__Clostridia	0.9353139190774098
3fcd48167e4987f78bce5fdb0daf2fa4	d__Bacteria; p__Bacillota; c__Clostridia; o__Lachnospirales; f__Lachnospiraceae	0.9999792771428551
b3b766d9fa607e245ab79b5f978309de	d__Bacteria; p__Bacillota; c__Clostridia; o__Oscillospirales; f__Oscillospiraceae	0.8886396657063703
f76131a72e156b1848dc515a2fc94ecc	d__Bacteria; p__Bacillota; c__Clostridia; o__Lachnospirales; f__Lachnospiraceae; g__Lachnospiraceae_FCS020_group	0.9852012464211896
b41785b66908aa1550b52da98e9c8bc7	d__Bacteria; p__Campylobacterota; c__Campylobacteria; o__Campylobacterales; f__Helicobacteraceae; g__Helicobacter	0.999999567803621
202478ef2e1ce708f14c9c47a82b0f34	d__Bacteria; p__Bacillota; c__Clostridia; o__Oscillospirales; f__Ruminococcaceae; g__DTU089	0.9999998737138833
30528bcf09d9ae2bbb859af339987c12	d__Bacteria; p__Bacillota; c__Clostridia; o__Lachnospirales; f__Lachnospiraceae; g__Lachnospiraceae_UCG-004	0.9205362879294139
91921f7a6ab24360fac1f5bd471f9318	d__Bacteria; p__Bacillota; c__Clostridia; o__Oscillospirales; f__Oscillospiraceae; g__UCG-002	0.9950962035068524
9eee5b43fde3b540c4f309853e2e8796	d__Bacteria; p__Bacillota	0.999883817155355
a024055120303cdbf50ea0ff63c0ef7e	d__Bacteria; p__Bacillota; c__Clostridia; o__Lachnospirales; f__Lachnospiraceae	0.9989842582019683
d33a7ed5be02e13db5bf84198e9cc1a9	d__Bacteria; p__Campylobacterota; c__Campylobacteria; o__Campylobacterales; f__Arcobacteraceae; g__Arcobacter	0.9999999968738109
00532fa15b26ca168e03dc596b10ec84	d__Bacteria; p__Bacillota; c__Clostridia; o__Oscillospirales; f__Oscillospiraceae; g__NK4A214_group	0.9984832385512579
f4c533fac32a16999ff6c54149cf9c56	d__Bacteria; p__Bacteroidota; c__Bacteroidia; o__Bacteroidales; f__Tannerellaceae; g__Parabacteroides	0.9999725728746942
d18f617d20a5ca5d62824b93bfdc6b01	d__Bacteria; p__Bacillota; c__Clostridia	0.9999992054874816
847d9116fffb6d29d0581d9eee7e7193	d__Bacteria; p__Pseudomonadota; c__Alphaproteobacteria; o__Rickettsiales; f__Mitochondria; g__Incertae_Sedis	0.8372652239490405
b86b43943adaf1425dd563106f13e3f6	d__Bacteria; p__Bacillota; c__Clostridia; o__Peptostreptococcales-Tissierellales; f__Peptostreptococcaceae; g__Incertae_Sedis	0.8270738809791427
313e285907c4b425bec34c98c4680d26	d__Bacteria; p__Bacillota; c__Clostridia; o__Clostridiales; f__Clostridiaceae; g__Clostridium	0.9994368654020455
c9a4c77d3801558435dd78a60ddf8ccb	d__Bacteria; p__Bacillota; c__Bacilli; o__RF39; f__Incertae_Sedis; g__Incertae_Sedis	0.9999996221302755
086581f7af4764ef5f2a6354be7f0e63	d__Bacteria; p__Bacillota; c__Clostridia; o__Clostridia_vadinBB60_group; f__Incertae_Sedis; g__Incertae_Sedis	0.9853572780210225
0473f3b6ed89b7acb0a74b5ed0a38e15	d__Bacteria; p__Bacillota; c__Clostridia; o__Oscillospirales; f__Oscillospiraceae; g__UCG-002	0.9889720139694648
17a848eb2fc24cffcd8486a75eec0fd8	d__Bacteria; p__Bacillota; c__Clostridia; o__Lachnospirales; f__Lachnospiraceae; g__Coprococcus	0.9398576806170724
14dd209b092d32bb1dbd326ffb347189	d__Bacteria; p__Bacillota	0.9079588995103375
20faa0e4377bf1cba0f4139418d0226c	d__Bacteria; p__Bacillota; c__Clostridia	0.9367435704323716
9c060b778780773fb92c3c51ede0cab2	d__Bacteria; p__Bacillota; c__Clostridia; o__Lachnospirales; f__Lachnospiraceae; g__Lachnospiraceae_UCG-004	0.9853589706406463
63cb8a4baf615e5621733b11fc38560c	d__Bacteria; p__Pseudomonadota; c__Alphaproteobacteria; o__Rhodospirillales; f__Incertae_Sedis; g__Incertae_Sedis	0.9999920468710641
c0ad73dc37b89915613bc54ad2fe046a	d__Bacteria; p__Bacillota; c__Bacilli; o__Erysipelotrichales; f__Erysipelotrichaceae; g__Holdemanella	0.9999999564848433
d261d64b3218542c976346c0c5397fe2	d__Bacteria; p__Cyanobacteriota; c__Vampirivibrionia; o__Gastranaerophilales; f__Gastranaerophilaceae; g__Zag_111	0.9998894577214156
a9d0c0a408035ff43cc05ca58c2e2f88	d__Bacteria; p__Bacillota; c__Clostridia; o__Lachnospirales; f__Lachnospiraceae	0.8946537677088218
18b1d3b4814d7cd7b2ab274ac8e0c89a	d__Bacteria; p__Deinococcota; c__Deinococci; o__Deinococcales; f__Deinococcaceae; g__Deinococcus	0.9999999764612542
b09346777045dbfb57273630564fa582	d__Bacteria; p__Bacillota; c__Negativicutes; o__Veillonellales-Selenomonadales; f__Veillonellaceae; g__Allisonella	0.9999562919877696
3dbd4deb86d5f89cb8e030c1acbba7c8	d__Bacteria; p__Bacillota; c__Clostridia; o__Peptostreptococcales-Tissierellales; f__Anaerovoracaceae; g__Family_XIII_AD3011_group	0.9983520517235783
835ac9402e8a095a2432014a64a8dfed	d__Bacteria; p__Bacillota; c__Clostridia; o__Oscillospirales; f__Ruminococcaceae; g__Ruthenibacterium	0.999966361641148
8830c87b6a9b4ebe481f07989b5e94e2	d__Bacteria; p__Fusobacteriota; c__Fusobacteriia; o__Fusobacteriales; f__Fusobacteriaceae; g__Cetobacterium	0.7712285451028977
656eafb46f1656e0e6bf2c60211aa87d	d__Bacteria; p__Bacillota; c__Clostridia; o__Clostridia_vadinBB60_group; f__Incertae_Sedis; g__Incertae_Sedis	0.9999122823129512
ee95fc1d40bef81c476b3d30530d6416	d__Bacteria; p__Bacillota; c__Clostridia; o__Oscillospirales; f__Ruminococcaceae; g__Incertae_Sedis	0.9664288760645867
1673c8bb90c65529bb611373ae99fc5b	d__Bacteria; p__Bacillota; c__Clostridia; o__Lachnospirales; f__Lachnospiraceae; g__Tyzzerella	0.9998362044118128
1212d9f49681c6174c2141b69203c7f3	d__Bacteria; p__Bacteroidota; c__Bacteroidia; o__Bacteroidales; f__Marinifilaceae; g__Gabonibacter	0.9999999998309619
60f1db89b0fcb923c7a030314360b95a	d__Bacteria; p__Bacillota; c__Clostridia; o__Clostridia_vadinBB60_group; f__Incertae_Sedis; g__Incertae_Sedis	0.999998339355074
35ca17e74a48cb7a9a859ce4d3711baf	d__Bacteria; p__Bacillota; c__Clostridia; o__Lachnospirales; f__Lachnospiraceae	0.9601226893635313
5dee6b7ae2c4b82bde82ef3b6ed34027	d__Bacteria; p__Bacillota; c__Clostridia; o__Clostridia_vadinBB60_group; f__Incertae_Sedis; g__Incertae_Sedis	0.8176044212107738
fa41d32ae5f6894ad4cdd2afea9464b8	d__Bacteria; p__Bacillota; c__Clostridia; o__Lachnospirales; f__Lachnospiraceae; g__[Eubacterium]_oxidoreducens_group	0.9247462459542365
a5928ff8a5e38620d874d37babf44db7	d__Bacteria; p__Bacillota; c__Clostridia; o__Monoglobales; f__Monoglobaceae; g__Monoglobus	0.9999993855634455
e3f27442ec3c0dcdce8eb9456e45d964	d__Bacteria; p__Bacillota; c__Clostridia; o__Clostridiales; f__Clostridiaceae; g__Clostridium	0.9895411093206934
742bb91827a58433084ff034c8480e9d	d__Bacteria; p__Bacillota; c__Clostridia; o__Peptostreptococcales-Tissierellales; f__Family_XI; g__Anaerococcus	0.9999999999999858
5343630be191979309162538f33cb14d	d__Bacteria; p__Bacillota; c__Clostridia; o__Lachnospirales; f__Lachnospiraceae	0.999786163208112
a94d29cdd1f2abb37e1ed708f80a0481	d__Bacteria; p__Bacillota; c__Bacilli; o__Staphylococcales; f__Gemellaceae; g__Gemella	0.9994888235799463
d2aabb18bd9eb33ff3b128b15aeb5af7	d__Bacteria; p__Synergistota; c__Synergistia; o__Synergistales; f__Synergistaceae; g__Cloacibacillus	0.9999999997520206
c56a6c651afc990507e2c0b562f28782	d__Bacteria; p__Bacillota; c__Clostridia; o__Lachnospirales; f__Lachnospiraceae	0.9999916168313397
ecf8aa349e0893d9cb11ec42c0213364	d__Bacteria; p__Bacillota; c__Clostridia; o__Lachnospirales; f__Lachnospiraceae; g__Lachnospiraceae_FCS020_group	0.9959574895845227
e0fdbc7f687a7ea0cf13009c2e501197	d__Bacteria; p__Pseudomonadota; c__Alphaproteobacteria; o__Rhodospirillales; f__Incertae_Sedis; g__Incertae_Sedis	0.9999994964121715
c71c512035b6fee66b1770dcb1ab93f6	d__Bacteria; p__Bacillota; c__Clostridia; o__Lachnospirales; f__Lachnospiraceae; g__Incertae_Sedis	0.8058625017363276
691f802095f168a03cee2be2c126e0f0	d__Bacteria; p__Bacillota; c__Clostridia; o__Lachnospirales; f__Lachnospiraceae; g__Enterocloster	0.9301342620939178
38c285d883945dc60347e985348214c1	Unassigned	0.7899998636230453
aff2b93a1fa127d30633f6a3649cdb96	d__Bacteria; p__Bacillota; c__Clostridia; o__Clostridia_vadinBB60_group; f__Incertae_Sedis; g__Incertae_Sedis	0.9996778756306702
3a9d37d073bb87856d20409199fda5c0	d__Bacteria; p__Bacillota; c__Bacilli; o__Erysipelotrichales; f__Erysipelotrichaceae; g__Dielma	0.999999981741482
2c48978bae3377282a14f41b6e0f9fc2	d__Bacteria; p__Bacillota; c__Clostridia	0.9796616749842353
2079f9435d2c4d2c7b27a6ff0c230cf8	d__Bacteria; p__Bacillota; c__Clostridia; o__Oscillospirales; f__UCG-010; g__Incertae_Sedis	0.9999780658225423
54cc16f1293e7ffe3c4d57f684e35f27	d__Bacteria; p__Actinomycetota; c__Coriobacteriia; o__Coriobacteriales; f__Coriobacteriales_Incertae_Sedis; g__Incertae_Sedis	0.9999753058986263
5fb2178ddd313cd37f3080b1fedc96a9	d__Bacteria; p__Bacillota; c__Clostridia; o__Oscillospirales; f__Oscillospiraceae; g__Oscillibacter	0.7212712139739962
3e30ca9019302e552dad8340a8c2401b	d__Bacteria; p__Bacillota; c__Clostridia; o__Clostridiales; f__Clostridiaceae; g__Clostridium	0.9996032094936359
958752b2b2989c673ccd9baec6cbb3f0	d__Bacteria; p__Actinomycetota; c__Coriobacteriia; o__Coriobacteriales; f__Atopobiaceae; g__Lancefieldella	0.9998995124389267
7676d663e368d8fef85b5e155ee5981e	d__Bacteria; p__Bacillota; c__Clostridia; o__Oscillospirales; f__Oscillospiraceae; g__Pseudoflavonifractor	0.9826905635568104
556ae95a644687c4b119eedc7fafc4ea	d__Bacteria; p__Bacillota; c__Clostridia; o__Oscillospirales; f__Oscillospiraceae; g__UCG-002	0.9475444761772482
4dd8454f0043fab7247c74595fe3e8ae	d__Bacteria; p__Bacillota; c__Bacilli; o__Staphylococcales; f__Gemellaceae; g__Gemella	0.9999967618256411
137c8688e27ff402ff527e0eb7ec56f7	d__Bacteria; p__Bacillota; c__Bacilli; o__Erysipelotrichales; f__Erysipelotrichaceae; g__Holdemania	0.9999958860045338
cefd159138670c45f9de82789ecb668f	d__Eukaryota; p__Basidiomycota; c__Wallemiomycetes; o__Wallemiales; f__Incertae_Sedis; g__Wallemia	0.9999999999763389
08ebe73845d04f136d99834ce5b73ace	d__Bacteria; p__Bacillota; c__Clostridia; o__Peptococcales; f__Peptococcaceae; g__Peptococcus	0.9994910060098242
0772f34adf35de40160800a91fcb3d2e	d__Bacteria; p__Bacillota; c__Clostridia; o__Lachnospirales; f__Defluviitaleaceae; g__Defluviitaleaceae_UCG-011	0.9999867869772129
d284b92d7518959fe5d52aa45b687394	d__Bacteria; p__Pseudomonadota; c__Gammaproteobacteria; o__Pseudomonadales; f__Pseudomonadaceae; g__Pseudomonas	0.9988459167168765
d246a909dad68b68b0ae731196bd87a6	d__Bacteria; p__Bacillota; c__Clostridia	0.8332975690597457
bbcde0db9da2c641181fa78341d984b1	d__Bacteria; p__Bacillota; c__Clostridia; o__Oscillospirales; f__Ruminococcaceae	0.965027473323641
9835209694c52909e0b7f0a296fffcdd	d__Bacteria; p__Bacillota; c__Clostridia; o__Lachnospirales; f__Lachnospiraceae; g__Murimonas	0.7846171708722602
92ae272884c88aa3be9a5800f2836740	d__Bacteria; p__Thermodesulfobacteriota; c__Desulfovibrionia; o__Desulfovibrionales; f__Desulfovibrionaceae; g__Desulfovibrio	0.9999956281365099
d4fa98710b50c2324c7aa7c0a1d81d0d	d__Bacteria; p__Bacillota; c__Clostridia; o__Christensenellales; f__Christensenellaceae; g__Christensenellaceae_R-7_group	0.9907593326641534
358bbc7d036327073c4085d0e1dbd445	d__Bacteria	0.8780651499961079
2f85b04b761026dd432b89f2e5277b7c	d__Bacteria; p__Bacteroidota; c__Bacteroidia; o__Flavobacteriales	0.712434693904438
d4f6ec557316c62ca1ff286612db9705	d__Bacteria	0.9999974317140514
8652675b6d806e787e02e018743c212b	d__Bacteria; p__Bacteroidota; c__Bacteroidia; o__Bacteroidales; f__Rikenellaceae; g__Rikenellaceae_RC9_gut_group	0.999996776496468
da6044441471d2359927f2c3590ef55b	d__Bacteria; p__Bacillota; c__Clostridia; o__Oscillospirales; f__Oscillospiraceae; g__UCG-002	0.9995572816747954
6b3847dd104ac4de690ded3a359c67d6	d__Bacteria; p__Bacillota; c__Bacilli; o__Lactobacillales; f__Aerococcaceae; g__Atopobacter	0.7524771519813765
0ca5bf9647af0e21439c1fbcc452c25d	d__Bacteria; p__Campylobacterota; c__Campylobacteria; o__Campylobacterales; f__Helicobacteraceae; g__Helicobacter	0.9999980118928004
2768d8226b154f7f1bbe40690c4cb1f2	d__Bacteria; p__Bacillota; c__Clostridia; o__Christensenellales; f__Christensenellaceae; g__Christensenellaceae_R-7_group	0.934152615197729
fadf5699b25bc4bc53267990310cac43	d__Bacteria; p__Bacillota; c__Clostridia; o__Oscillospirales; f__Oscillospiraceae	0.8066477161497393
e8a4d52360cbfcb9bb3ee610d07c97d3	d__Bacteria; p__SAR324_clade(Marine_group_B); c__Incertae_Sedis; o__Incertae_Sedis; f__Incertae_Sedis; g__Candidatus_Nitrosoarchaeum	0.7633262750955777
6ffd6460db5385597887d18828c11ac3	d__Bacteria; p__Bacteroidota; c__Bacteroidia; o__Bacteroidales; f__Bacteroidaceae; g__Bacteroides	0.9999734788973034
863296cc8fb8754c6daffbb0eae9189f	d__Bacteria; p__Bacillota; c__Bacilli; o__Erysipelotrichales; f__Erysipelatoclostridiaceae; g__Kandleria	0.9943072779482002
ec6670f1af655ebb3a0e79e7e2bebd5a	d__Bacteria; p__Bacillota; c__Clostridia; o__Peptostreptococcales-Tissierellales; f__Incertae_Sedis; g__Incertae_Sedis	0.8797295574734301
2b8b62861012f56cb3cae13c0d5d966e	d__Bacteria; p__Bacillota; c__Bacilli; o__Erysipelotrichales; f__Erysipelotrichaceae; g__Faecalicoccus	0.9999981877336176
7b46d3b0bf3ea58f66da3a6f961759bc	d__Bacteria; p__Bacillota; c__Clostridia; o__Clostridiales; f__Clostridiaceae; g__Clostridium	0.9958207496720316
150eed42e6baae0b601457c303e8fc23	d__Bacteria; p__Bacillota; c__Clostridia; o__Oscillospirales; f__Ruminococcaceae; g__[Clostridium]_methylpentosum_group	0.922379136797599
4ecbfde34ffda743bbefa1cc9621f562	d__Bacteria; p__Bacillota; c__Clostridia; o__Lachnospirales; f__Lachnospiraceae	0.9979432023356898
043ce02da136ba5edaf45fd370d8a1f8	d__Bacteria; p__Pseudomonadota; c__Gammaproteobacteria; o__Enterobacterales; f__Enterobacteriaceae; g__Escherichia-Shigella	0.85299513526896
d4854374b70113498a0fa4233d56809e	d__Bacteria; p__Bacillota; c__Negativicutes; o__Veillonellales-Selenomonadales; f__Veillonellaceae; g__Megasphaera	0.9400285986082326
216ed7d400d264d649ca7f611d11402d	d__Bacteria; p__Bacillota; c__Clostridia; o__Christensenellales; f__Christensenellaceae; g__Christensenellaceae_R-7_group	0.9817386634459013
fa5d513ee3fbfe2baf1070092f61d19e	d__Bacteria; p__Bacteroidota; c__Bacteroidia; o__Bacteroidales; f__Bacteroidaceae; g__Bacteroides	0.999496886218138
a4dbf71f32a016e120fe6cf253dfa6c0	d__Bacteria; p__Bacteroidota; c__Bacteroidia; o__Bacteroidales; f__Dysgonomonadaceae; g__Dysgonomonas	0.9999992134844542
754d617b78a44c11e64266a7e3bc950d	d__Bacteria; p__Bacillota; c__Clostridia; o__Oscillospirales; f__Ruminococcaceae; g__Ruminococcus	0.9339481074147147
75a8551ef9d9eaf0cd3aa9a0c0fb7c0a	d__Bacteria; p__Bacillota; c__Clostridia; o__Clostridia_vadinBB60_group; f__Incertae_Sedis; g__Incertae_Sedis	0.9999978527733364
beeefce3f7aea90f41ec1f7f31710662	d__Bacteria; p__Bacillota; c__Clostridia; o__Oscillospirales; f__Ruminococcaceae	0.9802261524190214
5bb75e7d9925107bd70a7238333176c3	d__Bacteria; p__Bacillota; c__Clostridia	0.8623967559841387
504b94040bb47095ba427f9faa7d4773	d__Bacteria; p__Bacillota; c__Bacilli; o__Erysipelotrichales; f__Erysipelatoclostridiaceae; g__Massiliomicrobiota	0.9998742399899628
660f5e2d6da8a91e72d1f2c8cc2e89e0	d__Bacteria; p__Bacteroidota; c__Bacteroidia; o__Bacteroidales; f__Bacteroidaceae; g__Bacteroides	0.9711001794411604
e8ac12d6e92f91f475e8d896eb9e771b	d__Bacteria; p__Bacillota; c__Clostridia	0.9857429103056363
efacf315a330cca56d85ee43d9513808	d__Bacteria; p__Bacillota; c__Clostridia; o__Oscillospirales; f__Ruminococcaceae; g__Candidatus_Soleaferrea	0.7939155307463195
fe5c8d08e98f0867ef9b08483b6e5df1	d__Bacteria; p__Bacillota; c__Clostridia; o__Clostridia_vadinBB60_group; f__Incertae_Sedis; g__Incertae_Sedis	0.999995807801303
a6d762df9a4e4c5493fd47e2ea381dc0	d__Bacteria; p__Bacillota; c__Clostridia; o__Clostridia_vadinBB60_group; f__Incertae_Sedis; g__Incertae_Sedis	0.7853245845477186
11bb50b32e3ff3a8a2c3265fc056d327	d__Bacteria; p__Bacillota; c__Bacilli; o__Erysipelotrichales; f__Erysipelotrichaceae; g__Holdemanella	0.9999999999997016
712f0518e76bbef4c796011d60d8e9aa	d__Bacteria; p__Bacillota; c__Clostridia; o__Peptostreptococcales-Tissierellales; f__Family_XI; g__Peptoniphilus	0.9975795578217627
fc8a64882d99671af2f53bf32cf544bb	d__Bacteria; p__Bacillota; c__Clostridia; o__Peptococcales; f__Peptococcaceae; g__Peptococcus	0.999999999854154
f3cac486ad34144511deb96b29ded2c5	d__Bacteria; p__Bacteroidota; c__Bacteroidia; o__Bacteroidales; f__Prevotellaceae; g__Prevotellaceae_UCG-001	0.8651197675948525
596975dde88b8e80ccb97a26065e0b3e	d__Bacteria; p__Bacillota; c__Clostridia; o__Oscillospirales; f__UCG-010; g__Incertae_Sedis	0.9999962263526078
ec95d79d4528989d1e0809f23b3739f1	d__Bacteria; p__Bacteroidota; c__Bacteroidia; o__Bacteroidales; f__Prevotellaceae; g__Paraprevotella	0.999929400252989
ecc44c4f80d1bc69ad111ca412fe5e6c	d__Bacteria; p__Bacteroidota; c__Bacteroidia; o__Bacteroidales	0.9993105554550354
805dd3eecb63ed683a676ee4ec301849	d__Bacteria; p__Bacillota; c__Clostridia; o__Oscillospirales; f__Ruminococcaceae; g__Incertae_Sedis	0.9583245924349766
bc90f709267bedd2e41ef2de9d256bf7	d__Bacteria; p__Bacillota; c__Bacilli; o__Erysipelotrichales; f__Erysipelotrichaceae; g__Holdemania	0.9999999632137111
66304de05677203ef5ac63aa34fb7678	d__Bacteria; p__Pseudomonadota; c__Gammaproteobacteria; o__Enterobacterales; f__Enterobacteriaceae	0.8754401330213667
58ecc663b4b0173f350db9d8f7daa392	d__Bacteria; p__Bacillota; c__Clostridia; o__Lachnospirales; f__Lachnospiraceae; g__Lachnospiraceae_UCG-004	0.978315825944774
56d4491625a7505a0e1bfe9cdfbb2bf0	Unassigned	0.6276250672781444
cad23e9c3516617dafe60c1c69a8ba95	d__Bacteria; p__Bacillota; c__Clostridia; o__Christensenellales; f__Christensenellaceae; g__Incertae_Sedis	0.9997644426011623
fa1d5d724ccb4287e07ea1caa9d35502	d__Bacteria; p__Bacteroidota; c__Bacteroidia; o__Bacteroidales; f__Porphyromonadaceae; g__Porphyromonas	0.999996660028124
6e0bdd4b64390c56cdd86e17e358bbb0	d__Bacteria; p__Bacillota; c__Bacilli; o__Erysipelotrichales; f__Erysipelatoclostridiaceae; g__Incertae_Sedis	0.9999999986124806
bfd52e0de24eb9c43465d3c2ef24262c	d__Bacteria; p__Bacillota; c__Clostridia; o__Oscillospirales; f__Ruminococcaceae; g__Candidatus_Soleaferrea	0.9987962869810648
550bb09e86bc7d30f741018b86cd67e4	d__Bacteria; p__Bacillota; c__Clostridia	0.9997868096214724
9b1eb91207411be90e1f4983a674104c	d__Bacteria; p__Bacteroidota; c__Bacteroidia; o__Bacteroidales; f__Rikenellaceae; g__Alistipes	0.9989695741178581
423a781c1e504c8d0b96d88366faacfd	d__Bacteria; p__Verrucomicrobiota; c__Lentisphaeria; o__Victivallales; f__vadinBE97; g__Incertae_Sedis	0.999999999922025
857b407afa88a63dabec1c1185a4a07c	d__Bacteria; p__Bacillota; c__Clostridia; o__Christensenellales; f__Christensenellaceae; g__Incertae_Sedis	0.8975292418423122
92d08543de7fc1a2d04601fa85071dd3	d__Bacteria; p__Bacteroidota; c__Bacteroidia; o__Bacteroidales; f__Rikenellaceae; g__Alistipes	0.9999884681797362
12573f816226ba0610e3baa8b99bcf39	d__Bacteria	0.9998822661158231
3a3e562a61e57ea1ff4f24857a1e79da	d__Bacteria; p__Bacillota; c__Clostridia; o__Peptostreptococcales-Tissierellales; f__Family_XI; g__Peptoniphilus	0.9999998700559956
9a382464e563efa49cd595a4906b1829	d__Bacteria; p__Bacillota; c__Clostridia	0.9999999163892765
90b56798a9abd8360a79627ec3c332d3	d__Bacteria; p__Bacillota; c__Clostridia; o__Peptostreptococcales-Tissierellales; f__Family_XI; g__Peptoniphilus	0.9999999924883269
5a9681d40a9ed2c02ce450d565fdc0e7	d__Bacteria; p__Bacillota; c__Clostridia	0.9580716495202387
bd40a87c448fbc49e86d6c04948e469c	d__Bacteria; p__Pseudomonadota; c__Gammaproteobacteria; o__Burkholderiales; f__Neisseriaceae; g__Neisseria	0.9999532478229469
6e086c4336a4062e70ca39de5ed682b7	d__Bacteria; p__Bacillota; c__Bacilli; o__Erysipelotrichales; f__Erysipelotrichaceae; g__Bulleidia	0.9999998110166538
7b9181302cded5cf2c6ae658208d7b15	d__Bacteria	0.9999991119067435
1c3c7a0a966ae341fc1268c1586f6a67	d__Bacteria; p__Actinomycetota; c__Actinobacteria; o__Actinomycetales; f__Actinomycetaceae; g__Schaalia	0.9999704700933721
a13a8502aaf1b1a2900d5ef576028a19	d__Bacteria; p__Pseudomonadota; c__Alphaproteobacteria; o__Hyphomicrobiales; f__Beijerinckiaceae; g__Pseudochelatococcus	0.9999999219308678
e969af13e46aae66c39ac0314215d2bd	d__Bacteria; p__Bacillota; c__Clostridia; o__Clostridia_vadinBB60_group; f__Incertae_Sedis; g__Incertae_Sedis	0.9815350073644094
48f2172448ab6ebd799419b7315e7d55	d__Bacteria; p__Fusobacteriota; c__Fusobacteriia; o__Fusobacteriales; f__Leptotrichiaceae; g__Leptotrichia	0.9999998873857471
b9570a334377327a79e8dd2360702ecd	d__Bacteria; p__Bacillota; c__Clostridia; o__Christensenellales; f__Christensenellaceae; g__Incertae_Sedis	0.9979108285499676
b1c406e64a46d5d762c8fb62db324eeb	d__Bacteria; p__Pseudomonadota; c__Gammaproteobacteria; o__Enterobacterales; f__Pasteurellaceae; g__Haemophilus	0.8012283972445114
bd1842f2bc23e503fdbe9a6445ae12b9	d__Bacteria; p__Bacillota; c__Clostridia	0.9380222591924574
6b75bc354012ac56f5a28ed375df45d6	d__Bacteria; p__Bacillota; c__Clostridia; o__Clostridiales; f__Clostridiaceae; g__Clostridium	0.9784471000404694
636fb9f926a9012b9d99510e8da1799a	d__Bacteria; p__Bacillota; c__Thermoanaerobacteria; o__Thermoanaerobacterales; f__Family_III; g__Thermoanaerobacterium	0.9999999999002256
1d92749090eb7dcd9f20f8af88fbb805	d__Bacteria; p__Bacillota; c__Clostridia	0.9821688917542535
0c37889559c0dee431a017562ab23d24	d__Bacteria; p__Pseudomonadota; c__Gammaproteobacteria; o__Enterobacterales; f__Enterobacteriaceae	0.8733211882965094
0e28bccbca0fa96179e02053004ec7a6	d__Bacteria; p__Thermodesulfobacteriota; c__Desulfovibrionia; o__Desulfovibrionales; f__Desulfovibrionaceae; g__Incertae_Sedis	0.9999767978907865
f11736cdc2ccf4aefefe90fae6998773	d__Bacteria; p__Thermodesulfobacteriota; c__Desulfovibrionia; o__Desulfovibrionales; f__Desulfovibrionaceae	0.7602616109015563
706b5a24bdf59c63ae0a915650224d7b	d__Bacteria; p__Bacillota; c__Clostridia; o__Lachnospirales; f__Lachnospiraceae; g__Lachnospiraceae_UCG-004	0.9868831195051326
1ee6c0cdeb26c76d0649eb206350b3f2	d__Bacteria; p__Bacillota; c__Clostridia; o__Oscillospirales; f__Ruminococcaceae; g__Subdoligranulum	0.9605086140257081
15a7d8b5f80d86f08850e2620dea1746	d__Bacteria; p__Bacillota; c__Clostridia; o__Peptostreptococcales-Tissierellales; f__Family_XI; g__Ezakiella	0.9999999999983231
6193e2414cb3c22410a6d9abc7826ae7	d__Bacteria; p__Bacillota; c__Clostridia; o__Oscillospirales	0.9805919379694286
f7a5b80128b001df0f52bdad023aeb23	d__Bacteria; p__Bacteroidota; c__Bacteroidia; o__Bacteroidales; f__Prevotellaceae; g__Prevotella	0.9998773626433668
76e156b3a30880d3d701bb27478862ed	d__Bacteria; p__Bacteroidota; c__Bacteroidia; o__Bacteroidales; f__Bacteroidaceae; g__Bacteroides	0.973321231692422
a56c273c002748f71b16ee6d3598651e	d__Bacteria; p__Bacillota; c__Bacilli; o__Erysipelotrichales; f__Erysipelatoclostridiaceae; g__Thomasclavelia	0.9999996780411443
00b1f9a171942f3af27dba1a8c45c86e	d__Bacteria; p__Bacillota; c__Clostridia; o__Oscillospirales; f__[Eubacterium]_coprostanoligenes_group; g__Incertae_Sedis	0.999971977930536
ed80852658b56f4bdf38943a29a50725	d__Bacteria; p__Bacillota; c__Clostridia; o__Peptococcales; f__Peptococcaceae; g__Peptococcus	0.9999999990091908
bfdd414301f86b56664cf76f15006448	d__Bacteria; p__Bacillota; c__Clostridia	0.9957705764058387
0d5024a7e29b36dae68d43124a5f75e5	d__Bacteria; p__Bacillota; c__Clostridia; o__Christensenellales; f__Christensenellaceae; g__Christensenellaceae_R-7_group	0.8796529089175467
f0f279bb149b86bef9c3390b401b4cb6	d__Bacteria; p__Bacillota; c__Clostridia; o__Lachnospirales; f__Lachnospiraceae	0.999845941495921
9b2019a74cc5158c79b556be70e527fd	d__Bacteria; p__Bacillota; c__Clostridia; o__Oscillospirales; f__Ruminococcaceae; g__Angelakisella	0.960778715255395
25d3a5c43a436ae3ca04b0d2d8865864	d__Bacteria; p__Bacteroidota; c__Bacteroidia; o__Bacteroidales; f__Porphyromonadaceae; g__Porphyromonas	0.9996674392735678
efaa9b9979eec0022f599d49449c181d	d__Bacteria; p__Bacteroidota; c__Bacteroidia; o__Bacteroidales; f__Prevotellaceae; g__Leyella	0.9857331758036804
5ca85efe0688bce6246a7e2423d0a436	d__Bacteria; p__Bacillota; c__Clostridia; o__Clostridia_vadinBB60_group; f__Incertae_Sedis; g__Incertae_Sedis	0.9996735315345989
14d9a3c5627d226cd8f4af0d56e96bd1	d__Bacteria; p__Bacillota; c__Clostridia; o__Peptococcales; f__Peptococcaceae; g__Incertae_Sedis	0.9999760491523602
bd6c1f3611935a7c032200b7417af5aa	d__Bacteria; p__Bacillota; c__Clostridia; o__Clostridia_vadinBB60_group; f__Incertae_Sedis; g__Incertae_Sedis	0.9999987291895539
d0eb89f00cc5b1d19467c0f783f2abf2	d__Bacteria; p__Bacillota; c__Clostridia; o__Oscillospirales	0.9946138751694107
5a16ed634540e128a02ee54dfef1ce0a	d__Bacteria; p__Bacteroidota; c__Bacteroidia; o__Bacteroidales	0.8408273386363821
d3b6e09511f491e9c570e4626806f536	Unassigned	0.7818480568006081
c450f7f65c069e3d830047c267332006	d__Bacteria; p__Bacillota; c__Clostridia; o__Lachnospirales; f__Defluviitaleaceae; g__Defluviitaleaceae_UCG-011	0.9999953417192343
aac27a7c63b584b1f01e2b8266fe5d01	d__Bacteria; p__Verrucomicrobiota; c__Verrucomicrobiia; o__Opitutales; f__Puniceicoccaceae; g__Incertae_Sedis	0.9999997230457708
2c5ef5ac239d6680f391ccc75b0f7103	d__Bacteria; p__Bacillota; c__Clostridia; o__Peptococcales; f__Peptococcaceae; g__Incertae_Sedis	0.9998072342001469
c6b22c2e3274b10d3daa83ea501da1d0	d__Bacteria; p__Bacteroidota; c__Bacteroidia; o__Bacteroidales; f__Porphyromonadaceae; g__Porphyromonas	0.9971643038938536
6d5db137821bac630ec06a6aaf9eb055	d__Bacteria; p__Bacillota; c__Clostridia; o__Oscillospirales; f__Ruminococcaceae; g__Incertae_Sedis	0.903678918904894
6d1a69315638ae37cc0e81b34954fa94	d__Bacteria; p__Bacillota; c__Clostridia; o__Oscillospirales; f__UCG-010; g__Incertae_Sedis	0.9862681501528872
9aaac3c25e1ed223709690d8be59d9fa	d__Bacteria; p__Verrucomicrobiota; c__Lentisphaeria; o__Victivallales; f__Victivallaceae; g__Victivallis	0.9983121221866359
e4dc342bbc2506f5eb1264358aa32a59	d__Bacteria; p__Bacillota; c__Clostridia; o__Peptostreptococcales-Tissierellales; f__Anaerovoracaceae; g__Family_XIII_UCG-001	0.9996479435996742
7696986a6aaff60166f5aa47d67f02d8	d__Bacteria; p__Bacillota; c__Clostridia; o__Christensenellales; f__Christensenellaceae; g__Incertae_Sedis	0.9998575905504438
81a1e88c8e85192aecbcb517cb0bf1ba	d__Bacteria; p__Bacteroidota; c__Bacteroidia; o__Flavobacteriales; f__Weeksellaceae; g__Cloacibacterium	0.9998099877246446
59c4a678634e50b3fda861310820aadd	d__Bacteria; p__Actinomycetota; c__Actinobacteria; o__Micrococcales; f__Micrococcaceae; g__Micrococcus	0.9987924243623372
5a43386613ed96508bd79e6be39d4aa0	d__Eukaryota; p__Incertae_Sedis; c__Incertae_Sedis; o__Incertae_Sedis; f__Incertae_Sedis; g__Blastocystis	0.9999898801950206
5e151aa3f416a2fa6f0a1d8985282783	d__Bacteria; p__Bacillota; c__Clostridia; o__Peptostreptococcales-Tissierellales; f__Family_XI; g__Finegoldia	0.999999999942716
03ba8e39a94350187a49070bb764cdee	d__Bacteria; p__Bacillota; c__Bacilli; o__Lactobacillales; f__Enterococcaceae; g__Incertae_Sedis	0.9055421646100485
0d89d1c889720f8b5de527a5fe384273	d__Bacteria; p__Bacillota; c__Clostridia; o__Lachnospirales; f__Defluviitaleaceae; g__Defluviitaleaceae_UCG-011	0.999998512985411
85678bad4ac0bc788100eaffac08a585	d__Bacteria; p__Bacillota; c__Clostridia; o__Oscillospirales; f__UCG-010; g__Incertae_Sedis	0.9574119073403268
29ae8ab5c1e00b037018366964a1b662	d__Bacteria; p__Bacillota; c__Clostridia; o__Christensenellales; f__Christensenellaceae; g__Christensenellaceae_R-7_group	0.8558705449214602
569544d84ff9576ff864386f30cd7297	d__Bacteria; p__Bacillota; c__Clostridia; o__Lachnospirales; f__Lachnospiraceae; g__Lachnospiraceae_UCG-004	0.8209417953059924
b303d2f9261db82db5b7c8ecc257522b	d__Bacteria; p__Bacillota	0.9978411647192479
7d2c8cd79cd92147c5a61d078ba76032	d__Bacteria; p__Bacillota	0.7842980065509898
feb25ce582b38c9266f32d0f725b0364	d__Bacteria; p__Verrucomicrobiota; c__Lentisphaeria; o__Victivallales; f__vadinBE97; g__Incertae_Sedis	0.999999999978499
bd177801ef2ba5fced119c956ac874c9	d__Bacteria; p__Bacillota; c__Bacilli; o__RF39; f__Incertae_Sedis; g__Incertae_Sedis	0.9999999780678339
99235ff0d6cf56c5a3e30e8ce4735b2f	d__Bacteria; p__Bacillota; c__Clostridia; o__Lachnospirales; f__Lachnospiraceae; g__[Eubacterium]_oxidoreducens_group	0.818175889766245
9fd586337c45b024fce3e0fbc5c748ba	d__Eukaryota	0.8108675080475998
3c7827a8f5ccf8235f08d220e33268f5	d__Bacteria; p__Bacillota; c__Clostridia; o__Oscillospirales; f__Oscillospiraceae; g__Oscillibacter	0.9879060371441591
a7f0c327063014a9ff29fbb19247789a	d__Bacteria; p__Bacillota; c__Clostridia; o__Lachnospirales; f__Lachnospiraceae; g__Lachnospiraceae_UCG-004	0.8769528837898559
54af45b31348955b3e1fb5cb771e78ac	d__Bacteria; p__Bacillota; c__Clostridia; o__Oscillospirales; f__UCG-010; g__Incertae_Sedis	0.9999947539126783
604e9790d1085736c6686f51ca1e77fc	d__Bacteria; p__Bacillota; c__Clostridia; o__Lachnospirales; f__Lachnospiraceae; g__Lachnoanaerobaculum	0.9999996445603251
c7e1e2f42702ac4777ebd6bc308e0505	d__Bacteria; p__Bacillota; c__Clostridia; o__Oscillospirales; f__Ruminococcaceae; g__Incertae_Sedis	0.9486854193276302
087ab3a6a72ddc9263c7c301d49a79cd	d__Bacteria; p__Bacillota; c__Clostridia; o__Oscillospirales; f__Ruminococcaceae	0.9999455304751591
1557397e81cc00b38d2f0b37f56ad7bc	d__Bacteria; p__Bacillota; c__Bacilli; o__Erysipelotrichales; f__Erysipelotrichaceae; g__Holdemania	0.9999984470474438
6801f9e84e1a44af06abf9f44193cd70	d__Bacteria; p__Bacillota; c__Clostridia; o__Oscillospirales; f__[Eubacterium]_coprostanoligenes_group; g__Incertae_Sedis	0.9990391570324626
536cd8e0c747ef010ce669d9e6fd52a0	d__Bacteria; p__Bacillota; c__Clostridia; o__Clostridia_vadinBB60_group; f__Incertae_Sedis; g__Incertae_Sedis	0.9070602265128015
1c5299c49e290d54c61ac02e2e107da2	d__Bacteria; p__Bacillota; c__Clostridia; o__Peptostreptococcales-Tissierellales; f__Family_XI; g__Murdochiella	0.9999999772790746
d73c014c9a033812619aa44e9cae934f	d__Bacteria; p__Actinomycetota; c__Actinobacteria; o__Actinomycetales; f__Actinomycetaceae; g__Varibaculum	0.9999999999197939
6932bcfcba997bb72cfde89b6800a631	Unassigned	0.7497908588249189
0b9468d8ba1cc1c44a2af09de9207369	d__Bacteria; p__Bacillota; c__Clostridia; o__Lachnospirales; f__Lachnospiraceae; g__Murimonas	0.9851394246343067
53536aea19eb09f26280578322cf3891	d__Bacteria; p__Pseudomonadota; c__Alphaproteobacteria; o__Hyphomicrobiales; f__Devosiaceae; g__Devosia	0.8849080695422438
db9d277528170908e05296772763c6c2	d__Bacteria; p__Bacillota; c__Clostridia; o__Lachnospirales; f__Lachnospiraceae	0.9328800318574256
b61cdf344444e74d6e9f8c73296d9473	d__Bacteria; p__Bacillota; c__Clostridia; o__Lachnospirales; f__Lachnospiraceae; g__Lachnospiraceae_NC2004_group	0.9192047604052352
46e23b37bfaabae9c9e8f19b0ef30224	d__Bacteria; p__Bacillota; c__Clostridia; o__Lachnospirales; f__Lachnospiraceae; g__Lachnospiraceae_UCG-004	0.958273022873226
91b3aed2139d3ae0c5b238bd0aa712fd	d__Bacteria; p__Bacillota; c__Clostridia; o__Lachnospirales; f__Lachnospiraceae; g__[Acetivibrio]_ethanolgignens_group	0.9505143516998069
364506be6c9449c5f49eb48125651017	d__Bacteria; p__Bacteroidota; c__Bacteroidia; o__Bacteroidales; f__Muribaculaceae; g__Incertae_Sedis	0.9999957812282675
82e5394ec67e3ba38714f826fb0f61bb	d__Bacteria; p__Bacillota; c__Negativicutes; o__Acidaminococcales; f__Acidaminococcaceae; g__Acidaminococcus	0.8889231552594268
7a08a37eff6224b432a537907a0cec2c	d__Bacteria; p__Bacteroidota; c__Bacteroidia; o__Bacteroidales; f__Muribaculaceae; g__Muribaculum	0.9999924276483299
fa535291ed7d272ea9b741a4a4f3e6af	d__Bacteria; p__Bacillota; c__Clostridia; o__Monoglobales; f__Monoglobaceae; g__Monoglobus	0.7470318518234673
830c7f75e2a3d3fad24d23ff926b1c35	Unassigned	0.6880338751758148
02c394cc0f1ed5cb7a11a0bac2817f16	d__Bacteria	0.9582453782593462
fcf52a37ed440280ed20c09d2f4414c6	d__Bacteria; p__Bacillota; c__Clostridia; o__Peptococcales; f__Peptococcaceae; g__Peptococcus	0.9999860397274193
d2febbb1d083f01cf99e2d9b6e2da8a2	d__Bacteria; p__Bacillota; c__Clostridia; o__Eubacteriales; f__Eubacteriaceae; g__Pseudoramibacter	0.9999984588826374
194a4c7f38fb4fdb023aad1917e8feba	d__Bacteria; p__Bacillota; c__Clostridia; o__Oscillospirales; f__Ruminococcaceae	0.9776324456430342
037a29e02b3869580f26eb1ee864bee2	d__Bacteria; p__Deferribacterota; c__Deferribacteres; o__Deferribacterales; f__Deferribacteraceae; g__Mucispirillum	0.9999999999999716
28a90a69b12c4ac33e18e7faad2ccee6	d__Bacteria; p__Bacillota; c__Clostridia; o__Oscillospirales; f__UCG-010; g__Incertae_Sedis	0.9883125749179784
062fb17031b38661d8a2626e2e391940	d__Bacteria; p__Bacillota; c__Clostridia; o__Lachnospirales; f__Lachnospiraceae	0.8164979125530755
077d09c84f15a58bff58fbfeb36659e4	d__Bacteria; p__Bacillota; c__Clostridia; o__Lachnospirales; f__Lachnospiraceae	0.8116603215756748
cbabd9ca63a46304ce49d80b1998d33f	Unassigned	0.30363113163379185
fed5936aba0d51248052d37c6598ae18	d__Bacteria; p__Bacillota; c__Clostridia; o__Lachnospirales; f__Lachnospiraceae	0.9985839216447526
239b4f4f6c5fc459a1c95c4bf704de3c	d__Bacteria; p__Bacillota; c__Clostridia; o__Lachnospirales; f__Lachnospiraceae	0.9999981390426395
597721fbed32d8de17d94b5be3debc9e	d__Bacteria; p__Bacillota; c__Clostridia; o__Lachnospirales; f__Lachnospiraceae; g__Anaerostipes	0.9233053370139753
307af738be99a192b64dcbf6b62acb06	d__Bacteria; p__Bacillota; c__Clostridia; o__Christensenellales; f__Christensenellaceae; g__Christensenellaceae_R-7_group	0.9847191175677874
584591ed2365505b9d0a1af739fc6355	d__Bacteria; p__Pseudomonadota; c__Alphaproteobacteria; o__Rickettsiales; f__Mitochondria; g__Incertae_Sedis	0.9999999999796074
21c5af49979ecc916acef7f55776f2ad	Unassigned	0.32566842161018317
d74ee127e531bebc82e716feffefa2ce	d__Bacteria; p__Bacillota; c__Clostridia; o__Lachnospirales; f__Lachnospiraceae; g__Incertae_Sedis	0.9492124255674316
554b5b56303d5e0cc55783946188e55e	Unassigned	0.3141477164203863
b3798e0b560d24a6c8f079d1d285a2d7	d__Eukaryota	0.900463672541166
bcf55d5c4787b3c0c3227822c7fbf328	d__Bacteria; p__Bacteroidota; c__Bacteroidia; o__Bacteroidales; f__Muribaculaceae; g__Muribaculum	0.9999679680251689
8d6ede315b7c7c5e344fc5b6f8177503	d__Bacteria; p__Bacillota; c__Clostridia; o__Lachnospirales; f__Lachnospiraceae; g__Lachnospiraceae_UCG-008	0.8115871485877942
1b66b3e14e820db1e99f7d2a235efa15	d__Bacteria; p__Campylobacterota; c__Campylobacteria; o__Campylobacterales; f__Helicobacteraceae; g__Helicobacter	0.9999996084132107
77e9b540a7de9e456b477f80655c8dd1	d__Bacteria; p__Bacteroidota; c__Bacteroidia; o__Bacteroidales; f__Bacteroidaceae; g__Bacteroides	0.979310921726136
657a63f29df03f3e694171b45179fcb2	d__Bacteria; p__Bacteroidota; c__Bacteroidia; o__Bacteroidales; f__Prevotellaceae; g__Prevotellaceae_UCG-001	0.9999379523950026
ffe957debd140b52a2b5e2b1e66a5a00	d__Bacteria; p__Bacillota; c__Bacilli; o__Erysipelotrichales; f__Erysipelotrichaceae; g__[Clostridium]_innocuum_group	0.9999994635330456
5e4e095f7d8ed8b651258102ef545701	d__Bacteria; p__Bacteroidota; c__Bacteroidia; o__Bacteroidales; f__Prevotellaceae; g__Hoylesella	0.9941489384613056
2bebf6ad2da9b96b365ac934d3b18654	d__Bacteria; p__Bacillota; c__Clostridia; o__Peptostreptococcales-Tissierellales; f__Sedimentibacteraceae; g__Sedimentibacter	0.9999999910397008
